run,reference_step,step,key,layer,module,dtype,hash_changed,changed_element_fraction,mean_abs_delta,relative_l2_delta,max_abs_delta
bf16-native,10,10,base_model.model.model.layers.0.mlp.down_proj.lora_magnitude_vector,0,down_proj,BF16,False,0.0,0.0,0.0,0.0
bf16-native,10,50,base_model.model.model.layers.0.mlp.down_proj.lora_magnitude_vector,0,down_proj,BF16,False,0.0,0.0,0.0,0.0
bf16-native,10,100,base_model.model.model.layers.0.mlp.down_proj.lora_magnitude_vector,0,down_proj,BF16,False,0.0,0.0,0.0,0.0
bf16-native,10,200,base_model.model.model.layers.0.mlp.down_proj.lora_magnitude_vector,0,down_proj,BF16,False,0.0,0.0,0.0,0.0
bf16-native,10,500,base_model.model.model.layers.0.mlp.down_proj.lora_magnitude_vector,0,down_proj,BF16,False,0.0,0.0,0.0,0.0
bf16-native,10,1000,base_model.model.model.layers.0.mlp.down_proj.lora_magnitude_vector,0,down_proj,BF16,False,0.0,0.0,0.0,0.0
bf16-native,10,2000,base_model.model.model.layers.0.mlp.down_proj.lora_magnitude_vector,0,down_proj,BF16,False,0.0,0.0,0.0,0.0
bf16-native,10,10,base_model.model.model.layers.0.mlp.up_proj.lora_magnitude_vector,0,up_proj,BF16,False,0.0,0.0,0.0,0.0
bf16-native,10,50,base_model.model.model.layers.0.mlp.up_proj.lora_magnitude_vector,0,up_proj,BF16,False,0.0,0.0,0.0,0.0
bf16-native,10,100,base_model.model.model.layers.0.mlp.up_proj.lora_magnitude_vector,0,up_proj,BF16,False,0.0,0.0,0.0,0.0
bf16-native,10,200,base_model.model.model.layers.0.mlp.up_proj.lora_magnitude_vector,0,up_proj,BF16,False,0.0,0.0,0.0,0.0
bf16-native,10,500,base_model.model.model.layers.0.mlp.up_proj.lora_magnitude_vector,0,up_proj,BF16,False,0.0,0.0,0.0,0.0
bf16-native,10,1000,base_model.model.model.layers.0.mlp.up_proj.lora_magnitude_vector,0,up_proj,BF16,False,0.0,0.0,0.0,0.0
bf16-native,10,2000,base_model.model.model.layers.0.mlp.up_proj.lora_magnitude_vector,0,up_proj,BF16,False,0.0,0.0,0.0,0.0
bf16-native,10,10,base_model.model.model.layers.0.self_attn.k_proj.lora_magnitude_vector,0,k_proj,BF16,False,0.0,0.0,0.0,0.0
bf16-native,10,50,base_model.model.model.layers.0.self_attn.k_proj.lora_magnitude_vector,0,k_proj,BF16,False,0.0,0.0,0.0,0.0
bf16-native,10,100,base_model.model.model.layers.0.self_attn.k_proj.lora_magnitude_vector,0,k_proj,BF16,False,0.0,0.0,0.0,0.0
bf16-native,10,200,base_model.model.model.layers.0.self_attn.k_proj.lora_magnitude_vector,0,k_proj,BF16,False,0.0,0.0,0.0,0.0
bf16-native,10,500,base_model.model.model.layers.0.self_attn.k_proj.lora_magnitude_vector,0,k_proj,BF16,False,0.0,0.0,0.0,0.0
bf16-native,10,1000,base_model.model.model.layers.0.self_attn.k_proj.lora_magnitude_vector,0,k_proj,BF16,False,0.0,0.0,0.0,0.0
bf16-native,10,2000,base_model.model.model.layers.0.self_attn.k_proj.lora_magnitude_vector,0,k_proj,BF16,False,0.0,0.0,0.0,0.0
bf16-native,10,10,base_model.model.model.layers.0.self_attn.q_proj.lora_magnitude_vector,0,q_proj,BF16,False,0.0,0.0,0.0,0.0
bf16-native,10,50,base_model.model.model.layers.0.self_attn.q_proj.lora_magnitude_vector,0,q_proj,BF16,False,0.0,0.0,0.0,0.0
bf16-native,10,100,base_model.model.model.layers.0.self_attn.q_proj.lora_magnitude_vector,0,q_proj,BF16,False,0.0,0.0,0.0,0.0
bf16-native,10,200,base_model.model.model.layers.0.self_attn.q_proj.lora_magnitude_vector,0,q_proj,BF16,False,0.0,0.0,0.0,0.0
bf16-native,10,500,base_model.model.model.layers.0.self_attn.q_proj.lora_magnitude_vector,0,q_proj,BF16,False,0.0,0.0,0.0,0.0
bf16-native,10,1000,base_model.model.model.layers.0.self_attn.q_proj.lora_magnitude_vector,0,q_proj,BF16,False,0.0,0.0,0.0,0.0
bf16-native,10,2000,base_model.model.model.layers.0.self_attn.q_proj.lora_magnitude_vector,0,q_proj,BF16,False,0.0,0.0,0.0,0.0
bf16-native,10,10,base_model.model.model.layers.0.self_attn.v_proj.lora_magnitude_vector,0,v_proj,BF16,False,0.0,0.0,0.0,0.0
bf16-native,10,50,base_model.model.model.layers.0.self_attn.v_proj.lora_magnitude_vector,0,v_proj,BF16,False,0.0,0.0,0.0,0.0
bf16-native,10,100,base_model.model.model.layers.0.self_attn.v_proj.lora_magnitude_vector,0,v_proj,BF16,False,0.0,0.0,0.0,0.0
bf16-native,10,200,base_model.model.model.layers.0.self_attn.v_proj.lora_magnitude_vector,0,v_proj,BF16,False,0.0,0.0,0.0,0.0
bf16-native,10,500,base_model.model.model.layers.0.self_attn.v_proj.lora_magnitude_vector,0,v_proj,BF16,False,0.0,0.0,0.0,0.0
bf16-native,10,1000,base_model.model.model.layers.0.self_attn.v_proj.lora_magnitude_vector,0,v_proj,BF16,False,0.0,0.0,0.0,0.0
bf16-native,10,2000,base_model.model.model.layers.0.self_attn.v_proj.lora_magnitude_vector,0,v_proj,BF16,False,0.0,0.0,0.0,0.0
bf16-native,10,10,base_model.model.model.layers.1.mlp.down_proj.lora_magnitude_vector,1,down_proj,BF16,False,0.0,0.0,0.0,0.0
bf16-native,10,50,base_model.model.model.layers.1.mlp.down_proj.lora_magnitude_vector,1,down_proj,BF16,False,0.0,0.0,0.0,0.0
bf16-native,10,100,base_model.model.model.layers.1.mlp.down_proj.lora_magnitude_vector,1,down_proj,BF16,False,0.0,0.0,0.0,0.0
bf16-native,10,200,base_model.model.model.layers.1.mlp.down_proj.lora_magnitude_vector,1,down_proj,BF16,False,0.0,0.0,0.0,0.0
bf16-native,10,500,base_model.model.model.layers.1.mlp.down_proj.lora_magnitude_vector,1,down_proj,BF16,False,0.0,0.0,0.0,0.0
bf16-native,10,1000,base_model.model.model.layers.1.mlp.down_proj.lora_magnitude_vector,1,down_proj,BF16,False,0.0,0.0,0.0,0.0
bf16-native,10,2000,base_model.model.model.layers.1.mlp.down_proj.lora_magnitude_vector,1,down_proj,BF16,False,0.0,0.0,0.0,0.0
bf16-native,10,10,base_model.model.model.layers.1.mlp.up_proj.lora_magnitude_vector,1,up_proj,BF16,False,0.0,0.0,0.0,0.0
bf16-native,10,50,base_model.model.model.layers.1.mlp.up_proj.lora_magnitude_vector,1,up_proj,BF16,False,0.0,0.0,0.0,0.0
bf16-native,10,100,base_model.model.model.layers.1.mlp.up_proj.lora_magnitude_vector,1,up_proj,BF16,False,0.0,0.0,0.0,0.0
bf16-native,10,200,base_model.model.model.layers.1.mlp.up_proj.lora_magnitude_vector,1,up_proj,BF16,False,0.0,0.0,0.0,0.0
bf16-native,10,500,base_model.model.model.layers.1.mlp.up_proj.lora_magnitude_vector,1,up_proj,BF16,False,0.0,0.0,0.0,0.0
bf16-native,10,1000,base_model.model.model.layers.1.mlp.up_proj.lora_magnitude_vector,1,up_proj,BF16,False,0.0,0.0,0.0,0.0
bf16-native,10,2000,base_model.model.model.layers.1.mlp.up_proj.lora_magnitude_vector,1,up_proj,BF16,False,0.0,0.0,0.0,0.0
bf16-native,10,10,base_model.model.model.layers.1.self_attn.k_proj.lora_magnitude_vector,1,k_proj,BF16,False,0.0,0.0,0.0,0.0
bf16-native,10,50,base_model.model.model.layers.1.self_attn.k_proj.lora_magnitude_vector,1,k_proj,BF16,False,0.0,0.0,0.0,0.0
bf16-native,10,100,base_model.model.model.layers.1.self_attn.k_proj.lora_magnitude_vector,1,k_proj,BF16,False,0.0,0.0,0.0,0.0
bf16-native,10,200,base_model.model.model.layers.1.self_attn.k_proj.lora_magnitude_vector,1,k_proj,BF16,False,0.0,0.0,0.0,0.0
bf16-native,10,500,base_model.model.model.layers.1.self_attn.k_proj.lora_magnitude_vector,1,k_proj,BF16,False,0.0,0.0,0.0,0.0
bf16-native,10,1000,base_model.model.model.layers.1.self_attn.k_proj.lora_magnitude_vector,1,k_proj,BF16,False,0.0,0.0,0.0,0.0
bf16-native,10,2000,base_model.model.model.layers.1.self_attn.k_proj.lora_magnitude_vector,1,k_proj,BF16,False,0.0,0.0,0.0,0.0
bf16-native,10,10,base_model.model.model.layers.1.self_attn.q_proj.lora_magnitude_vector,1,q_proj,BF16,False,0.0,0.0,0.0,0.0
bf16-native,10,50,base_model.model.model.layers.1.self_attn.q_proj.lora_magnitude_vector,1,q_proj,BF16,False,0.0,0.0,0.0,0.0
bf16-native,10,100,base_model.model.model.layers.1.self_attn.q_proj.lora_magnitude_vector,1,q_proj,BF16,False,0.0,0.0,0.0,0.0
bf16-native,10,200,base_model.model.model.layers.1.self_attn.q_proj.lora_magnitude_vector,1,q_proj,BF16,False,0.0,0.0,0.0,0.0
bf16-native,10,500,base_model.model.model.layers.1.self_attn.q_proj.lora_magnitude_vector,1,q_proj,BF16,False,0.0,0.0,0.0,0.0
bf16-native,10,1000,base_model.model.model.layers.1.self_attn.q_proj.lora_magnitude_vector,1,q_proj,BF16,False,0.0,0.0,0.0,0.0
bf16-native,10,2000,base_model.model.model.layers.1.self_attn.q_proj.lora_magnitude_vector,1,q_proj,BF16,False,0.0,0.0,0.0,0.0
bf16-native,10,10,base_model.model.model.layers.1.self_attn.v_proj.lora_magnitude_vector,1,v_proj,BF16,False,0.0,0.0,0.0,0.0
bf16-native,10,50,base_model.model.model.layers.1.self_attn.v_proj.lora_magnitude_vector,1,v_proj,BF16,False,0.0,0.0,0.0,0.0
bf16-native,10,100,base_model.model.model.layers.1.self_attn.v_proj.lora_magnitude_vector,1,v_proj,BF16,False,0.0,0.0,0.0,0.0
bf16-native,10,200,base_model.model.model.layers.1.self_attn.v_proj.lora_magnitude_vector,1,v_proj,BF16,False,0.0,0.0,0.0,0.0
bf16-native,10,500,base_model.model.model.layers.1.self_attn.v_proj.lora_magnitude_vector,1,v_proj,BF16,False,0.0,0.0,0.0,0.0
bf16-native,10,1000,base_model.model.model.layers.1.self_attn.v_proj.lora_magnitude_vector,1,v_proj,BF16,False,0.0,0.0,0.0,0.0
bf16-native,10,2000,base_model.model.model.layers.1.self_attn.v_proj.lora_magnitude_vector,1,v_proj,BF16,False,0.0,0.0,0.0,0.0
bf16-native,10,10,base_model.model.model.layers.10.mlp.down_proj.lora_magnitude_vector,10,down_proj,BF16,False,0.0,0.0,0.0,0.0
bf16-native,10,50,base_model.model.model.layers.10.mlp.down_proj.lora_magnitude_vector,10,down_proj,BF16,False,0.0,0.0,0.0,0.0
bf16-native,10,100,base_model.model.model.layers.10.mlp.down_proj.lora_magnitude_vector,10,down_proj,BF16,False,0.0,0.0,0.0,0.0
bf16-native,10,200,base_model.model.model.layers.10.mlp.down_proj.lora_magnitude_vector,10,down_proj,BF16,False,0.0,0.0,0.0,0.0
bf16-native,10,500,base_model.model.model.layers.10.mlp.down_proj.lora_magnitude_vector,10,down_proj,BF16,False,0.0,0.0,0.0,0.0
bf16-native,10,1000,base_model.model.model.layers.10.mlp.down_proj.lora_magnitude_vector,10,down_proj,BF16,False,0.0,0.0,0.0,0.0
bf16-native,10,2000,base_model.model.model.layers.10.mlp.down_proj.lora_magnitude_vector,10,down_proj,BF16,False,0.0,0.0,0.0,0.0
bf16-native,10,10,base_model.model.model.layers.10.mlp.up_proj.lora_magnitude_vector,10,up_proj,BF16,False,0.0,0.0,0.0,0.0
bf16-native,10,50,base_model.model.model.layers.10.mlp.up_proj.lora_magnitude_vector,10,up_proj,BF16,False,0.0,0.0,0.0,0.0
bf16-native,10,100,base_model.model.model.layers.10.mlp.up_proj.lora_magnitude_vector,10,up_proj,BF16,False,0.0,0.0,0.0,0.0
bf16-native,10,200,base_model.model.model.layers.10.mlp.up_proj.lora_magnitude_vector,10,up_proj,BF16,False,0.0,0.0,0.0,0.0
bf16-native,10,500,base_model.model.model.layers.10.mlp.up_proj.lora_magnitude_vector,10,up_proj,BF16,False,0.0,0.0,0.0,0.0
bf16-native,10,1000,base_model.model.model.layers.10.mlp.up_proj.lora_magnitude_vector,10,up_proj,BF16,False,0.0,0.0,0.0,0.0
bf16-native,10,2000,base_model.model.model.layers.10.mlp.up_proj.lora_magnitude_vector,10,up_proj,BF16,False,0.0,0.0,0.0,0.0
bf16-native,10,10,base_model.model.model.layers.10.self_attn.k_proj.lora_magnitude_vector,10,k_proj,BF16,False,0.0,0.0,0.0,0.0
bf16-native,10,50,base_model.model.model.layers.10.self_attn.k_proj.lora_magnitude_vector,10,k_proj,BF16,False,0.0,0.0,0.0,0.0
bf16-native,10,100,base_model.model.model.layers.10.self_attn.k_proj.lora_magnitude_vector,10,k_proj,BF16,False,0.0,0.0,0.0,0.0
bf16-native,10,200,base_model.model.model.layers.10.self_attn.k_proj.lora_magnitude_vector,10,k_proj,BF16,False,0.0,0.0,0.0,0.0
bf16-native,10,500,base_model.model.model.layers.10.self_attn.k_proj.lora_magnitude_vector,10,k_proj,BF16,False,0.0,0.0,0.0,0.0
bf16-native,10,1000,base_model.model.model.layers.10.self_attn.k_proj.lora_magnitude_vector,10,k_proj,BF16,False,0.0,0.0,0.0,0.0
bf16-native,10,2000,base_model.model.model.layers.10.self_attn.k_proj.lora_magnitude_vector,10,k_proj,BF16,False,0.0,0.0,0.0,0.0
bf16-native,10,10,base_model.model.model.layers.10.self_attn.q_proj.lora_magnitude_vector,10,q_proj,BF16,False,0.0,0.0,0.0,0.0
bf16-native,10,50,base_model.model.model.layers.10.self_attn.q_proj.lora_magnitude_vector,10,q_proj,BF16,False,0.0,0.0,0.0,0.0
bf16-native,10,100,base_model.model.model.layers.10.self_attn.q_proj.lora_magnitude_vector,10,q_proj,BF16,False,0.0,0.0,0.0,0.0
bf16-native,10,200,base_model.model.model.layers.10.self_attn.q_proj.lora_magnitude_vector,10,q_proj,BF16,False,0.0,0.0,0.0,0.0
bf16-native,10,500,base_model.model.model.layers.10.self_attn.q_proj.lora_magnitude_vector,10,q_proj,BF16,False,0.0,0.0,0.0,0.0
bf16-native,10,1000,base_model.model.model.layers.10.self_attn.q_proj.lora_magnitude_vector,10,q_proj,BF16,False,0.0,0.0,0.0,0.0
bf16-native,10,2000,base_model.model.model.layers.10.self_attn.q_proj.lora_magnitude_vector,10,q_proj,BF16,False,0.0,0.0,0.0,0.0
bf16-native,10,10,base_model.model.model.layers.10.self_attn.v_proj.lora_magnitude_vector,10,v_proj,BF16,False,0.0,0.0,0.0,0.0
bf16-native,10,50,base_model.model.model.layers.10.self_attn.v_proj.lora_magnitude_vector,10,v_proj,BF16,False,0.0,0.0,0.0,0.0
bf16-native,10,100,base_model.model.model.layers.10.self_attn.v_proj.lora_magnitude_vector,10,v_proj,BF16,False,0.0,0.0,0.0,0.0
bf16-native,10,200,base_model.model.model.layers.10.self_attn.v_proj.lora_magnitude_vector,10,v_proj,BF16,False,0.0,0.0,0.0,0.0
bf16-native,10,500,base_model.model.model.layers.10.self_attn.v_proj.lora_magnitude_vector,10,v_proj,BF16,False,0.0,0.0,0.0,0.0
bf16-native,10,1000,base_model.model.model.layers.10.self_attn.v_proj.lora_magnitude_vector,10,v_proj,BF16,False,0.0,0.0,0.0,0.0
bf16-native,10,2000,base_model.model.model.layers.10.self_attn.v_proj.lora_magnitude_vector,10,v_proj,BF16,False,0.0,0.0,0.0,0.0
bf16-native,10,10,base_model.model.model.layers.11.mlp.down_proj.lora_magnitude_vector,11,down_proj,BF16,False,0.0,0.0,0.0,0.0
bf16-native,10,50,base_model.model.model.layers.11.mlp.down_proj.lora_magnitude_vector,11,down_proj,BF16,False,0.0,0.0,0.0,0.0
bf16-native,10,100,base_model.model.model.layers.11.mlp.down_proj.lora_magnitude_vector,11,down_proj,BF16,False,0.0,0.0,0.0,0.0
bf16-native,10,200,base_model.model.model.layers.11.mlp.down_proj.lora_magnitude_vector,11,down_proj,BF16,False,0.0,0.0,0.0,0.0
bf16-native,10,500,base_model.model.model.layers.11.mlp.down_proj.lora_magnitude_vector,11,down_proj,BF16,False,0.0,0.0,0.0,0.0
bf16-native,10,1000,base_model.model.model.layers.11.mlp.down_proj.lora_magnitude_vector,11,down_proj,BF16,False,0.0,0.0,0.0,0.0
bf16-native,10,2000,base_model.model.model.layers.11.mlp.down_proj.lora_magnitude_vector,11,down_proj,BF16,False,0.0,0.0,0.0,0.0
bf16-native,10,10,base_model.model.model.layers.11.mlp.up_proj.lora_magnitude_vector,11,up_proj,BF16,False,0.0,0.0,0.0,0.0
bf16-native,10,50,base_model.model.model.layers.11.mlp.up_proj.lora_magnitude_vector,11,up_proj,BF16,False,0.0,0.0,0.0,0.0
bf16-native,10,100,base_model.model.model.layers.11.mlp.up_proj.lora_magnitude_vector,11,up_proj,BF16,False,0.0,0.0,0.0,0.0
bf16-native,10,200,base_model.model.model.layers.11.mlp.up_proj.lora_magnitude_vector,11,up_proj,BF16,False,0.0,0.0,0.0,0.0
bf16-native,10,500,base_model.model.model.layers.11.mlp.up_proj.lora_magnitude_vector,11,up_proj,BF16,False,0.0,0.0,0.0,0.0
bf16-native,10,1000,base_model.model.model.layers.11.mlp.up_proj.lora_magnitude_vector,11,up_proj,BF16,False,0.0,0.0,0.0,0.0
bf16-native,10,2000,base_model.model.model.layers.11.mlp.up_proj.lora_magnitude_vector,11,up_proj,BF16,False,0.0,0.0,0.0,0.0
bf16-native,10,10,base_model.model.model.layers.11.self_attn.k_proj.lora_magnitude_vector,11,k_proj,BF16,False,0.0,0.0,0.0,0.0
bf16-native,10,50,base_model.model.model.layers.11.self_attn.k_proj.lora_magnitude_vector,11,k_proj,BF16,False,0.0,0.0,0.0,0.0
bf16-native,10,100,base_model.model.model.layers.11.self_attn.k_proj.lora_magnitude_vector,11,k_proj,BF16,False,0.0,0.0,0.0,0.0
bf16-native,10,200,base_model.model.model.layers.11.self_attn.k_proj.lora_magnitude_vector,11,k_proj,BF16,False,0.0,0.0,0.0,0.0
bf16-native,10,500,base_model.model.model.layers.11.self_attn.k_proj.lora_magnitude_vector,11,k_proj,BF16,False,0.0,0.0,0.0,0.0
bf16-native,10,1000,base_model.model.model.layers.11.self_attn.k_proj.lora_magnitude_vector,11,k_proj,BF16,False,0.0,0.0,0.0,0.0
bf16-native,10,2000,base_model.model.model.layers.11.self_attn.k_proj.lora_magnitude_vector,11,k_proj,BF16,False,0.0,0.0,0.0,0.0
bf16-native,10,10,base_model.model.model.layers.11.self_attn.q_proj.lora_magnitude_vector,11,q_proj,BF16,False,0.0,0.0,0.0,0.0
bf16-native,10,50,base_model.model.model.layers.11.self_attn.q_proj.lora_magnitude_vector,11,q_proj,BF16,False,0.0,0.0,0.0,0.0
bf16-native,10,100,base_model.model.model.layers.11.self_attn.q_proj.lora_magnitude_vector,11,q_proj,BF16,False,0.0,0.0,0.0,0.0
bf16-native,10,200,base_model.model.model.layers.11.self_attn.q_proj.lora_magnitude_vector,11,q_proj,BF16,False,0.0,0.0,0.0,0.0
bf16-native,10,500,base_model.model.model.layers.11.self_attn.q_proj.lora_magnitude_vector,11,q_proj,BF16,False,0.0,0.0,0.0,0.0
bf16-native,10,1000,base_model.model.model.layers.11.self_attn.q_proj.lora_magnitude_vector,11,q_proj,BF16,False,0.0,0.0,0.0,0.0
bf16-native,10,2000,base_model.model.model.layers.11.self_attn.q_proj.lora_magnitude_vector,11,q_proj,BF16,False,0.0,0.0,0.0,0.0
bf16-native,10,10,base_model.model.model.layers.11.self_attn.v_proj.lora_magnitude_vector,11,v_proj,BF16,False,0.0,0.0,0.0,0.0
bf16-native,10,50,base_model.model.model.layers.11.self_attn.v_proj.lora_magnitude_vector,11,v_proj,BF16,False,0.0,0.0,0.0,0.0
bf16-native,10,100,base_model.model.model.layers.11.self_attn.v_proj.lora_magnitude_vector,11,v_proj,BF16,False,0.0,0.0,0.0,0.0
bf16-native,10,200,base_model.model.model.layers.11.self_attn.v_proj.lora_magnitude_vector,11,v_proj,BF16,False,0.0,0.0,0.0,0.0
bf16-native,10,500,base_model.model.model.layers.11.self_attn.v_proj.lora_magnitude_vector,11,v_proj,BF16,False,0.0,0.0,0.0,0.0
bf16-native,10,1000,base_model.model.model.layers.11.self_attn.v_proj.lora_magnitude_vector,11,v_proj,BF16,False,0.0,0.0,0.0,0.0
bf16-native,10,2000,base_model.model.model.layers.11.self_attn.v_proj.lora_magnitude_vector,11,v_proj,BF16,False,0.0,0.0,0.0,0.0
bf16-native,10,10,base_model.model.model.layers.12.mlp.down_proj.lora_magnitude_vector,12,down_proj,BF16,False,0.0,0.0,0.0,0.0
bf16-native,10,50,base_model.model.model.layers.12.mlp.down_proj.lora_magnitude_vector,12,down_proj,BF16,False,0.0,0.0,0.0,0.0
bf16-native,10,100,base_model.model.model.layers.12.mlp.down_proj.lora_magnitude_vector,12,down_proj,BF16,False,0.0,0.0,0.0,0.0
bf16-native,10,200,base_model.model.model.layers.12.mlp.down_proj.lora_magnitude_vector,12,down_proj,BF16,False,0.0,0.0,0.0,0.0
bf16-native,10,500,base_model.model.model.layers.12.mlp.down_proj.lora_magnitude_vector,12,down_proj,BF16,False,0.0,0.0,0.0,0.0
bf16-native,10,1000,base_model.model.model.layers.12.mlp.down_proj.lora_magnitude_vector,12,down_proj,BF16,False,0.0,0.0,0.0,0.0
bf16-native,10,2000,base_model.model.model.layers.12.mlp.down_proj.lora_magnitude_vector,12,down_proj,BF16,False,0.0,0.0,0.0,0.0
bf16-native,10,10,base_model.model.model.layers.12.mlp.up_proj.lora_magnitude_vector,12,up_proj,BF16,False,0.0,0.0,0.0,0.0
bf16-native,10,50,base_model.model.model.layers.12.mlp.up_proj.lora_magnitude_vector,12,up_proj,BF16,False,0.0,0.0,0.0,0.0
bf16-native,10,100,base_model.model.model.layers.12.mlp.up_proj.lora_magnitude_vector,12,up_proj,BF16,False,0.0,0.0,0.0,0.0
bf16-native,10,200,base_model.model.model.layers.12.mlp.up_proj.lora_magnitude_vector,12,up_proj,BF16,False,0.0,0.0,0.0,0.0
bf16-native,10,500,base_model.model.model.layers.12.mlp.up_proj.lora_magnitude_vector,12,up_proj,BF16,False,0.0,0.0,0.0,0.0
bf16-native,10,1000,base_model.model.model.layers.12.mlp.up_proj.lora_magnitude_vector,12,up_proj,BF16,False,0.0,0.0,0.0,0.0
bf16-native,10,2000,base_model.model.model.layers.12.mlp.up_proj.lora_magnitude_vector,12,up_proj,BF16,False,0.0,0.0,0.0,0.0
bf16-native,10,10,base_model.model.model.layers.12.self_attn.k_proj.lora_magnitude_vector,12,k_proj,BF16,False,0.0,0.0,0.0,0.0
bf16-native,10,50,base_model.model.model.layers.12.self_attn.k_proj.lora_magnitude_vector,12,k_proj,BF16,False,0.0,0.0,0.0,0.0
bf16-native,10,100,base_model.model.model.layers.12.self_attn.k_proj.lora_magnitude_vector,12,k_proj,BF16,False,0.0,0.0,0.0,0.0
bf16-native,10,200,base_model.model.model.layers.12.self_attn.k_proj.lora_magnitude_vector,12,k_proj,BF16,False,0.0,0.0,0.0,0.0
bf16-native,10,500,base_model.model.model.layers.12.self_attn.k_proj.lora_magnitude_vector,12,k_proj,BF16,False,0.0,0.0,0.0,0.0
bf16-native,10,1000,base_model.model.model.layers.12.self_attn.k_proj.lora_magnitude_vector,12,k_proj,BF16,False,0.0,0.0,0.0,0.0
bf16-native,10,2000,base_model.model.model.layers.12.self_attn.k_proj.lora_magnitude_vector,12,k_proj,BF16,False,0.0,0.0,0.0,0.0
bf16-native,10,10,base_model.model.model.layers.12.self_attn.q_proj.lora_magnitude_vector,12,q_proj,BF16,False,0.0,0.0,0.0,0.0
bf16-native,10,50,base_model.model.model.layers.12.self_attn.q_proj.lora_magnitude_vector,12,q_proj,BF16,False,0.0,0.0,0.0,0.0
bf16-native,10,100,base_model.model.model.layers.12.self_attn.q_proj.lora_magnitude_vector,12,q_proj,BF16,False,0.0,0.0,0.0,0.0
bf16-native,10,200,base_model.model.model.layers.12.self_attn.q_proj.lora_magnitude_vector,12,q_proj,BF16,False,0.0,0.0,0.0,0.0
bf16-native,10,500,base_model.model.model.layers.12.self_attn.q_proj.lora_magnitude_vector,12,q_proj,BF16,False,0.0,0.0,0.0,0.0
bf16-native,10,1000,base_model.model.model.layers.12.self_attn.q_proj.lora_magnitude_vector,12,q_proj,BF16,False,0.0,0.0,0.0,0.0
bf16-native,10,2000,base_model.model.model.layers.12.self_attn.q_proj.lora_magnitude_vector,12,q_proj,BF16,False,0.0,0.0,0.0,0.0
bf16-native,10,10,base_model.model.model.layers.12.self_attn.v_proj.lora_magnitude_vector,12,v_proj,BF16,False,0.0,0.0,0.0,0.0
bf16-native,10,50,base_model.model.model.layers.12.self_attn.v_proj.lora_magnitude_vector,12,v_proj,BF16,False,0.0,0.0,0.0,0.0
bf16-native,10,100,base_model.model.model.layers.12.self_attn.v_proj.lora_magnitude_vector,12,v_proj,BF16,False,0.0,0.0,0.0,0.0
bf16-native,10,200,base_model.model.model.layers.12.self_attn.v_proj.lora_magnitude_vector,12,v_proj,BF16,False,0.0,0.0,0.0,0.0
bf16-native,10,500,base_model.model.model.layers.12.self_attn.v_proj.lora_magnitude_vector,12,v_proj,BF16,False,0.0,0.0,0.0,0.0
bf16-native,10,1000,base_model.model.model.layers.12.self_attn.v_proj.lora_magnitude_vector,12,v_proj,BF16,False,0.0,0.0,0.0,0.0
bf16-native,10,2000,base_model.model.model.layers.12.self_attn.v_proj.lora_magnitude_vector,12,v_proj,BF16,False,0.0,0.0,0.0,0.0
bf16-native,10,10,base_model.model.model.layers.13.mlp.down_proj.lora_magnitude_vector,13,down_proj,BF16,False,0.0,0.0,0.0,0.0
bf16-native,10,50,base_model.model.model.layers.13.mlp.down_proj.lora_magnitude_vector,13,down_proj,BF16,False,0.0,0.0,0.0,0.0
bf16-native,10,100,base_model.model.model.layers.13.mlp.down_proj.lora_magnitude_vector,13,down_proj,BF16,False,0.0,0.0,0.0,0.0
bf16-native,10,200,base_model.model.model.layers.13.mlp.down_proj.lora_magnitude_vector,13,down_proj,BF16,False,0.0,0.0,0.0,0.0
bf16-native,10,500,base_model.model.model.layers.13.mlp.down_proj.lora_magnitude_vector,13,down_proj,BF16,False,0.0,0.0,0.0,0.0
bf16-native,10,1000,base_model.model.model.layers.13.mlp.down_proj.lora_magnitude_vector,13,down_proj,BF16,False,0.0,0.0,0.0,0.0
bf16-native,10,2000,base_model.model.model.layers.13.mlp.down_proj.lora_magnitude_vector,13,down_proj,BF16,False,0.0,0.0,0.0,0.0
bf16-native,10,10,base_model.model.model.layers.13.mlp.up_proj.lora_magnitude_vector,13,up_proj,BF16,False,0.0,0.0,0.0,0.0
bf16-native,10,50,base_model.model.model.layers.13.mlp.up_proj.lora_magnitude_vector,13,up_proj,BF16,False,0.0,0.0,0.0,0.0
bf16-native,10,100,base_model.model.model.layers.13.mlp.up_proj.lora_magnitude_vector,13,up_proj,BF16,False,0.0,0.0,0.0,0.0
bf16-native,10,200,base_model.model.model.layers.13.mlp.up_proj.lora_magnitude_vector,13,up_proj,BF16,False,0.0,0.0,0.0,0.0
bf16-native,10,500,base_model.model.model.layers.13.mlp.up_proj.lora_magnitude_vector,13,up_proj,BF16,False,0.0,0.0,0.0,0.0
bf16-native,10,1000,base_model.model.model.layers.13.mlp.up_proj.lora_magnitude_vector,13,up_proj,BF16,False,0.0,0.0,0.0,0.0
bf16-native,10,2000,base_model.model.model.layers.13.mlp.up_proj.lora_magnitude_vector,13,up_proj,BF16,False,0.0,0.0,0.0,0.0
bf16-native,10,10,base_model.model.model.layers.13.self_attn.k_proj.lora_magnitude_vector,13,k_proj,BF16,False,0.0,0.0,0.0,0.0
bf16-native,10,50,base_model.model.model.layers.13.self_attn.k_proj.lora_magnitude_vector,13,k_proj,BF16,False,0.0,0.0,0.0,0.0
bf16-native,10,100,base_model.model.model.layers.13.self_attn.k_proj.lora_magnitude_vector,13,k_proj,BF16,False,0.0,0.0,0.0,0.0
bf16-native,10,200,base_model.model.model.layers.13.self_attn.k_proj.lora_magnitude_vector,13,k_proj,BF16,False,0.0,0.0,0.0,0.0
bf16-native,10,500,base_model.model.model.layers.13.self_attn.k_proj.lora_magnitude_vector,13,k_proj,BF16,False,0.0,0.0,0.0,0.0
bf16-native,10,1000,base_model.model.model.layers.13.self_attn.k_proj.lora_magnitude_vector,13,k_proj,BF16,False,0.0,0.0,0.0,0.0
bf16-native,10,2000,base_model.model.model.layers.13.self_attn.k_proj.lora_magnitude_vector,13,k_proj,BF16,False,0.0,0.0,0.0,0.0
bf16-native,10,10,base_model.model.model.layers.13.self_attn.q_proj.lora_magnitude_vector,13,q_proj,BF16,False,0.0,0.0,0.0,0.0
bf16-native,10,50,base_model.model.model.layers.13.self_attn.q_proj.lora_magnitude_vector,13,q_proj,BF16,False,0.0,0.0,0.0,0.0
bf16-native,10,100,base_model.model.model.layers.13.self_attn.q_proj.lora_magnitude_vector,13,q_proj,BF16,False,0.0,0.0,0.0,0.0
bf16-native,10,200,base_model.model.model.layers.13.self_attn.q_proj.lora_magnitude_vector,13,q_proj,BF16,False,0.0,0.0,0.0,0.0
bf16-native,10,500,base_model.model.model.layers.13.self_attn.q_proj.lora_magnitude_vector,13,q_proj,BF16,False,0.0,0.0,0.0,0.0
bf16-native,10,1000,base_model.model.model.layers.13.self_attn.q_proj.lora_magnitude_vector,13,q_proj,BF16,False,0.0,0.0,0.0,0.0
bf16-native,10,2000,base_model.model.model.layers.13.self_attn.q_proj.lora_magnitude_vector,13,q_proj,BF16,False,0.0,0.0,0.0,0.0
bf16-native,10,10,base_model.model.model.layers.13.self_attn.v_proj.lora_magnitude_vector,13,v_proj,BF16,False,0.0,0.0,0.0,0.0
bf16-native,10,50,base_model.model.model.layers.13.self_attn.v_proj.lora_magnitude_vector,13,v_proj,BF16,False,0.0,0.0,0.0,0.0
bf16-native,10,100,base_model.model.model.layers.13.self_attn.v_proj.lora_magnitude_vector,13,v_proj,BF16,False,0.0,0.0,0.0,0.0
bf16-native,10,200,base_model.model.model.layers.13.self_attn.v_proj.lora_magnitude_vector,13,v_proj,BF16,False,0.0,0.0,0.0,0.0
bf16-native,10,500,base_model.model.model.layers.13.self_attn.v_proj.lora_magnitude_vector,13,v_proj,BF16,False,0.0,0.0,0.0,0.0
bf16-native,10,1000,base_model.model.model.layers.13.self_attn.v_proj.lora_magnitude_vector,13,v_proj,BF16,False,0.0,0.0,0.0,0.0
bf16-native,10,2000,base_model.model.model.layers.13.self_attn.v_proj.lora_magnitude_vector,13,v_proj,BF16,False,0.0,0.0,0.0,0.0
bf16-native,10,10,base_model.model.model.layers.14.mlp.down_proj.lora_magnitude_vector,14,down_proj,BF16,False,0.0,0.0,0.0,0.0
bf16-native,10,50,base_model.model.model.layers.14.mlp.down_proj.lora_magnitude_vector,14,down_proj,BF16,False,0.0,0.0,0.0,0.0
bf16-native,10,100,base_model.model.model.layers.14.mlp.down_proj.lora_magnitude_vector,14,down_proj,BF16,False,0.0,0.0,0.0,0.0
bf16-native,10,200,base_model.model.model.layers.14.mlp.down_proj.lora_magnitude_vector,14,down_proj,BF16,False,0.0,0.0,0.0,0.0
bf16-native,10,500,base_model.model.model.layers.14.mlp.down_proj.lora_magnitude_vector,14,down_proj,BF16,False,0.0,0.0,0.0,0.0
bf16-native,10,1000,base_model.model.model.layers.14.mlp.down_proj.lora_magnitude_vector,14,down_proj,BF16,False,0.0,0.0,0.0,0.0
bf16-native,10,2000,base_model.model.model.layers.14.mlp.down_proj.lora_magnitude_vector,14,down_proj,BF16,False,0.0,0.0,0.0,0.0
bf16-native,10,10,base_model.model.model.layers.14.mlp.up_proj.lora_magnitude_vector,14,up_proj,BF16,False,0.0,0.0,0.0,0.0
bf16-native,10,50,base_model.model.model.layers.14.mlp.up_proj.lora_magnitude_vector,14,up_proj,BF16,False,0.0,0.0,0.0,0.0
bf16-native,10,100,base_model.model.model.layers.14.mlp.up_proj.lora_magnitude_vector,14,up_proj,BF16,False,0.0,0.0,0.0,0.0
bf16-native,10,200,base_model.model.model.layers.14.mlp.up_proj.lora_magnitude_vector,14,up_proj,BF16,False,0.0,0.0,0.0,0.0
bf16-native,10,500,base_model.model.model.layers.14.mlp.up_proj.lora_magnitude_vector,14,up_proj,BF16,False,0.0,0.0,0.0,0.0
bf16-native,10,1000,base_model.model.model.layers.14.mlp.up_proj.lora_magnitude_vector,14,up_proj,BF16,False,0.0,0.0,0.0,0.0
bf16-native,10,2000,base_model.model.model.layers.14.mlp.up_proj.lora_magnitude_vector,14,up_proj,BF16,False,0.0,0.0,0.0,0.0
bf16-native,10,10,base_model.model.model.layers.14.self_attn.k_proj.lora_magnitude_vector,14,k_proj,BF16,False,0.0,0.0,0.0,0.0
bf16-native,10,50,base_model.model.model.layers.14.self_attn.k_proj.lora_magnitude_vector,14,k_proj,BF16,False,0.0,0.0,0.0,0.0
bf16-native,10,100,base_model.model.model.layers.14.self_attn.k_proj.lora_magnitude_vector,14,k_proj,BF16,False,0.0,0.0,0.0,0.0
bf16-native,10,200,base_model.model.model.layers.14.self_attn.k_proj.lora_magnitude_vector,14,k_proj,BF16,False,0.0,0.0,0.0,0.0
bf16-native,10,500,base_model.model.model.layers.14.self_attn.k_proj.lora_magnitude_vector,14,k_proj,BF16,False,0.0,0.0,0.0,0.0
bf16-native,10,1000,base_model.model.model.layers.14.self_attn.k_proj.lora_magnitude_vector,14,k_proj,BF16,False,0.0,0.0,0.0,0.0
bf16-native,10,2000,base_model.model.model.layers.14.self_attn.k_proj.lora_magnitude_vector,14,k_proj,BF16,False,0.0,0.0,0.0,0.0
bf16-native,10,10,base_model.model.model.layers.14.self_attn.q_proj.lora_magnitude_vector,14,q_proj,BF16,False,0.0,0.0,0.0,0.0
bf16-native,10,50,base_model.model.model.layers.14.self_attn.q_proj.lora_magnitude_vector,14,q_proj,BF16,False,0.0,0.0,0.0,0.0
bf16-native,10,100,base_model.model.model.layers.14.self_attn.q_proj.lora_magnitude_vector,14,q_proj,BF16,False,0.0,0.0,0.0,0.0
bf16-native,10,200,base_model.model.model.layers.14.self_attn.q_proj.lora_magnitude_vector,14,q_proj,BF16,False,0.0,0.0,0.0,0.0
bf16-native,10,500,base_model.model.model.layers.14.self_attn.q_proj.lora_magnitude_vector,14,q_proj,BF16,False,0.0,0.0,0.0,0.0
bf16-native,10,1000,base_model.model.model.layers.14.self_attn.q_proj.lora_magnitude_vector,14,q_proj,BF16,False,0.0,0.0,0.0,0.0
bf16-native,10,2000,base_model.model.model.layers.14.self_attn.q_proj.lora_magnitude_vector,14,q_proj,BF16,False,0.0,0.0,0.0,0.0
bf16-native,10,10,base_model.model.model.layers.14.self_attn.v_proj.lora_magnitude_vector,14,v_proj,BF16,False,0.0,0.0,0.0,0.0
bf16-native,10,50,base_model.model.model.layers.14.self_attn.v_proj.lora_magnitude_vector,14,v_proj,BF16,False,0.0,0.0,0.0,0.0
bf16-native,10,100,base_model.model.model.layers.14.self_attn.v_proj.lora_magnitude_vector,14,v_proj,BF16,False,0.0,0.0,0.0,0.0
bf16-native,10,200,base_model.model.model.layers.14.self_attn.v_proj.lora_magnitude_vector,14,v_proj,BF16,False,0.0,0.0,0.0,0.0
bf16-native,10,500,base_model.model.model.layers.14.self_attn.v_proj.lora_magnitude_vector,14,v_proj,BF16,False,0.0,0.0,0.0,0.0
bf16-native,10,1000,base_model.model.model.layers.14.self_attn.v_proj.lora_magnitude_vector,14,v_proj,BF16,False,0.0,0.0,0.0,0.0
bf16-native,10,2000,base_model.model.model.layers.14.self_attn.v_proj.lora_magnitude_vector,14,v_proj,BF16,False,0.0,0.0,0.0,0.0
bf16-native,10,10,base_model.model.model.layers.15.mlp.down_proj.lora_magnitude_vector,15,down_proj,BF16,False,0.0,0.0,0.0,0.0
bf16-native,10,50,base_model.model.model.layers.15.mlp.down_proj.lora_magnitude_vector,15,down_proj,BF16,False,0.0,0.0,0.0,0.0
bf16-native,10,100,base_model.model.model.layers.15.mlp.down_proj.lora_magnitude_vector,15,down_proj,BF16,False,0.0,0.0,0.0,0.0
bf16-native,10,200,base_model.model.model.layers.15.mlp.down_proj.lora_magnitude_vector,15,down_proj,BF16,False,0.0,0.0,0.0,0.0
bf16-native,10,500,base_model.model.model.layers.15.mlp.down_proj.lora_magnitude_vector,15,down_proj,BF16,False,0.0,0.0,0.0,0.0
bf16-native,10,1000,base_model.model.model.layers.15.mlp.down_proj.lora_magnitude_vector,15,down_proj,BF16,False,0.0,0.0,0.0,0.0
bf16-native,10,2000,base_model.model.model.layers.15.mlp.down_proj.lora_magnitude_vector,15,down_proj,BF16,False,0.0,0.0,0.0,0.0
bf16-native,10,10,base_model.model.model.layers.15.mlp.up_proj.lora_magnitude_vector,15,up_proj,BF16,False,0.0,0.0,0.0,0.0
bf16-native,10,50,base_model.model.model.layers.15.mlp.up_proj.lora_magnitude_vector,15,up_proj,BF16,False,0.0,0.0,0.0,0.0
bf16-native,10,100,base_model.model.model.layers.15.mlp.up_proj.lora_magnitude_vector,15,up_proj,BF16,False,0.0,0.0,0.0,0.0
bf16-native,10,200,base_model.model.model.layers.15.mlp.up_proj.lora_magnitude_vector,15,up_proj,BF16,False,0.0,0.0,0.0,0.0
bf16-native,10,500,base_model.model.model.layers.15.mlp.up_proj.lora_magnitude_vector,15,up_proj,BF16,False,0.0,0.0,0.0,0.0
bf16-native,10,1000,base_model.model.model.layers.15.mlp.up_proj.lora_magnitude_vector,15,up_proj,BF16,False,0.0,0.0,0.0,0.0
bf16-native,10,2000,base_model.model.model.layers.15.mlp.up_proj.lora_magnitude_vector,15,up_proj,BF16,False,0.0,0.0,0.0,0.0
bf16-native,10,10,base_model.model.model.layers.15.self_attn.k_proj.lora_magnitude_vector,15,k_proj,BF16,False,0.0,0.0,0.0,0.0
bf16-native,10,50,base_model.model.model.layers.15.self_attn.k_proj.lora_magnitude_vector,15,k_proj,BF16,False,0.0,0.0,0.0,0.0
bf16-native,10,100,base_model.model.model.layers.15.self_attn.k_proj.lora_magnitude_vector,15,k_proj,BF16,False,0.0,0.0,0.0,0.0
bf16-native,10,200,base_model.model.model.layers.15.self_attn.k_proj.lora_magnitude_vector,15,k_proj,BF16,False,0.0,0.0,0.0,0.0
bf16-native,10,500,base_model.model.model.layers.15.self_attn.k_proj.lora_magnitude_vector,15,k_proj,BF16,False,0.0,0.0,0.0,0.0
bf16-native,10,1000,base_model.model.model.layers.15.self_attn.k_proj.lora_magnitude_vector,15,k_proj,BF16,False,0.0,0.0,0.0,0.0
bf16-native,10,2000,base_model.model.model.layers.15.self_attn.k_proj.lora_magnitude_vector,15,k_proj,BF16,False,0.0,0.0,0.0,0.0
bf16-native,10,10,base_model.model.model.layers.15.self_attn.q_proj.lora_magnitude_vector,15,q_proj,BF16,False,0.0,0.0,0.0,0.0
bf16-native,10,50,base_model.model.model.layers.15.self_attn.q_proj.lora_magnitude_vector,15,q_proj,BF16,False,0.0,0.0,0.0,0.0
bf16-native,10,100,base_model.model.model.layers.15.self_attn.q_proj.lora_magnitude_vector,15,q_proj,BF16,False,0.0,0.0,0.0,0.0
bf16-native,10,200,base_model.model.model.layers.15.self_attn.q_proj.lora_magnitude_vector,15,q_proj,BF16,False,0.0,0.0,0.0,0.0
bf16-native,10,500,base_model.model.model.layers.15.self_attn.q_proj.lora_magnitude_vector,15,q_proj,BF16,False,0.0,0.0,0.0,0.0
bf16-native,10,1000,base_model.model.model.layers.15.self_attn.q_proj.lora_magnitude_vector,15,q_proj,BF16,False,0.0,0.0,0.0,0.0
bf16-native,10,2000,base_model.model.model.layers.15.self_attn.q_proj.lora_magnitude_vector,15,q_proj,BF16,False,0.0,0.0,0.0,0.0
bf16-native,10,10,base_model.model.model.layers.15.self_attn.v_proj.lora_magnitude_vector,15,v_proj,BF16,False,0.0,0.0,0.0,0.0
bf16-native,10,50,base_model.model.model.layers.15.self_attn.v_proj.lora_magnitude_vector,15,v_proj,BF16,False,0.0,0.0,0.0,0.0
bf16-native,10,100,base_model.model.model.layers.15.self_attn.v_proj.lora_magnitude_vector,15,v_proj,BF16,False,0.0,0.0,0.0,0.0
bf16-native,10,200,base_model.model.model.layers.15.self_attn.v_proj.lora_magnitude_vector,15,v_proj,BF16,False,0.0,0.0,0.0,0.0
bf16-native,10,500,base_model.model.model.layers.15.self_attn.v_proj.lora_magnitude_vector,15,v_proj,BF16,False,0.0,0.0,0.0,0.0
bf16-native,10,1000,base_model.model.model.layers.15.self_attn.v_proj.lora_magnitude_vector,15,v_proj,BF16,False,0.0,0.0,0.0,0.0
bf16-native,10,2000,base_model.model.model.layers.15.self_attn.v_proj.lora_magnitude_vector,15,v_proj,BF16,False,0.0,0.0,0.0,0.0
bf16-native,10,10,base_model.model.model.layers.16.mlp.down_proj.lora_magnitude_vector,16,down_proj,BF16,False,0.0,0.0,0.0,0.0
bf16-native,10,50,base_model.model.model.layers.16.mlp.down_proj.lora_magnitude_vector,16,down_proj,BF16,False,0.0,0.0,0.0,0.0
bf16-native,10,100,base_model.model.model.layers.16.mlp.down_proj.lora_magnitude_vector,16,down_proj,BF16,False,0.0,0.0,0.0,0.0
bf16-native,10,200,base_model.model.model.layers.16.mlp.down_proj.lora_magnitude_vector,16,down_proj,BF16,False,0.0,0.0,0.0,0.0
bf16-native,10,500,base_model.model.model.layers.16.mlp.down_proj.lora_magnitude_vector,16,down_proj,BF16,False,0.0,0.0,0.0,0.0
bf16-native,10,1000,base_model.model.model.layers.16.mlp.down_proj.lora_magnitude_vector,16,down_proj,BF16,False,0.0,0.0,0.0,0.0
bf16-native,10,2000,base_model.model.model.layers.16.mlp.down_proj.lora_magnitude_vector,16,down_proj,BF16,False,0.0,0.0,0.0,0.0
bf16-native,10,10,base_model.model.model.layers.16.mlp.up_proj.lora_magnitude_vector,16,up_proj,BF16,False,0.0,0.0,0.0,0.0
bf16-native,10,50,base_model.model.model.layers.16.mlp.up_proj.lora_magnitude_vector,16,up_proj,BF16,False,0.0,0.0,0.0,0.0
bf16-native,10,100,base_model.model.model.layers.16.mlp.up_proj.lora_magnitude_vector,16,up_proj,BF16,False,0.0,0.0,0.0,0.0
bf16-native,10,200,base_model.model.model.layers.16.mlp.up_proj.lora_magnitude_vector,16,up_proj,BF16,False,0.0,0.0,0.0,0.0
bf16-native,10,500,base_model.model.model.layers.16.mlp.up_proj.lora_magnitude_vector,16,up_proj,BF16,False,0.0,0.0,0.0,0.0
bf16-native,10,1000,base_model.model.model.layers.16.mlp.up_proj.lora_magnitude_vector,16,up_proj,BF16,False,0.0,0.0,0.0,0.0
bf16-native,10,2000,base_model.model.model.layers.16.mlp.up_proj.lora_magnitude_vector,16,up_proj,BF16,False,0.0,0.0,0.0,0.0
bf16-native,10,10,base_model.model.model.layers.16.self_attn.k_proj.lora_magnitude_vector,16,k_proj,BF16,False,0.0,0.0,0.0,0.0
bf16-native,10,50,base_model.model.model.layers.16.self_attn.k_proj.lora_magnitude_vector,16,k_proj,BF16,False,0.0,0.0,0.0,0.0
bf16-native,10,100,base_model.model.model.layers.16.self_attn.k_proj.lora_magnitude_vector,16,k_proj,BF16,False,0.0,0.0,0.0,0.0
bf16-native,10,200,base_model.model.model.layers.16.self_attn.k_proj.lora_magnitude_vector,16,k_proj,BF16,False,0.0,0.0,0.0,0.0
bf16-native,10,500,base_model.model.model.layers.16.self_attn.k_proj.lora_magnitude_vector,16,k_proj,BF16,False,0.0,0.0,0.0,0.0
bf16-native,10,1000,base_model.model.model.layers.16.self_attn.k_proj.lora_magnitude_vector,16,k_proj,BF16,False,0.0,0.0,0.0,0.0
bf16-native,10,2000,base_model.model.model.layers.16.self_attn.k_proj.lora_magnitude_vector,16,k_proj,BF16,False,0.0,0.0,0.0,0.0
bf16-native,10,10,base_model.model.model.layers.16.self_attn.q_proj.lora_magnitude_vector,16,q_proj,BF16,False,0.0,0.0,0.0,0.0
bf16-native,10,50,base_model.model.model.layers.16.self_attn.q_proj.lora_magnitude_vector,16,q_proj,BF16,False,0.0,0.0,0.0,0.0
bf16-native,10,100,base_model.model.model.layers.16.self_attn.q_proj.lora_magnitude_vector,16,q_proj,BF16,False,0.0,0.0,0.0,0.0
bf16-native,10,200,base_model.model.model.layers.16.self_attn.q_proj.lora_magnitude_vector,16,q_proj,BF16,False,0.0,0.0,0.0,0.0
bf16-native,10,500,base_model.model.model.layers.16.self_attn.q_proj.lora_magnitude_vector,16,q_proj,BF16,False,0.0,0.0,0.0,0.0
bf16-native,10,1000,base_model.model.model.layers.16.self_attn.q_proj.lora_magnitude_vector,16,q_proj,BF16,False,0.0,0.0,0.0,0.0
bf16-native,10,2000,base_model.model.model.layers.16.self_attn.q_proj.lora_magnitude_vector,16,q_proj,BF16,False,0.0,0.0,0.0,0.0
bf16-native,10,10,base_model.model.model.layers.16.self_attn.v_proj.lora_magnitude_vector,16,v_proj,BF16,False,0.0,0.0,0.0,0.0
bf16-native,10,50,base_model.model.model.layers.16.self_attn.v_proj.lora_magnitude_vector,16,v_proj,BF16,False,0.0,0.0,0.0,0.0
bf16-native,10,100,base_model.model.model.layers.16.self_attn.v_proj.lora_magnitude_vector,16,v_proj,BF16,False,0.0,0.0,0.0,0.0
bf16-native,10,200,base_model.model.model.layers.16.self_attn.v_proj.lora_magnitude_vector,16,v_proj,BF16,False,0.0,0.0,0.0,0.0
bf16-native,10,500,base_model.model.model.layers.16.self_attn.v_proj.lora_magnitude_vector,16,v_proj,BF16,False,0.0,0.0,0.0,0.0
bf16-native,10,1000,base_model.model.model.layers.16.self_attn.v_proj.lora_magnitude_vector,16,v_proj,BF16,False,0.0,0.0,0.0,0.0
bf16-native,10,2000,base_model.model.model.layers.16.self_attn.v_proj.lora_magnitude_vector,16,v_proj,BF16,False,0.0,0.0,0.0,0.0
bf16-native,10,10,base_model.model.model.layers.17.mlp.down_proj.lora_magnitude_vector,17,down_proj,BF16,False,0.0,0.0,0.0,0.0
bf16-native,10,50,base_model.model.model.layers.17.mlp.down_proj.lora_magnitude_vector,17,down_proj,BF16,False,0.0,0.0,0.0,0.0
bf16-native,10,100,base_model.model.model.layers.17.mlp.down_proj.lora_magnitude_vector,17,down_proj,BF16,False,0.0,0.0,0.0,0.0
bf16-native,10,200,base_model.model.model.layers.17.mlp.down_proj.lora_magnitude_vector,17,down_proj,BF16,False,0.0,0.0,0.0,0.0
bf16-native,10,500,base_model.model.model.layers.17.mlp.down_proj.lora_magnitude_vector,17,down_proj,BF16,False,0.0,0.0,0.0,0.0
bf16-native,10,1000,base_model.model.model.layers.17.mlp.down_proj.lora_magnitude_vector,17,down_proj,BF16,False,0.0,0.0,0.0,0.0
bf16-native,10,2000,base_model.model.model.layers.17.mlp.down_proj.lora_magnitude_vector,17,down_proj,BF16,False,0.0,0.0,0.0,0.0
bf16-native,10,10,base_model.model.model.layers.17.mlp.up_proj.lora_magnitude_vector,17,up_proj,BF16,False,0.0,0.0,0.0,0.0
bf16-native,10,50,base_model.model.model.layers.17.mlp.up_proj.lora_magnitude_vector,17,up_proj,BF16,False,0.0,0.0,0.0,0.0
bf16-native,10,100,base_model.model.model.layers.17.mlp.up_proj.lora_magnitude_vector,17,up_proj,BF16,False,0.0,0.0,0.0,0.0
bf16-native,10,200,base_model.model.model.layers.17.mlp.up_proj.lora_magnitude_vector,17,up_proj,BF16,False,0.0,0.0,0.0,0.0
bf16-native,10,500,base_model.model.model.layers.17.mlp.up_proj.lora_magnitude_vector,17,up_proj,BF16,False,0.0,0.0,0.0,0.0
bf16-native,10,1000,base_model.model.model.layers.17.mlp.up_proj.lora_magnitude_vector,17,up_proj,BF16,False,0.0,0.0,0.0,0.0
bf16-native,10,2000,base_model.model.model.layers.17.mlp.up_proj.lora_magnitude_vector,17,up_proj,BF16,False,0.0,0.0,0.0,0.0
bf16-native,10,10,base_model.model.model.layers.17.self_attn.k_proj.lora_magnitude_vector,17,k_proj,BF16,False,0.0,0.0,0.0,0.0
bf16-native,10,50,base_model.model.model.layers.17.self_attn.k_proj.lora_magnitude_vector,17,k_proj,BF16,False,0.0,0.0,0.0,0.0
bf16-native,10,100,base_model.model.model.layers.17.self_attn.k_proj.lora_magnitude_vector,17,k_proj,BF16,False,0.0,0.0,0.0,0.0
bf16-native,10,200,base_model.model.model.layers.17.self_attn.k_proj.lora_magnitude_vector,17,k_proj,BF16,False,0.0,0.0,0.0,0.0
bf16-native,10,500,base_model.model.model.layers.17.self_attn.k_proj.lora_magnitude_vector,17,k_proj,BF16,False,0.0,0.0,0.0,0.0
bf16-native,10,1000,base_model.model.model.layers.17.self_attn.k_proj.lora_magnitude_vector,17,k_proj,BF16,False,0.0,0.0,0.0,0.0
bf16-native,10,2000,base_model.model.model.layers.17.self_attn.k_proj.lora_magnitude_vector,17,k_proj,BF16,False,0.0,0.0,0.0,0.0
bf16-native,10,10,base_model.model.model.layers.17.self_attn.q_proj.lora_magnitude_vector,17,q_proj,BF16,False,0.0,0.0,0.0,0.0
bf16-native,10,50,base_model.model.model.layers.17.self_attn.q_proj.lora_magnitude_vector,17,q_proj,BF16,False,0.0,0.0,0.0,0.0
bf16-native,10,100,base_model.model.model.layers.17.self_attn.q_proj.lora_magnitude_vector,17,q_proj,BF16,False,0.0,0.0,0.0,0.0
bf16-native,10,200,base_model.model.model.layers.17.self_attn.q_proj.lora_magnitude_vector,17,q_proj,BF16,False,0.0,0.0,0.0,0.0
bf16-native,10,500,base_model.model.model.layers.17.self_attn.q_proj.lora_magnitude_vector,17,q_proj,BF16,False,0.0,0.0,0.0,0.0
bf16-native,10,1000,base_model.model.model.layers.17.self_attn.q_proj.lora_magnitude_vector,17,q_proj,BF16,False,0.0,0.0,0.0,0.0
bf16-native,10,2000,base_model.model.model.layers.17.self_attn.q_proj.lora_magnitude_vector,17,q_proj,BF16,False,0.0,0.0,0.0,0.0
bf16-native,10,10,base_model.model.model.layers.17.self_attn.v_proj.lora_magnitude_vector,17,v_proj,BF16,False,0.0,0.0,0.0,0.0
bf16-native,10,50,base_model.model.model.layers.17.self_attn.v_proj.lora_magnitude_vector,17,v_proj,BF16,False,0.0,0.0,0.0,0.0
bf16-native,10,100,base_model.model.model.layers.17.self_attn.v_proj.lora_magnitude_vector,17,v_proj,BF16,False,0.0,0.0,0.0,0.0
bf16-native,10,200,base_model.model.model.layers.17.self_attn.v_proj.lora_magnitude_vector,17,v_proj,BF16,False,0.0,0.0,0.0,0.0
bf16-native,10,500,base_model.model.model.layers.17.self_attn.v_proj.lora_magnitude_vector,17,v_proj,BF16,False,0.0,0.0,0.0,0.0
bf16-native,10,1000,base_model.model.model.layers.17.self_attn.v_proj.lora_magnitude_vector,17,v_proj,BF16,False,0.0,0.0,0.0,0.0
bf16-native,10,2000,base_model.model.model.layers.17.self_attn.v_proj.lora_magnitude_vector,17,v_proj,BF16,False,0.0,0.0,0.0,0.0
bf16-native,10,10,base_model.model.model.layers.18.mlp.down_proj.lora_magnitude_vector,18,down_proj,BF16,False,0.0,0.0,0.0,0.0
bf16-native,10,50,base_model.model.model.layers.18.mlp.down_proj.lora_magnitude_vector,18,down_proj,BF16,False,0.0,0.0,0.0,0.0
bf16-native,10,100,base_model.model.model.layers.18.mlp.down_proj.lora_magnitude_vector,18,down_proj,BF16,False,0.0,0.0,0.0,0.0
bf16-native,10,200,base_model.model.model.layers.18.mlp.down_proj.lora_magnitude_vector,18,down_proj,BF16,False,0.0,0.0,0.0,0.0
bf16-native,10,500,base_model.model.model.layers.18.mlp.down_proj.lora_magnitude_vector,18,down_proj,BF16,False,0.0,0.0,0.0,0.0
bf16-native,10,1000,base_model.model.model.layers.18.mlp.down_proj.lora_magnitude_vector,18,down_proj,BF16,False,0.0,0.0,0.0,0.0
bf16-native,10,2000,base_model.model.model.layers.18.mlp.down_proj.lora_magnitude_vector,18,down_proj,BF16,False,0.0,0.0,0.0,0.0
bf16-native,10,10,base_model.model.model.layers.18.mlp.up_proj.lora_magnitude_vector,18,up_proj,BF16,False,0.0,0.0,0.0,0.0
bf16-native,10,50,base_model.model.model.layers.18.mlp.up_proj.lora_magnitude_vector,18,up_proj,BF16,False,0.0,0.0,0.0,0.0
bf16-native,10,100,base_model.model.model.layers.18.mlp.up_proj.lora_magnitude_vector,18,up_proj,BF16,False,0.0,0.0,0.0,0.0
bf16-native,10,200,base_model.model.model.layers.18.mlp.up_proj.lora_magnitude_vector,18,up_proj,BF16,False,0.0,0.0,0.0,0.0
bf16-native,10,500,base_model.model.model.layers.18.mlp.up_proj.lora_magnitude_vector,18,up_proj,BF16,False,0.0,0.0,0.0,0.0
bf16-native,10,1000,base_model.model.model.layers.18.mlp.up_proj.lora_magnitude_vector,18,up_proj,BF16,False,0.0,0.0,0.0,0.0
bf16-native,10,2000,base_model.model.model.layers.18.mlp.up_proj.lora_magnitude_vector,18,up_proj,BF16,False,0.0,0.0,0.0,0.0
bf16-native,10,10,base_model.model.model.layers.18.self_attn.k_proj.lora_magnitude_vector,18,k_proj,BF16,False,0.0,0.0,0.0,0.0
bf16-native,10,50,base_model.model.model.layers.18.self_attn.k_proj.lora_magnitude_vector,18,k_proj,BF16,False,0.0,0.0,0.0,0.0
bf16-native,10,100,base_model.model.model.layers.18.self_attn.k_proj.lora_magnitude_vector,18,k_proj,BF16,False,0.0,0.0,0.0,0.0
bf16-native,10,200,base_model.model.model.layers.18.self_attn.k_proj.lora_magnitude_vector,18,k_proj,BF16,False,0.0,0.0,0.0,0.0
bf16-native,10,500,base_model.model.model.layers.18.self_attn.k_proj.lora_magnitude_vector,18,k_proj,BF16,False,0.0,0.0,0.0,0.0
bf16-native,10,1000,base_model.model.model.layers.18.self_attn.k_proj.lora_magnitude_vector,18,k_proj,BF16,False,0.0,0.0,0.0,0.0
bf16-native,10,2000,base_model.model.model.layers.18.self_attn.k_proj.lora_magnitude_vector,18,k_proj,BF16,False,0.0,0.0,0.0,0.0
bf16-native,10,10,base_model.model.model.layers.18.self_attn.q_proj.lora_magnitude_vector,18,q_proj,BF16,False,0.0,0.0,0.0,0.0
bf16-native,10,50,base_model.model.model.layers.18.self_attn.q_proj.lora_magnitude_vector,18,q_proj,BF16,False,0.0,0.0,0.0,0.0
bf16-native,10,100,base_model.model.model.layers.18.self_attn.q_proj.lora_magnitude_vector,18,q_proj,BF16,False,0.0,0.0,0.0,0.0
bf16-native,10,200,base_model.model.model.layers.18.self_attn.q_proj.lora_magnitude_vector,18,q_proj,BF16,False,0.0,0.0,0.0,0.0
bf16-native,10,500,base_model.model.model.layers.18.self_attn.q_proj.lora_magnitude_vector,18,q_proj,BF16,False,0.0,0.0,0.0,0.0
bf16-native,10,1000,base_model.model.model.layers.18.self_attn.q_proj.lora_magnitude_vector,18,q_proj,BF16,False,0.0,0.0,0.0,0.0
bf16-native,10,2000,base_model.model.model.layers.18.self_attn.q_proj.lora_magnitude_vector,18,q_proj,BF16,False,0.0,0.0,0.0,0.0
bf16-native,10,10,base_model.model.model.layers.18.self_attn.v_proj.lora_magnitude_vector,18,v_proj,BF16,False,0.0,0.0,0.0,0.0
bf16-native,10,50,base_model.model.model.layers.18.self_attn.v_proj.lora_magnitude_vector,18,v_proj,BF16,False,0.0,0.0,0.0,0.0
bf16-native,10,100,base_model.model.model.layers.18.self_attn.v_proj.lora_magnitude_vector,18,v_proj,BF16,False,0.0,0.0,0.0,0.0
bf16-native,10,200,base_model.model.model.layers.18.self_attn.v_proj.lora_magnitude_vector,18,v_proj,BF16,False,0.0,0.0,0.0,0.0
bf16-native,10,500,base_model.model.model.layers.18.self_attn.v_proj.lora_magnitude_vector,18,v_proj,BF16,False,0.0,0.0,0.0,0.0
bf16-native,10,1000,base_model.model.model.layers.18.self_attn.v_proj.lora_magnitude_vector,18,v_proj,BF16,False,0.0,0.0,0.0,0.0
bf16-native,10,2000,base_model.model.model.layers.18.self_attn.v_proj.lora_magnitude_vector,18,v_proj,BF16,False,0.0,0.0,0.0,0.0
bf16-native,10,10,base_model.model.model.layers.19.mlp.down_proj.lora_magnitude_vector,19,down_proj,BF16,False,0.0,0.0,0.0,0.0
bf16-native,10,50,base_model.model.model.layers.19.mlp.down_proj.lora_magnitude_vector,19,down_proj,BF16,False,0.0,0.0,0.0,0.0
bf16-native,10,100,base_model.model.model.layers.19.mlp.down_proj.lora_magnitude_vector,19,down_proj,BF16,False,0.0,0.0,0.0,0.0
bf16-native,10,200,base_model.model.model.layers.19.mlp.down_proj.lora_magnitude_vector,19,down_proj,BF16,False,0.0,0.0,0.0,0.0
bf16-native,10,500,base_model.model.model.layers.19.mlp.down_proj.lora_magnitude_vector,19,down_proj,BF16,False,0.0,0.0,0.0,0.0
bf16-native,10,1000,base_model.model.model.layers.19.mlp.down_proj.lora_magnitude_vector,19,down_proj,BF16,False,0.0,0.0,0.0,0.0
bf16-native,10,2000,base_model.model.model.layers.19.mlp.down_proj.lora_magnitude_vector,19,down_proj,BF16,False,0.0,0.0,0.0,0.0
bf16-native,10,10,base_model.model.model.layers.19.mlp.up_proj.lora_magnitude_vector,19,up_proj,BF16,False,0.0,0.0,0.0,0.0
bf16-native,10,50,base_model.model.model.layers.19.mlp.up_proj.lora_magnitude_vector,19,up_proj,BF16,False,0.0,0.0,0.0,0.0
bf16-native,10,100,base_model.model.model.layers.19.mlp.up_proj.lora_magnitude_vector,19,up_proj,BF16,False,0.0,0.0,0.0,0.0
bf16-native,10,200,base_model.model.model.layers.19.mlp.up_proj.lora_magnitude_vector,19,up_proj,BF16,False,0.0,0.0,0.0,0.0
bf16-native,10,500,base_model.model.model.layers.19.mlp.up_proj.lora_magnitude_vector,19,up_proj,BF16,False,0.0,0.0,0.0,0.0
bf16-native,10,1000,base_model.model.model.layers.19.mlp.up_proj.lora_magnitude_vector,19,up_proj,BF16,False,0.0,0.0,0.0,0.0
bf16-native,10,2000,base_model.model.model.layers.19.mlp.up_proj.lora_magnitude_vector,19,up_proj,BF16,False,0.0,0.0,0.0,0.0
bf16-native,10,10,base_model.model.model.layers.19.self_attn.k_proj.lora_magnitude_vector,19,k_proj,BF16,False,0.0,0.0,0.0,0.0
bf16-native,10,50,base_model.model.model.layers.19.self_attn.k_proj.lora_magnitude_vector,19,k_proj,BF16,False,0.0,0.0,0.0,0.0
bf16-native,10,100,base_model.model.model.layers.19.self_attn.k_proj.lora_magnitude_vector,19,k_proj,BF16,False,0.0,0.0,0.0,0.0
bf16-native,10,200,base_model.model.model.layers.19.self_attn.k_proj.lora_magnitude_vector,19,k_proj,BF16,False,0.0,0.0,0.0,0.0
bf16-native,10,500,base_model.model.model.layers.19.self_attn.k_proj.lora_magnitude_vector,19,k_proj,BF16,False,0.0,0.0,0.0,0.0
bf16-native,10,1000,base_model.model.model.layers.19.self_attn.k_proj.lora_magnitude_vector,19,k_proj,BF16,False,0.0,0.0,0.0,0.0
bf16-native,10,2000,base_model.model.model.layers.19.self_attn.k_proj.lora_magnitude_vector,19,k_proj,BF16,False,0.0,0.0,0.0,0.0
bf16-native,10,10,base_model.model.model.layers.19.self_attn.q_proj.lora_magnitude_vector,19,q_proj,BF16,False,0.0,0.0,0.0,0.0
bf16-native,10,50,base_model.model.model.layers.19.self_attn.q_proj.lora_magnitude_vector,19,q_proj,BF16,False,0.0,0.0,0.0,0.0
bf16-native,10,100,base_model.model.model.layers.19.self_attn.q_proj.lora_magnitude_vector,19,q_proj,BF16,False,0.0,0.0,0.0,0.0
bf16-native,10,200,base_model.model.model.layers.19.self_attn.q_proj.lora_magnitude_vector,19,q_proj,BF16,False,0.0,0.0,0.0,0.0
bf16-native,10,500,base_model.model.model.layers.19.self_attn.q_proj.lora_magnitude_vector,19,q_proj,BF16,False,0.0,0.0,0.0,0.0
bf16-native,10,1000,base_model.model.model.layers.19.self_attn.q_proj.lora_magnitude_vector,19,q_proj,BF16,False,0.0,0.0,0.0,0.0
bf16-native,10,2000,base_model.model.model.layers.19.self_attn.q_proj.lora_magnitude_vector,19,q_proj,BF16,False,0.0,0.0,0.0,0.0
bf16-native,10,10,base_model.model.model.layers.19.self_attn.v_proj.lora_magnitude_vector,19,v_proj,BF16,False,0.0,0.0,0.0,0.0
bf16-native,10,50,base_model.model.model.layers.19.self_attn.v_proj.lora_magnitude_vector,19,v_proj,BF16,False,0.0,0.0,0.0,0.0
bf16-native,10,100,base_model.model.model.layers.19.self_attn.v_proj.lora_magnitude_vector,19,v_proj,BF16,False,0.0,0.0,0.0,0.0
bf16-native,10,200,base_model.model.model.layers.19.self_attn.v_proj.lora_magnitude_vector,19,v_proj,BF16,False,0.0,0.0,0.0,0.0
bf16-native,10,500,base_model.model.model.layers.19.self_attn.v_proj.lora_magnitude_vector,19,v_proj,BF16,False,0.0,0.0,0.0,0.0
bf16-native,10,1000,base_model.model.model.layers.19.self_attn.v_proj.lora_magnitude_vector,19,v_proj,BF16,False,0.0,0.0,0.0,0.0
bf16-native,10,2000,base_model.model.model.layers.19.self_attn.v_proj.lora_magnitude_vector,19,v_proj,BF16,False,0.0,0.0,0.0,0.0
bf16-native,10,10,base_model.model.model.layers.2.mlp.down_proj.lora_magnitude_vector,2,down_proj,BF16,False,0.0,0.0,0.0,0.0
bf16-native,10,50,base_model.model.model.layers.2.mlp.down_proj.lora_magnitude_vector,2,down_proj,BF16,False,0.0,0.0,0.0,0.0
bf16-native,10,100,base_model.model.model.layers.2.mlp.down_proj.lora_magnitude_vector,2,down_proj,BF16,False,0.0,0.0,0.0,0.0
bf16-native,10,200,base_model.model.model.layers.2.mlp.down_proj.lora_magnitude_vector,2,down_proj,BF16,False,0.0,0.0,0.0,0.0
bf16-native,10,500,base_model.model.model.layers.2.mlp.down_proj.lora_magnitude_vector,2,down_proj,BF16,False,0.0,0.0,0.0,0.0
bf16-native,10,1000,base_model.model.model.layers.2.mlp.down_proj.lora_magnitude_vector,2,down_proj,BF16,False,0.0,0.0,0.0,0.0
bf16-native,10,2000,base_model.model.model.layers.2.mlp.down_proj.lora_magnitude_vector,2,down_proj,BF16,False,0.0,0.0,0.0,0.0
bf16-native,10,10,base_model.model.model.layers.2.mlp.up_proj.lora_magnitude_vector,2,up_proj,BF16,False,0.0,0.0,0.0,0.0
bf16-native,10,50,base_model.model.model.layers.2.mlp.up_proj.lora_magnitude_vector,2,up_proj,BF16,False,0.0,0.0,0.0,0.0
bf16-native,10,100,base_model.model.model.layers.2.mlp.up_proj.lora_magnitude_vector,2,up_proj,BF16,False,0.0,0.0,0.0,0.0
bf16-native,10,200,base_model.model.model.layers.2.mlp.up_proj.lora_magnitude_vector,2,up_proj,BF16,False,0.0,0.0,0.0,0.0
bf16-native,10,500,base_model.model.model.layers.2.mlp.up_proj.lora_magnitude_vector,2,up_proj,BF16,False,0.0,0.0,0.0,0.0
bf16-native,10,1000,base_model.model.model.layers.2.mlp.up_proj.lora_magnitude_vector,2,up_proj,BF16,False,0.0,0.0,0.0,0.0
bf16-native,10,2000,base_model.model.model.layers.2.mlp.up_proj.lora_magnitude_vector,2,up_proj,BF16,False,0.0,0.0,0.0,0.0
bf16-native,10,10,base_model.model.model.layers.2.self_attn.k_proj.lora_magnitude_vector,2,k_proj,BF16,False,0.0,0.0,0.0,0.0
bf16-native,10,50,base_model.model.model.layers.2.self_attn.k_proj.lora_magnitude_vector,2,k_proj,BF16,False,0.0,0.0,0.0,0.0
bf16-native,10,100,base_model.model.model.layers.2.self_attn.k_proj.lora_magnitude_vector,2,k_proj,BF16,False,0.0,0.0,0.0,0.0
bf16-native,10,200,base_model.model.model.layers.2.self_attn.k_proj.lora_magnitude_vector,2,k_proj,BF16,False,0.0,0.0,0.0,0.0
bf16-native,10,500,base_model.model.model.layers.2.self_attn.k_proj.lora_magnitude_vector,2,k_proj,BF16,False,0.0,0.0,0.0,0.0
bf16-native,10,1000,base_model.model.model.layers.2.self_attn.k_proj.lora_magnitude_vector,2,k_proj,BF16,False,0.0,0.0,0.0,0.0
bf16-native,10,2000,base_model.model.model.layers.2.self_attn.k_proj.lora_magnitude_vector,2,k_proj,BF16,False,0.0,0.0,0.0,0.0
bf16-native,10,10,base_model.model.model.layers.2.self_attn.q_proj.lora_magnitude_vector,2,q_proj,BF16,False,0.0,0.0,0.0,0.0
bf16-native,10,50,base_model.model.model.layers.2.self_attn.q_proj.lora_magnitude_vector,2,q_proj,BF16,False,0.0,0.0,0.0,0.0
bf16-native,10,100,base_model.model.model.layers.2.self_attn.q_proj.lora_magnitude_vector,2,q_proj,BF16,False,0.0,0.0,0.0,0.0
bf16-native,10,200,base_model.model.model.layers.2.self_attn.q_proj.lora_magnitude_vector,2,q_proj,BF16,False,0.0,0.0,0.0,0.0
bf16-native,10,500,base_model.model.model.layers.2.self_attn.q_proj.lora_magnitude_vector,2,q_proj,BF16,False,0.0,0.0,0.0,0.0
bf16-native,10,1000,base_model.model.model.layers.2.self_attn.q_proj.lora_magnitude_vector,2,q_proj,BF16,False,0.0,0.0,0.0,0.0
bf16-native,10,2000,base_model.model.model.layers.2.self_attn.q_proj.lora_magnitude_vector,2,q_proj,BF16,False,0.0,0.0,0.0,0.0
bf16-native,10,10,base_model.model.model.layers.2.self_attn.v_proj.lora_magnitude_vector,2,v_proj,BF16,False,0.0,0.0,0.0,0.0
bf16-native,10,50,base_model.model.model.layers.2.self_attn.v_proj.lora_magnitude_vector,2,v_proj,BF16,False,0.0,0.0,0.0,0.0
bf16-native,10,100,base_model.model.model.layers.2.self_attn.v_proj.lora_magnitude_vector,2,v_proj,BF16,False,0.0,0.0,0.0,0.0
bf16-native,10,200,base_model.model.model.layers.2.self_attn.v_proj.lora_magnitude_vector,2,v_proj,BF16,False,0.0,0.0,0.0,0.0
bf16-native,10,500,base_model.model.model.layers.2.self_attn.v_proj.lora_magnitude_vector,2,v_proj,BF16,False,0.0,0.0,0.0,0.0
bf16-native,10,1000,base_model.model.model.layers.2.self_attn.v_proj.lora_magnitude_vector,2,v_proj,BF16,False,0.0,0.0,0.0,0.0
bf16-native,10,2000,base_model.model.model.layers.2.self_attn.v_proj.lora_magnitude_vector,2,v_proj,BF16,False,0.0,0.0,0.0,0.0
bf16-native,10,10,base_model.model.model.layers.20.mlp.down_proj.lora_magnitude_vector,20,down_proj,BF16,False,0.0,0.0,0.0,0.0
bf16-native,10,50,base_model.model.model.layers.20.mlp.down_proj.lora_magnitude_vector,20,down_proj,BF16,False,0.0,0.0,0.0,0.0
bf16-native,10,100,base_model.model.model.layers.20.mlp.down_proj.lora_magnitude_vector,20,down_proj,BF16,False,0.0,0.0,0.0,0.0
bf16-native,10,200,base_model.model.model.layers.20.mlp.down_proj.lora_magnitude_vector,20,down_proj,BF16,False,0.0,0.0,0.0,0.0
bf16-native,10,500,base_model.model.model.layers.20.mlp.down_proj.lora_magnitude_vector,20,down_proj,BF16,False,0.0,0.0,0.0,0.0
bf16-native,10,1000,base_model.model.model.layers.20.mlp.down_proj.lora_magnitude_vector,20,down_proj,BF16,False,0.0,0.0,0.0,0.0
bf16-native,10,2000,base_model.model.model.layers.20.mlp.down_proj.lora_magnitude_vector,20,down_proj,BF16,False,0.0,0.0,0.0,0.0
bf16-native,10,10,base_model.model.model.layers.20.mlp.up_proj.lora_magnitude_vector,20,up_proj,BF16,False,0.0,0.0,0.0,0.0
bf16-native,10,50,base_model.model.model.layers.20.mlp.up_proj.lora_magnitude_vector,20,up_proj,BF16,False,0.0,0.0,0.0,0.0
bf16-native,10,100,base_model.model.model.layers.20.mlp.up_proj.lora_magnitude_vector,20,up_proj,BF16,False,0.0,0.0,0.0,0.0
bf16-native,10,200,base_model.model.model.layers.20.mlp.up_proj.lora_magnitude_vector,20,up_proj,BF16,False,0.0,0.0,0.0,0.0
bf16-native,10,500,base_model.model.model.layers.20.mlp.up_proj.lora_magnitude_vector,20,up_proj,BF16,False,0.0,0.0,0.0,0.0
bf16-native,10,1000,base_model.model.model.layers.20.mlp.up_proj.lora_magnitude_vector,20,up_proj,BF16,False,0.0,0.0,0.0,0.0
bf16-native,10,2000,base_model.model.model.layers.20.mlp.up_proj.lora_magnitude_vector,20,up_proj,BF16,False,0.0,0.0,0.0,0.0
bf16-native,10,10,base_model.model.model.layers.20.self_attn.k_proj.lora_magnitude_vector,20,k_proj,BF16,False,0.0,0.0,0.0,0.0
bf16-native,10,50,base_model.model.model.layers.20.self_attn.k_proj.lora_magnitude_vector,20,k_proj,BF16,False,0.0,0.0,0.0,0.0
bf16-native,10,100,base_model.model.model.layers.20.self_attn.k_proj.lora_magnitude_vector,20,k_proj,BF16,False,0.0,0.0,0.0,0.0
bf16-native,10,200,base_model.model.model.layers.20.self_attn.k_proj.lora_magnitude_vector,20,k_proj,BF16,False,0.0,0.0,0.0,0.0
bf16-native,10,500,base_model.model.model.layers.20.self_attn.k_proj.lora_magnitude_vector,20,k_proj,BF16,False,0.0,0.0,0.0,0.0
bf16-native,10,1000,base_model.model.model.layers.20.self_attn.k_proj.lora_magnitude_vector,20,k_proj,BF16,False,0.0,0.0,0.0,0.0
bf16-native,10,2000,base_model.model.model.layers.20.self_attn.k_proj.lora_magnitude_vector,20,k_proj,BF16,False,0.0,0.0,0.0,0.0
bf16-native,10,10,base_model.model.model.layers.20.self_attn.q_proj.lora_magnitude_vector,20,q_proj,BF16,False,0.0,0.0,0.0,0.0
bf16-native,10,50,base_model.model.model.layers.20.self_attn.q_proj.lora_magnitude_vector,20,q_proj,BF16,False,0.0,0.0,0.0,0.0
bf16-native,10,100,base_model.model.model.layers.20.self_attn.q_proj.lora_magnitude_vector,20,q_proj,BF16,False,0.0,0.0,0.0,0.0
bf16-native,10,200,base_model.model.model.layers.20.self_attn.q_proj.lora_magnitude_vector,20,q_proj,BF16,False,0.0,0.0,0.0,0.0
bf16-native,10,500,base_model.model.model.layers.20.self_attn.q_proj.lora_magnitude_vector,20,q_proj,BF16,False,0.0,0.0,0.0,0.0
bf16-native,10,1000,base_model.model.model.layers.20.self_attn.q_proj.lora_magnitude_vector,20,q_proj,BF16,False,0.0,0.0,0.0,0.0
bf16-native,10,2000,base_model.model.model.layers.20.self_attn.q_proj.lora_magnitude_vector,20,q_proj,BF16,False,0.0,0.0,0.0,0.0
bf16-native,10,10,base_model.model.model.layers.20.self_attn.v_proj.lora_magnitude_vector,20,v_proj,BF16,False,0.0,0.0,0.0,0.0
bf16-native,10,50,base_model.model.model.layers.20.self_attn.v_proj.lora_magnitude_vector,20,v_proj,BF16,False,0.0,0.0,0.0,0.0
bf16-native,10,100,base_model.model.model.layers.20.self_attn.v_proj.lora_magnitude_vector,20,v_proj,BF16,False,0.0,0.0,0.0,0.0
bf16-native,10,200,base_model.model.model.layers.20.self_attn.v_proj.lora_magnitude_vector,20,v_proj,BF16,False,0.0,0.0,0.0,0.0
bf16-native,10,500,base_model.model.model.layers.20.self_attn.v_proj.lora_magnitude_vector,20,v_proj,BF16,False,0.0,0.0,0.0,0.0
bf16-native,10,1000,base_model.model.model.layers.20.self_attn.v_proj.lora_magnitude_vector,20,v_proj,BF16,False,0.0,0.0,0.0,0.0
bf16-native,10,2000,base_model.model.model.layers.20.self_attn.v_proj.lora_magnitude_vector,20,v_proj,BF16,False,0.0,0.0,0.0,0.0
bf16-native,10,10,base_model.model.model.layers.21.mlp.down_proj.lora_magnitude_vector,21,down_proj,BF16,False,0.0,0.0,0.0,0.0
bf16-native,10,50,base_model.model.model.layers.21.mlp.down_proj.lora_magnitude_vector,21,down_proj,BF16,False,0.0,0.0,0.0,0.0
bf16-native,10,100,base_model.model.model.layers.21.mlp.down_proj.lora_magnitude_vector,21,down_proj,BF16,False,0.0,0.0,0.0,0.0
bf16-native,10,200,base_model.model.model.layers.21.mlp.down_proj.lora_magnitude_vector,21,down_proj,BF16,False,0.0,0.0,0.0,0.0
bf16-native,10,500,base_model.model.model.layers.21.mlp.down_proj.lora_magnitude_vector,21,down_proj,BF16,False,0.0,0.0,0.0,0.0
bf16-native,10,1000,base_model.model.model.layers.21.mlp.down_proj.lora_magnitude_vector,21,down_proj,BF16,False,0.0,0.0,0.0,0.0
bf16-native,10,2000,base_model.model.model.layers.21.mlp.down_proj.lora_magnitude_vector,21,down_proj,BF16,False,0.0,0.0,0.0,0.0
bf16-native,10,10,base_model.model.model.layers.21.mlp.up_proj.lora_magnitude_vector,21,up_proj,BF16,False,0.0,0.0,0.0,0.0
bf16-native,10,50,base_model.model.model.layers.21.mlp.up_proj.lora_magnitude_vector,21,up_proj,BF16,False,0.0,0.0,0.0,0.0
bf16-native,10,100,base_model.model.model.layers.21.mlp.up_proj.lora_magnitude_vector,21,up_proj,BF16,False,0.0,0.0,0.0,0.0
bf16-native,10,200,base_model.model.model.layers.21.mlp.up_proj.lora_magnitude_vector,21,up_proj,BF16,False,0.0,0.0,0.0,0.0
bf16-native,10,500,base_model.model.model.layers.21.mlp.up_proj.lora_magnitude_vector,21,up_proj,BF16,False,0.0,0.0,0.0,0.0
bf16-native,10,1000,base_model.model.model.layers.21.mlp.up_proj.lora_magnitude_vector,21,up_proj,BF16,False,0.0,0.0,0.0,0.0
bf16-native,10,2000,base_model.model.model.layers.21.mlp.up_proj.lora_magnitude_vector,21,up_proj,BF16,False,0.0,0.0,0.0,0.0
bf16-native,10,10,base_model.model.model.layers.21.self_attn.k_proj.lora_magnitude_vector,21,k_proj,BF16,False,0.0,0.0,0.0,0.0
bf16-native,10,50,base_model.model.model.layers.21.self_attn.k_proj.lora_magnitude_vector,21,k_proj,BF16,False,0.0,0.0,0.0,0.0
bf16-native,10,100,base_model.model.model.layers.21.self_attn.k_proj.lora_magnitude_vector,21,k_proj,BF16,False,0.0,0.0,0.0,0.0
bf16-native,10,200,base_model.model.model.layers.21.self_attn.k_proj.lora_magnitude_vector,21,k_proj,BF16,False,0.0,0.0,0.0,0.0
bf16-native,10,500,base_model.model.model.layers.21.self_attn.k_proj.lora_magnitude_vector,21,k_proj,BF16,False,0.0,0.0,0.0,0.0
bf16-native,10,1000,base_model.model.model.layers.21.self_attn.k_proj.lora_magnitude_vector,21,k_proj,BF16,False,0.0,0.0,0.0,0.0
bf16-native,10,2000,base_model.model.model.layers.21.self_attn.k_proj.lora_magnitude_vector,21,k_proj,BF16,False,0.0,0.0,0.0,0.0
bf16-native,10,10,base_model.model.model.layers.21.self_attn.q_proj.lora_magnitude_vector,21,q_proj,BF16,False,0.0,0.0,0.0,0.0
bf16-native,10,50,base_model.model.model.layers.21.self_attn.q_proj.lora_magnitude_vector,21,q_proj,BF16,False,0.0,0.0,0.0,0.0
bf16-native,10,100,base_model.model.model.layers.21.self_attn.q_proj.lora_magnitude_vector,21,q_proj,BF16,False,0.0,0.0,0.0,0.0
bf16-native,10,200,base_model.model.model.layers.21.self_attn.q_proj.lora_magnitude_vector,21,q_proj,BF16,False,0.0,0.0,0.0,0.0
bf16-native,10,500,base_model.model.model.layers.21.self_attn.q_proj.lora_magnitude_vector,21,q_proj,BF16,False,0.0,0.0,0.0,0.0
bf16-native,10,1000,base_model.model.model.layers.21.self_attn.q_proj.lora_magnitude_vector,21,q_proj,BF16,False,0.0,0.0,0.0,0.0
bf16-native,10,2000,base_model.model.model.layers.21.self_attn.q_proj.lora_magnitude_vector,21,q_proj,BF16,False,0.0,0.0,0.0,0.0
bf16-native,10,10,base_model.model.model.layers.21.self_attn.v_proj.lora_magnitude_vector,21,v_proj,BF16,False,0.0,0.0,0.0,0.0
bf16-native,10,50,base_model.model.model.layers.21.self_attn.v_proj.lora_magnitude_vector,21,v_proj,BF16,False,0.0,0.0,0.0,0.0
bf16-native,10,100,base_model.model.model.layers.21.self_attn.v_proj.lora_magnitude_vector,21,v_proj,BF16,False,0.0,0.0,0.0,0.0
bf16-native,10,200,base_model.model.model.layers.21.self_attn.v_proj.lora_magnitude_vector,21,v_proj,BF16,False,0.0,0.0,0.0,0.0
bf16-native,10,500,base_model.model.model.layers.21.self_attn.v_proj.lora_magnitude_vector,21,v_proj,BF16,False,0.0,0.0,0.0,0.0
bf16-native,10,1000,base_model.model.model.layers.21.self_attn.v_proj.lora_magnitude_vector,21,v_proj,BF16,False,0.0,0.0,0.0,0.0
bf16-native,10,2000,base_model.model.model.layers.21.self_attn.v_proj.lora_magnitude_vector,21,v_proj,BF16,False,0.0,0.0,0.0,0.0
bf16-native,10,10,base_model.model.model.layers.22.mlp.down_proj.lora_magnitude_vector,22,down_proj,BF16,False,0.0,0.0,0.0,0.0
bf16-native,10,50,base_model.model.model.layers.22.mlp.down_proj.lora_magnitude_vector,22,down_proj,BF16,False,0.0,0.0,0.0,0.0
bf16-native,10,100,base_model.model.model.layers.22.mlp.down_proj.lora_magnitude_vector,22,down_proj,BF16,False,0.0,0.0,0.0,0.0
bf16-native,10,200,base_model.model.model.layers.22.mlp.down_proj.lora_magnitude_vector,22,down_proj,BF16,False,0.0,0.0,0.0,0.0
bf16-native,10,500,base_model.model.model.layers.22.mlp.down_proj.lora_magnitude_vector,22,down_proj,BF16,False,0.0,0.0,0.0,0.0
bf16-native,10,1000,base_model.model.model.layers.22.mlp.down_proj.lora_magnitude_vector,22,down_proj,BF16,False,0.0,0.0,0.0,0.0
bf16-native,10,2000,base_model.model.model.layers.22.mlp.down_proj.lora_magnitude_vector,22,down_proj,BF16,False,0.0,0.0,0.0,0.0
bf16-native,10,10,base_model.model.model.layers.22.mlp.up_proj.lora_magnitude_vector,22,up_proj,BF16,False,0.0,0.0,0.0,0.0
bf16-native,10,50,base_model.model.model.layers.22.mlp.up_proj.lora_magnitude_vector,22,up_proj,BF16,False,0.0,0.0,0.0,0.0
bf16-native,10,100,base_model.model.model.layers.22.mlp.up_proj.lora_magnitude_vector,22,up_proj,BF16,False,0.0,0.0,0.0,0.0
bf16-native,10,200,base_model.model.model.layers.22.mlp.up_proj.lora_magnitude_vector,22,up_proj,BF16,False,0.0,0.0,0.0,0.0
bf16-native,10,500,base_model.model.model.layers.22.mlp.up_proj.lora_magnitude_vector,22,up_proj,BF16,False,0.0,0.0,0.0,0.0
bf16-native,10,1000,base_model.model.model.layers.22.mlp.up_proj.lora_magnitude_vector,22,up_proj,BF16,False,0.0,0.0,0.0,0.0
bf16-native,10,2000,base_model.model.model.layers.22.mlp.up_proj.lora_magnitude_vector,22,up_proj,BF16,False,0.0,0.0,0.0,0.0
bf16-native,10,10,base_model.model.model.layers.22.self_attn.k_proj.lora_magnitude_vector,22,k_proj,BF16,False,0.0,0.0,0.0,0.0
bf16-native,10,50,base_model.model.model.layers.22.self_attn.k_proj.lora_magnitude_vector,22,k_proj,BF16,False,0.0,0.0,0.0,0.0
bf16-native,10,100,base_model.model.model.layers.22.self_attn.k_proj.lora_magnitude_vector,22,k_proj,BF16,False,0.0,0.0,0.0,0.0
bf16-native,10,200,base_model.model.model.layers.22.self_attn.k_proj.lora_magnitude_vector,22,k_proj,BF16,False,0.0,0.0,0.0,0.0
bf16-native,10,500,base_model.model.model.layers.22.self_attn.k_proj.lora_magnitude_vector,22,k_proj,BF16,False,0.0,0.0,0.0,0.0
bf16-native,10,1000,base_model.model.model.layers.22.self_attn.k_proj.lora_magnitude_vector,22,k_proj,BF16,False,0.0,0.0,0.0,0.0
bf16-native,10,2000,base_model.model.model.layers.22.self_attn.k_proj.lora_magnitude_vector,22,k_proj,BF16,False,0.0,0.0,0.0,0.0
bf16-native,10,10,base_model.model.model.layers.22.self_attn.q_proj.lora_magnitude_vector,22,q_proj,BF16,False,0.0,0.0,0.0,0.0
bf16-native,10,50,base_model.model.model.layers.22.self_attn.q_proj.lora_magnitude_vector,22,q_proj,BF16,False,0.0,0.0,0.0,0.0
bf16-native,10,100,base_model.model.model.layers.22.self_attn.q_proj.lora_magnitude_vector,22,q_proj,BF16,False,0.0,0.0,0.0,0.0
bf16-native,10,200,base_model.model.model.layers.22.self_attn.q_proj.lora_magnitude_vector,22,q_proj,BF16,False,0.0,0.0,0.0,0.0
bf16-native,10,500,base_model.model.model.layers.22.self_attn.q_proj.lora_magnitude_vector,22,q_proj,BF16,False,0.0,0.0,0.0,0.0
bf16-native,10,1000,base_model.model.model.layers.22.self_attn.q_proj.lora_magnitude_vector,22,q_proj,BF16,False,0.0,0.0,0.0,0.0
bf16-native,10,2000,base_model.model.model.layers.22.self_attn.q_proj.lora_magnitude_vector,22,q_proj,BF16,False,0.0,0.0,0.0,0.0
bf16-native,10,10,base_model.model.model.layers.22.self_attn.v_proj.lora_magnitude_vector,22,v_proj,BF16,False,0.0,0.0,0.0,0.0
bf16-native,10,50,base_model.model.model.layers.22.self_attn.v_proj.lora_magnitude_vector,22,v_proj,BF16,False,0.0,0.0,0.0,0.0
bf16-native,10,100,base_model.model.model.layers.22.self_attn.v_proj.lora_magnitude_vector,22,v_proj,BF16,False,0.0,0.0,0.0,0.0
bf16-native,10,200,base_model.model.model.layers.22.self_attn.v_proj.lora_magnitude_vector,22,v_proj,BF16,False,0.0,0.0,0.0,0.0
bf16-native,10,500,base_model.model.model.layers.22.self_attn.v_proj.lora_magnitude_vector,22,v_proj,BF16,False,0.0,0.0,0.0,0.0
bf16-native,10,1000,base_model.model.model.layers.22.self_attn.v_proj.lora_magnitude_vector,22,v_proj,BF16,False,0.0,0.0,0.0,0.0
bf16-native,10,2000,base_model.model.model.layers.22.self_attn.v_proj.lora_magnitude_vector,22,v_proj,BF16,False,0.0,0.0,0.0,0.0
bf16-native,10,10,base_model.model.model.layers.23.mlp.down_proj.lora_magnitude_vector,23,down_proj,BF16,False,0.0,0.0,0.0,0.0
bf16-native,10,50,base_model.model.model.layers.23.mlp.down_proj.lora_magnitude_vector,23,down_proj,BF16,False,0.0,0.0,0.0,0.0
bf16-native,10,100,base_model.model.model.layers.23.mlp.down_proj.lora_magnitude_vector,23,down_proj,BF16,False,0.0,0.0,0.0,0.0
bf16-native,10,200,base_model.model.model.layers.23.mlp.down_proj.lora_magnitude_vector,23,down_proj,BF16,False,0.0,0.0,0.0,0.0
bf16-native,10,500,base_model.model.model.layers.23.mlp.down_proj.lora_magnitude_vector,23,down_proj,BF16,False,0.0,0.0,0.0,0.0
bf16-native,10,1000,base_model.model.model.layers.23.mlp.down_proj.lora_magnitude_vector,23,down_proj,BF16,False,0.0,0.0,0.0,0.0
bf16-native,10,2000,base_model.model.model.layers.23.mlp.down_proj.lora_magnitude_vector,23,down_proj,BF16,False,0.0,0.0,0.0,0.0
bf16-native,10,10,base_model.model.model.layers.23.mlp.up_proj.lora_magnitude_vector,23,up_proj,BF16,False,0.0,0.0,0.0,0.0
bf16-native,10,50,base_model.model.model.layers.23.mlp.up_proj.lora_magnitude_vector,23,up_proj,BF16,False,0.0,0.0,0.0,0.0
bf16-native,10,100,base_model.model.model.layers.23.mlp.up_proj.lora_magnitude_vector,23,up_proj,BF16,False,0.0,0.0,0.0,0.0
bf16-native,10,200,base_model.model.model.layers.23.mlp.up_proj.lora_magnitude_vector,23,up_proj,BF16,False,0.0,0.0,0.0,0.0
bf16-native,10,500,base_model.model.model.layers.23.mlp.up_proj.lora_magnitude_vector,23,up_proj,BF16,False,0.0,0.0,0.0,0.0
bf16-native,10,1000,base_model.model.model.layers.23.mlp.up_proj.lora_magnitude_vector,23,up_proj,BF16,False,0.0,0.0,0.0,0.0
bf16-native,10,2000,base_model.model.model.layers.23.mlp.up_proj.lora_magnitude_vector,23,up_proj,BF16,False,0.0,0.0,0.0,0.0
bf16-native,10,10,base_model.model.model.layers.23.self_attn.k_proj.lora_magnitude_vector,23,k_proj,BF16,False,0.0,0.0,0.0,0.0
bf16-native,10,50,base_model.model.model.layers.23.self_attn.k_proj.lora_magnitude_vector,23,k_proj,BF16,False,0.0,0.0,0.0,0.0
bf16-native,10,100,base_model.model.model.layers.23.self_attn.k_proj.lora_magnitude_vector,23,k_proj,BF16,False,0.0,0.0,0.0,0.0
bf16-native,10,200,base_model.model.model.layers.23.self_attn.k_proj.lora_magnitude_vector,23,k_proj,BF16,False,0.0,0.0,0.0,0.0
bf16-native,10,500,base_model.model.model.layers.23.self_attn.k_proj.lora_magnitude_vector,23,k_proj,BF16,False,0.0,0.0,0.0,0.0
bf16-native,10,1000,base_model.model.model.layers.23.self_attn.k_proj.lora_magnitude_vector,23,k_proj,BF16,False,0.0,0.0,0.0,0.0
bf16-native,10,2000,base_model.model.model.layers.23.self_attn.k_proj.lora_magnitude_vector,23,k_proj,BF16,False,0.0,0.0,0.0,0.0
bf16-native,10,10,base_model.model.model.layers.23.self_attn.q_proj.lora_magnitude_vector,23,q_proj,BF16,False,0.0,0.0,0.0,0.0
bf16-native,10,50,base_model.model.model.layers.23.self_attn.q_proj.lora_magnitude_vector,23,q_proj,BF16,False,0.0,0.0,0.0,0.0
bf16-native,10,100,base_model.model.model.layers.23.self_attn.q_proj.lora_magnitude_vector,23,q_proj,BF16,False,0.0,0.0,0.0,0.0
bf16-native,10,200,base_model.model.model.layers.23.self_attn.q_proj.lora_magnitude_vector,23,q_proj,BF16,False,0.0,0.0,0.0,0.0
bf16-native,10,500,base_model.model.model.layers.23.self_attn.q_proj.lora_magnitude_vector,23,q_proj,BF16,False,0.0,0.0,0.0,0.0
bf16-native,10,1000,base_model.model.model.layers.23.self_attn.q_proj.lora_magnitude_vector,23,q_proj,BF16,False,0.0,0.0,0.0,0.0
bf16-native,10,2000,base_model.model.model.layers.23.self_attn.q_proj.lora_magnitude_vector,23,q_proj,BF16,False,0.0,0.0,0.0,0.0
bf16-native,10,10,base_model.model.model.layers.23.self_attn.v_proj.lora_magnitude_vector,23,v_proj,BF16,False,0.0,0.0,0.0,0.0
bf16-native,10,50,base_model.model.model.layers.23.self_attn.v_proj.lora_magnitude_vector,23,v_proj,BF16,False,0.0,0.0,0.0,0.0
bf16-native,10,100,base_model.model.model.layers.23.self_attn.v_proj.lora_magnitude_vector,23,v_proj,BF16,False,0.0,0.0,0.0,0.0
bf16-native,10,200,base_model.model.model.layers.23.self_attn.v_proj.lora_magnitude_vector,23,v_proj,BF16,False,0.0,0.0,0.0,0.0
bf16-native,10,500,base_model.model.model.layers.23.self_attn.v_proj.lora_magnitude_vector,23,v_proj,BF16,False,0.0,0.0,0.0,0.0
bf16-native,10,1000,base_model.model.model.layers.23.self_attn.v_proj.lora_magnitude_vector,23,v_proj,BF16,False,0.0,0.0,0.0,0.0
bf16-native,10,2000,base_model.model.model.layers.23.self_attn.v_proj.lora_magnitude_vector,23,v_proj,BF16,False,0.0,0.0,0.0,0.0
bf16-native,10,10,base_model.model.model.layers.24.mlp.down_proj.lora_magnitude_vector,24,down_proj,BF16,False,0.0,0.0,0.0,0.0
bf16-native,10,50,base_model.model.model.layers.24.mlp.down_proj.lora_magnitude_vector,24,down_proj,BF16,False,0.0,0.0,0.0,0.0
bf16-native,10,100,base_model.model.model.layers.24.mlp.down_proj.lora_magnitude_vector,24,down_proj,BF16,False,0.0,0.0,0.0,0.0
bf16-native,10,200,base_model.model.model.layers.24.mlp.down_proj.lora_magnitude_vector,24,down_proj,BF16,False,0.0,0.0,0.0,0.0
bf16-native,10,500,base_model.model.model.layers.24.mlp.down_proj.lora_magnitude_vector,24,down_proj,BF16,False,0.0,0.0,0.0,0.0
bf16-native,10,1000,base_model.model.model.layers.24.mlp.down_proj.lora_magnitude_vector,24,down_proj,BF16,False,0.0,0.0,0.0,0.0
bf16-native,10,2000,base_model.model.model.layers.24.mlp.down_proj.lora_magnitude_vector,24,down_proj,BF16,False,0.0,0.0,0.0,0.0
bf16-native,10,10,base_model.model.model.layers.24.mlp.up_proj.lora_magnitude_vector,24,up_proj,BF16,False,0.0,0.0,0.0,0.0
bf16-native,10,50,base_model.model.model.layers.24.mlp.up_proj.lora_magnitude_vector,24,up_proj,BF16,False,0.0,0.0,0.0,0.0
bf16-native,10,100,base_model.model.model.layers.24.mlp.up_proj.lora_magnitude_vector,24,up_proj,BF16,False,0.0,0.0,0.0,0.0
bf16-native,10,200,base_model.model.model.layers.24.mlp.up_proj.lora_magnitude_vector,24,up_proj,BF16,False,0.0,0.0,0.0,0.0
bf16-native,10,500,base_model.model.model.layers.24.mlp.up_proj.lora_magnitude_vector,24,up_proj,BF16,False,0.0,0.0,0.0,0.0
bf16-native,10,1000,base_model.model.model.layers.24.mlp.up_proj.lora_magnitude_vector,24,up_proj,BF16,False,0.0,0.0,0.0,0.0
bf16-native,10,2000,base_model.model.model.layers.24.mlp.up_proj.lora_magnitude_vector,24,up_proj,BF16,False,0.0,0.0,0.0,0.0
bf16-native,10,10,base_model.model.model.layers.24.self_attn.k_proj.lora_magnitude_vector,24,k_proj,BF16,False,0.0,0.0,0.0,0.0
bf16-native,10,50,base_model.model.model.layers.24.self_attn.k_proj.lora_magnitude_vector,24,k_proj,BF16,False,0.0,0.0,0.0,0.0
bf16-native,10,100,base_model.model.model.layers.24.self_attn.k_proj.lora_magnitude_vector,24,k_proj,BF16,False,0.0,0.0,0.0,0.0
bf16-native,10,200,base_model.model.model.layers.24.self_attn.k_proj.lora_magnitude_vector,24,k_proj,BF16,False,0.0,0.0,0.0,0.0
bf16-native,10,500,base_model.model.model.layers.24.self_attn.k_proj.lora_magnitude_vector,24,k_proj,BF16,False,0.0,0.0,0.0,0.0
bf16-native,10,1000,base_model.model.model.layers.24.self_attn.k_proj.lora_magnitude_vector,24,k_proj,BF16,False,0.0,0.0,0.0,0.0
bf16-native,10,2000,base_model.model.model.layers.24.self_attn.k_proj.lora_magnitude_vector,24,k_proj,BF16,False,0.0,0.0,0.0,0.0
bf16-native,10,10,base_model.model.model.layers.24.self_attn.q_proj.lora_magnitude_vector,24,q_proj,BF16,False,0.0,0.0,0.0,0.0
bf16-native,10,50,base_model.model.model.layers.24.self_attn.q_proj.lora_magnitude_vector,24,q_proj,BF16,False,0.0,0.0,0.0,0.0
bf16-native,10,100,base_model.model.model.layers.24.self_attn.q_proj.lora_magnitude_vector,24,q_proj,BF16,False,0.0,0.0,0.0,0.0
bf16-native,10,200,base_model.model.model.layers.24.self_attn.q_proj.lora_magnitude_vector,24,q_proj,BF16,False,0.0,0.0,0.0,0.0
bf16-native,10,500,base_model.model.model.layers.24.self_attn.q_proj.lora_magnitude_vector,24,q_proj,BF16,False,0.0,0.0,0.0,0.0
bf16-native,10,1000,base_model.model.model.layers.24.self_attn.q_proj.lora_magnitude_vector,24,q_proj,BF16,False,0.0,0.0,0.0,0.0
bf16-native,10,2000,base_model.model.model.layers.24.self_attn.q_proj.lora_magnitude_vector,24,q_proj,BF16,False,0.0,0.0,0.0,0.0
bf16-native,10,10,base_model.model.model.layers.24.self_attn.v_proj.lora_magnitude_vector,24,v_proj,BF16,False,0.0,0.0,0.0,0.0
bf16-native,10,50,base_model.model.model.layers.24.self_attn.v_proj.lora_magnitude_vector,24,v_proj,BF16,False,0.0,0.0,0.0,0.0
bf16-native,10,100,base_model.model.model.layers.24.self_attn.v_proj.lora_magnitude_vector,24,v_proj,BF16,False,0.0,0.0,0.0,0.0
bf16-native,10,200,base_model.model.model.layers.24.self_attn.v_proj.lora_magnitude_vector,24,v_proj,BF16,False,0.0,0.0,0.0,0.0
bf16-native,10,500,base_model.model.model.layers.24.self_attn.v_proj.lora_magnitude_vector,24,v_proj,BF16,False,0.0,0.0,0.0,0.0
bf16-native,10,1000,base_model.model.model.layers.24.self_attn.v_proj.lora_magnitude_vector,24,v_proj,BF16,False,0.0,0.0,0.0,0.0
bf16-native,10,2000,base_model.model.model.layers.24.self_attn.v_proj.lora_magnitude_vector,24,v_proj,BF16,False,0.0,0.0,0.0,0.0
bf16-native,10,10,base_model.model.model.layers.25.mlp.down_proj.lora_magnitude_vector,25,down_proj,BF16,False,0.0,0.0,0.0,0.0
bf16-native,10,50,base_model.model.model.layers.25.mlp.down_proj.lora_magnitude_vector,25,down_proj,BF16,False,0.0,0.0,0.0,0.0
bf16-native,10,100,base_model.model.model.layers.25.mlp.down_proj.lora_magnitude_vector,25,down_proj,BF16,False,0.0,0.0,0.0,0.0
bf16-native,10,200,base_model.model.model.layers.25.mlp.down_proj.lora_magnitude_vector,25,down_proj,BF16,False,0.0,0.0,0.0,0.0
bf16-native,10,500,base_model.model.model.layers.25.mlp.down_proj.lora_magnitude_vector,25,down_proj,BF16,False,0.0,0.0,0.0,0.0
bf16-native,10,1000,base_model.model.model.layers.25.mlp.down_proj.lora_magnitude_vector,25,down_proj,BF16,False,0.0,0.0,0.0,0.0
bf16-native,10,2000,base_model.model.model.layers.25.mlp.down_proj.lora_magnitude_vector,25,down_proj,BF16,False,0.0,0.0,0.0,0.0
bf16-native,10,10,base_model.model.model.layers.25.mlp.up_proj.lora_magnitude_vector,25,up_proj,BF16,False,0.0,0.0,0.0,0.0
bf16-native,10,50,base_model.model.model.layers.25.mlp.up_proj.lora_magnitude_vector,25,up_proj,BF16,False,0.0,0.0,0.0,0.0
bf16-native,10,100,base_model.model.model.layers.25.mlp.up_proj.lora_magnitude_vector,25,up_proj,BF16,False,0.0,0.0,0.0,0.0
bf16-native,10,200,base_model.model.model.layers.25.mlp.up_proj.lora_magnitude_vector,25,up_proj,BF16,False,0.0,0.0,0.0,0.0
bf16-native,10,500,base_model.model.model.layers.25.mlp.up_proj.lora_magnitude_vector,25,up_proj,BF16,False,0.0,0.0,0.0,0.0
bf16-native,10,1000,base_model.model.model.layers.25.mlp.up_proj.lora_magnitude_vector,25,up_proj,BF16,False,0.0,0.0,0.0,0.0
bf16-native,10,2000,base_model.model.model.layers.25.mlp.up_proj.lora_magnitude_vector,25,up_proj,BF16,False,0.0,0.0,0.0,0.0
bf16-native,10,10,base_model.model.model.layers.25.self_attn.k_proj.lora_magnitude_vector,25,k_proj,BF16,False,0.0,0.0,0.0,0.0
bf16-native,10,50,base_model.model.model.layers.25.self_attn.k_proj.lora_magnitude_vector,25,k_proj,BF16,False,0.0,0.0,0.0,0.0
bf16-native,10,100,base_model.model.model.layers.25.self_attn.k_proj.lora_magnitude_vector,25,k_proj,BF16,False,0.0,0.0,0.0,0.0
bf16-native,10,200,base_model.model.model.layers.25.self_attn.k_proj.lora_magnitude_vector,25,k_proj,BF16,False,0.0,0.0,0.0,0.0
bf16-native,10,500,base_model.model.model.layers.25.self_attn.k_proj.lora_magnitude_vector,25,k_proj,BF16,False,0.0,0.0,0.0,0.0
bf16-native,10,1000,base_model.model.model.layers.25.self_attn.k_proj.lora_magnitude_vector,25,k_proj,BF16,False,0.0,0.0,0.0,0.0
bf16-native,10,2000,base_model.model.model.layers.25.self_attn.k_proj.lora_magnitude_vector,25,k_proj,BF16,False,0.0,0.0,0.0,0.0
bf16-native,10,10,base_model.model.model.layers.25.self_attn.q_proj.lora_magnitude_vector,25,q_proj,BF16,False,0.0,0.0,0.0,0.0
bf16-native,10,50,base_model.model.model.layers.25.self_attn.q_proj.lora_magnitude_vector,25,q_proj,BF16,False,0.0,0.0,0.0,0.0
bf16-native,10,100,base_model.model.model.layers.25.self_attn.q_proj.lora_magnitude_vector,25,q_proj,BF16,False,0.0,0.0,0.0,0.0
bf16-native,10,200,base_model.model.model.layers.25.self_attn.q_proj.lora_magnitude_vector,25,q_proj,BF16,False,0.0,0.0,0.0,0.0
bf16-native,10,500,base_model.model.model.layers.25.self_attn.q_proj.lora_magnitude_vector,25,q_proj,BF16,False,0.0,0.0,0.0,0.0
bf16-native,10,1000,base_model.model.model.layers.25.self_attn.q_proj.lora_magnitude_vector,25,q_proj,BF16,False,0.0,0.0,0.0,0.0
bf16-native,10,2000,base_model.model.model.layers.25.self_attn.q_proj.lora_magnitude_vector,25,q_proj,BF16,False,0.0,0.0,0.0,0.0
bf16-native,10,10,base_model.model.model.layers.25.self_attn.v_proj.lora_magnitude_vector,25,v_proj,BF16,False,0.0,0.0,0.0,0.0
bf16-native,10,50,base_model.model.model.layers.25.self_attn.v_proj.lora_magnitude_vector,25,v_proj,BF16,False,0.0,0.0,0.0,0.0
bf16-native,10,100,base_model.model.model.layers.25.self_attn.v_proj.lora_magnitude_vector,25,v_proj,BF16,False,0.0,0.0,0.0,0.0
bf16-native,10,200,base_model.model.model.layers.25.self_attn.v_proj.lora_magnitude_vector,25,v_proj,BF16,False,0.0,0.0,0.0,0.0
bf16-native,10,500,base_model.model.model.layers.25.self_attn.v_proj.lora_magnitude_vector,25,v_proj,BF16,False,0.0,0.0,0.0,0.0
bf16-native,10,1000,base_model.model.model.layers.25.self_attn.v_proj.lora_magnitude_vector,25,v_proj,BF16,False,0.0,0.0,0.0,0.0
bf16-native,10,2000,base_model.model.model.layers.25.self_attn.v_proj.lora_magnitude_vector,25,v_proj,BF16,False,0.0,0.0,0.0,0.0
bf16-native,10,10,base_model.model.model.layers.26.mlp.down_proj.lora_magnitude_vector,26,down_proj,BF16,False,0.0,0.0,0.0,0.0
bf16-native,10,50,base_model.model.model.layers.26.mlp.down_proj.lora_magnitude_vector,26,down_proj,BF16,False,0.0,0.0,0.0,0.0
bf16-native,10,100,base_model.model.model.layers.26.mlp.down_proj.lora_magnitude_vector,26,down_proj,BF16,False,0.0,0.0,0.0,0.0
bf16-native,10,200,base_model.model.model.layers.26.mlp.down_proj.lora_magnitude_vector,26,down_proj,BF16,False,0.0,0.0,0.0,0.0
bf16-native,10,500,base_model.model.model.layers.26.mlp.down_proj.lora_magnitude_vector,26,down_proj,BF16,False,0.0,0.0,0.0,0.0
bf16-native,10,1000,base_model.model.model.layers.26.mlp.down_proj.lora_magnitude_vector,26,down_proj,BF16,False,0.0,0.0,0.0,0.0
bf16-native,10,2000,base_model.model.model.layers.26.mlp.down_proj.lora_magnitude_vector,26,down_proj,BF16,False,0.0,0.0,0.0,0.0
bf16-native,10,10,base_model.model.model.layers.26.mlp.up_proj.lora_magnitude_vector,26,up_proj,BF16,False,0.0,0.0,0.0,0.0
bf16-native,10,50,base_model.model.model.layers.26.mlp.up_proj.lora_magnitude_vector,26,up_proj,BF16,False,0.0,0.0,0.0,0.0
bf16-native,10,100,base_model.model.model.layers.26.mlp.up_proj.lora_magnitude_vector,26,up_proj,BF16,False,0.0,0.0,0.0,0.0
bf16-native,10,200,base_model.model.model.layers.26.mlp.up_proj.lora_magnitude_vector,26,up_proj,BF16,False,0.0,0.0,0.0,0.0
bf16-native,10,500,base_model.model.model.layers.26.mlp.up_proj.lora_magnitude_vector,26,up_proj,BF16,False,0.0,0.0,0.0,0.0
bf16-native,10,1000,base_model.model.model.layers.26.mlp.up_proj.lora_magnitude_vector,26,up_proj,BF16,False,0.0,0.0,0.0,0.0
bf16-native,10,2000,base_model.model.model.layers.26.mlp.up_proj.lora_magnitude_vector,26,up_proj,BF16,False,0.0,0.0,0.0,0.0
bf16-native,10,10,base_model.model.model.layers.26.self_attn.k_proj.lora_magnitude_vector,26,k_proj,BF16,False,0.0,0.0,0.0,0.0
bf16-native,10,50,base_model.model.model.layers.26.self_attn.k_proj.lora_magnitude_vector,26,k_proj,BF16,False,0.0,0.0,0.0,0.0
bf16-native,10,100,base_model.model.model.layers.26.self_attn.k_proj.lora_magnitude_vector,26,k_proj,BF16,False,0.0,0.0,0.0,0.0
bf16-native,10,200,base_model.model.model.layers.26.self_attn.k_proj.lora_magnitude_vector,26,k_proj,BF16,False,0.0,0.0,0.0,0.0
bf16-native,10,500,base_model.model.model.layers.26.self_attn.k_proj.lora_magnitude_vector,26,k_proj,BF16,False,0.0,0.0,0.0,0.0
bf16-native,10,1000,base_model.model.model.layers.26.self_attn.k_proj.lora_magnitude_vector,26,k_proj,BF16,False,0.0,0.0,0.0,0.0
bf16-native,10,2000,base_model.model.model.layers.26.self_attn.k_proj.lora_magnitude_vector,26,k_proj,BF16,False,0.0,0.0,0.0,0.0
bf16-native,10,10,base_model.model.model.layers.26.self_attn.q_proj.lora_magnitude_vector,26,q_proj,BF16,False,0.0,0.0,0.0,0.0
bf16-native,10,50,base_model.model.model.layers.26.self_attn.q_proj.lora_magnitude_vector,26,q_proj,BF16,False,0.0,0.0,0.0,0.0
bf16-native,10,100,base_model.model.model.layers.26.self_attn.q_proj.lora_magnitude_vector,26,q_proj,BF16,False,0.0,0.0,0.0,0.0
bf16-native,10,200,base_model.model.model.layers.26.self_attn.q_proj.lora_magnitude_vector,26,q_proj,BF16,False,0.0,0.0,0.0,0.0
bf16-native,10,500,base_model.model.model.layers.26.self_attn.q_proj.lora_magnitude_vector,26,q_proj,BF16,False,0.0,0.0,0.0,0.0
bf16-native,10,1000,base_model.model.model.layers.26.self_attn.q_proj.lora_magnitude_vector,26,q_proj,BF16,False,0.0,0.0,0.0,0.0
bf16-native,10,2000,base_model.model.model.layers.26.self_attn.q_proj.lora_magnitude_vector,26,q_proj,BF16,False,0.0,0.0,0.0,0.0
bf16-native,10,10,base_model.model.model.layers.26.self_attn.v_proj.lora_magnitude_vector,26,v_proj,BF16,False,0.0,0.0,0.0,0.0
bf16-native,10,50,base_model.model.model.layers.26.self_attn.v_proj.lora_magnitude_vector,26,v_proj,BF16,False,0.0,0.0,0.0,0.0
bf16-native,10,100,base_model.model.model.layers.26.self_attn.v_proj.lora_magnitude_vector,26,v_proj,BF16,False,0.0,0.0,0.0,0.0
bf16-native,10,200,base_model.model.model.layers.26.self_attn.v_proj.lora_magnitude_vector,26,v_proj,BF16,False,0.0,0.0,0.0,0.0
bf16-native,10,500,base_model.model.model.layers.26.self_attn.v_proj.lora_magnitude_vector,26,v_proj,BF16,False,0.0,0.0,0.0,0.0
bf16-native,10,1000,base_model.model.model.layers.26.self_attn.v_proj.lora_magnitude_vector,26,v_proj,BF16,False,0.0,0.0,0.0,0.0
bf16-native,10,2000,base_model.model.model.layers.26.self_attn.v_proj.lora_magnitude_vector,26,v_proj,BF16,False,0.0,0.0,0.0,0.0
bf16-native,10,10,base_model.model.model.layers.27.mlp.down_proj.lora_magnitude_vector,27,down_proj,BF16,False,0.0,0.0,0.0,0.0
bf16-native,10,50,base_model.model.model.layers.27.mlp.down_proj.lora_magnitude_vector,27,down_proj,BF16,False,0.0,0.0,0.0,0.0
bf16-native,10,100,base_model.model.model.layers.27.mlp.down_proj.lora_magnitude_vector,27,down_proj,BF16,False,0.0,0.0,0.0,0.0
bf16-native,10,200,base_model.model.model.layers.27.mlp.down_proj.lora_magnitude_vector,27,down_proj,BF16,False,0.0,0.0,0.0,0.0
bf16-native,10,500,base_model.model.model.layers.27.mlp.down_proj.lora_magnitude_vector,27,down_proj,BF16,False,0.0,0.0,0.0,0.0
bf16-native,10,1000,base_model.model.model.layers.27.mlp.down_proj.lora_magnitude_vector,27,down_proj,BF16,False,0.0,0.0,0.0,0.0
bf16-native,10,2000,base_model.model.model.layers.27.mlp.down_proj.lora_magnitude_vector,27,down_proj,BF16,False,0.0,0.0,0.0,0.0
bf16-native,10,10,base_model.model.model.layers.27.mlp.up_proj.lora_magnitude_vector,27,up_proj,BF16,False,0.0,0.0,0.0,0.0
bf16-native,10,50,base_model.model.model.layers.27.mlp.up_proj.lora_magnitude_vector,27,up_proj,BF16,False,0.0,0.0,0.0,0.0
bf16-native,10,100,base_model.model.model.layers.27.mlp.up_proj.lora_magnitude_vector,27,up_proj,BF16,False,0.0,0.0,0.0,0.0
bf16-native,10,200,base_model.model.model.layers.27.mlp.up_proj.lora_magnitude_vector,27,up_proj,BF16,False,0.0,0.0,0.0,0.0
bf16-native,10,500,base_model.model.model.layers.27.mlp.up_proj.lora_magnitude_vector,27,up_proj,BF16,False,0.0,0.0,0.0,0.0
bf16-native,10,1000,base_model.model.model.layers.27.mlp.up_proj.lora_magnitude_vector,27,up_proj,BF16,False,0.0,0.0,0.0,0.0
bf16-native,10,2000,base_model.model.model.layers.27.mlp.up_proj.lora_magnitude_vector,27,up_proj,BF16,False,0.0,0.0,0.0,0.0
bf16-native,10,10,base_model.model.model.layers.27.self_attn.k_proj.lora_magnitude_vector,27,k_proj,BF16,False,0.0,0.0,0.0,0.0
bf16-native,10,50,base_model.model.model.layers.27.self_attn.k_proj.lora_magnitude_vector,27,k_proj,BF16,False,0.0,0.0,0.0,0.0
bf16-native,10,100,base_model.model.model.layers.27.self_attn.k_proj.lora_magnitude_vector,27,k_proj,BF16,False,0.0,0.0,0.0,0.0
bf16-native,10,200,base_model.model.model.layers.27.self_attn.k_proj.lora_magnitude_vector,27,k_proj,BF16,False,0.0,0.0,0.0,0.0
bf16-native,10,500,base_model.model.model.layers.27.self_attn.k_proj.lora_magnitude_vector,27,k_proj,BF16,False,0.0,0.0,0.0,0.0
bf16-native,10,1000,base_model.model.model.layers.27.self_attn.k_proj.lora_magnitude_vector,27,k_proj,BF16,False,0.0,0.0,0.0,0.0
bf16-native,10,2000,base_model.model.model.layers.27.self_attn.k_proj.lora_magnitude_vector,27,k_proj,BF16,False,0.0,0.0,0.0,0.0
bf16-native,10,10,base_model.model.model.layers.27.self_attn.q_proj.lora_magnitude_vector,27,q_proj,BF16,False,0.0,0.0,0.0,0.0
bf16-native,10,50,base_model.model.model.layers.27.self_attn.q_proj.lora_magnitude_vector,27,q_proj,BF16,False,0.0,0.0,0.0,0.0
bf16-native,10,100,base_model.model.model.layers.27.self_attn.q_proj.lora_magnitude_vector,27,q_proj,BF16,False,0.0,0.0,0.0,0.0
bf16-native,10,200,base_model.model.model.layers.27.self_attn.q_proj.lora_magnitude_vector,27,q_proj,BF16,False,0.0,0.0,0.0,0.0
bf16-native,10,500,base_model.model.model.layers.27.self_attn.q_proj.lora_magnitude_vector,27,q_proj,BF16,False,0.0,0.0,0.0,0.0
bf16-native,10,1000,base_model.model.model.layers.27.self_attn.q_proj.lora_magnitude_vector,27,q_proj,BF16,False,0.0,0.0,0.0,0.0
bf16-native,10,2000,base_model.model.model.layers.27.self_attn.q_proj.lora_magnitude_vector,27,q_proj,BF16,False,0.0,0.0,0.0,0.0
bf16-native,10,10,base_model.model.model.layers.27.self_attn.v_proj.lora_magnitude_vector,27,v_proj,BF16,False,0.0,0.0,0.0,0.0
bf16-native,10,50,base_model.model.model.layers.27.self_attn.v_proj.lora_magnitude_vector,27,v_proj,BF16,False,0.0,0.0,0.0,0.0
bf16-native,10,100,base_model.model.model.layers.27.self_attn.v_proj.lora_magnitude_vector,27,v_proj,BF16,False,0.0,0.0,0.0,0.0
bf16-native,10,200,base_model.model.model.layers.27.self_attn.v_proj.lora_magnitude_vector,27,v_proj,BF16,False,0.0,0.0,0.0,0.0
bf16-native,10,500,base_model.model.model.layers.27.self_attn.v_proj.lora_magnitude_vector,27,v_proj,BF16,False,0.0,0.0,0.0,0.0
bf16-native,10,1000,base_model.model.model.layers.27.self_attn.v_proj.lora_magnitude_vector,27,v_proj,BF16,False,0.0,0.0,0.0,0.0
bf16-native,10,2000,base_model.model.model.layers.27.self_attn.v_proj.lora_magnitude_vector,27,v_proj,BF16,False,0.0,0.0,0.0,0.0
bf16-native,10,10,base_model.model.model.layers.28.mlp.down_proj.lora_magnitude_vector,28,down_proj,BF16,False,0.0,0.0,0.0,0.0
bf16-native,10,50,base_model.model.model.layers.28.mlp.down_proj.lora_magnitude_vector,28,down_proj,BF16,False,0.0,0.0,0.0,0.0
bf16-native,10,100,base_model.model.model.layers.28.mlp.down_proj.lora_magnitude_vector,28,down_proj,BF16,False,0.0,0.0,0.0,0.0
bf16-native,10,200,base_model.model.model.layers.28.mlp.down_proj.lora_magnitude_vector,28,down_proj,BF16,False,0.0,0.0,0.0,0.0
bf16-native,10,500,base_model.model.model.layers.28.mlp.down_proj.lora_magnitude_vector,28,down_proj,BF16,False,0.0,0.0,0.0,0.0
bf16-native,10,1000,base_model.model.model.layers.28.mlp.down_proj.lora_magnitude_vector,28,down_proj,BF16,False,0.0,0.0,0.0,0.0
bf16-native,10,2000,base_model.model.model.layers.28.mlp.down_proj.lora_magnitude_vector,28,down_proj,BF16,False,0.0,0.0,0.0,0.0
bf16-native,10,10,base_model.model.model.layers.28.mlp.up_proj.lora_magnitude_vector,28,up_proj,BF16,False,0.0,0.0,0.0,0.0
bf16-native,10,50,base_model.model.model.layers.28.mlp.up_proj.lora_magnitude_vector,28,up_proj,BF16,False,0.0,0.0,0.0,0.0
bf16-native,10,100,base_model.model.model.layers.28.mlp.up_proj.lora_magnitude_vector,28,up_proj,BF16,False,0.0,0.0,0.0,0.0
bf16-native,10,200,base_model.model.model.layers.28.mlp.up_proj.lora_magnitude_vector,28,up_proj,BF16,False,0.0,0.0,0.0,0.0
bf16-native,10,500,base_model.model.model.layers.28.mlp.up_proj.lora_magnitude_vector,28,up_proj,BF16,False,0.0,0.0,0.0,0.0
bf16-native,10,1000,base_model.model.model.layers.28.mlp.up_proj.lora_magnitude_vector,28,up_proj,BF16,False,0.0,0.0,0.0,0.0
bf16-native,10,2000,base_model.model.model.layers.28.mlp.up_proj.lora_magnitude_vector,28,up_proj,BF16,False,0.0,0.0,0.0,0.0
bf16-native,10,10,base_model.model.model.layers.28.self_attn.k_proj.lora_magnitude_vector,28,k_proj,BF16,False,0.0,0.0,0.0,0.0
bf16-native,10,50,base_model.model.model.layers.28.self_attn.k_proj.lora_magnitude_vector,28,k_proj,BF16,False,0.0,0.0,0.0,0.0
bf16-native,10,100,base_model.model.model.layers.28.self_attn.k_proj.lora_magnitude_vector,28,k_proj,BF16,False,0.0,0.0,0.0,0.0
bf16-native,10,200,base_model.model.model.layers.28.self_attn.k_proj.lora_magnitude_vector,28,k_proj,BF16,False,0.0,0.0,0.0,0.0
bf16-native,10,500,base_model.model.model.layers.28.self_attn.k_proj.lora_magnitude_vector,28,k_proj,BF16,False,0.0,0.0,0.0,0.0
bf16-native,10,1000,base_model.model.model.layers.28.self_attn.k_proj.lora_magnitude_vector,28,k_proj,BF16,False,0.0,0.0,0.0,0.0
bf16-native,10,2000,base_model.model.model.layers.28.self_attn.k_proj.lora_magnitude_vector,28,k_proj,BF16,False,0.0,0.0,0.0,0.0
bf16-native,10,10,base_model.model.model.layers.28.self_attn.q_proj.lora_magnitude_vector,28,q_proj,BF16,False,0.0,0.0,0.0,0.0
bf16-native,10,50,base_model.model.model.layers.28.self_attn.q_proj.lora_magnitude_vector,28,q_proj,BF16,False,0.0,0.0,0.0,0.0
bf16-native,10,100,base_model.model.model.layers.28.self_attn.q_proj.lora_magnitude_vector,28,q_proj,BF16,False,0.0,0.0,0.0,0.0
bf16-native,10,200,base_model.model.model.layers.28.self_attn.q_proj.lora_magnitude_vector,28,q_proj,BF16,False,0.0,0.0,0.0,0.0
bf16-native,10,500,base_model.model.model.layers.28.self_attn.q_proj.lora_magnitude_vector,28,q_proj,BF16,False,0.0,0.0,0.0,0.0
bf16-native,10,1000,base_model.model.model.layers.28.self_attn.q_proj.lora_magnitude_vector,28,q_proj,BF16,False,0.0,0.0,0.0,0.0
bf16-native,10,2000,base_model.model.model.layers.28.self_attn.q_proj.lora_magnitude_vector,28,q_proj,BF16,False,0.0,0.0,0.0,0.0
bf16-native,10,10,base_model.model.model.layers.28.self_attn.v_proj.lora_magnitude_vector,28,v_proj,BF16,False,0.0,0.0,0.0,0.0
bf16-native,10,50,base_model.model.model.layers.28.self_attn.v_proj.lora_magnitude_vector,28,v_proj,BF16,False,0.0,0.0,0.0,0.0
bf16-native,10,100,base_model.model.model.layers.28.self_attn.v_proj.lora_magnitude_vector,28,v_proj,BF16,False,0.0,0.0,0.0,0.0
bf16-native,10,200,base_model.model.model.layers.28.self_attn.v_proj.lora_magnitude_vector,28,v_proj,BF16,False,0.0,0.0,0.0,0.0
bf16-native,10,500,base_model.model.model.layers.28.self_attn.v_proj.lora_magnitude_vector,28,v_proj,BF16,False,0.0,0.0,0.0,0.0
bf16-native,10,1000,base_model.model.model.layers.28.self_attn.v_proj.lora_magnitude_vector,28,v_proj,BF16,False,0.0,0.0,0.0,0.0
bf16-native,10,2000,base_model.model.model.layers.28.self_attn.v_proj.lora_magnitude_vector,28,v_proj,BF16,False,0.0,0.0,0.0,0.0
bf16-native,10,10,base_model.model.model.layers.29.mlp.down_proj.lora_magnitude_vector,29,down_proj,BF16,False,0.0,0.0,0.0,0.0
bf16-native,10,50,base_model.model.model.layers.29.mlp.down_proj.lora_magnitude_vector,29,down_proj,BF16,False,0.0,0.0,0.0,0.0
bf16-native,10,100,base_model.model.model.layers.29.mlp.down_proj.lora_magnitude_vector,29,down_proj,BF16,False,0.0,0.0,0.0,0.0
bf16-native,10,200,base_model.model.model.layers.29.mlp.down_proj.lora_magnitude_vector,29,down_proj,BF16,False,0.0,0.0,0.0,0.0
bf16-native,10,500,base_model.model.model.layers.29.mlp.down_proj.lora_magnitude_vector,29,down_proj,BF16,False,0.0,0.0,0.0,0.0
bf16-native,10,1000,base_model.model.model.layers.29.mlp.down_proj.lora_magnitude_vector,29,down_proj,BF16,False,0.0,0.0,0.0,0.0
bf16-native,10,2000,base_model.model.model.layers.29.mlp.down_proj.lora_magnitude_vector,29,down_proj,BF16,False,0.0,0.0,0.0,0.0
bf16-native,10,10,base_model.model.model.layers.29.mlp.up_proj.lora_magnitude_vector,29,up_proj,BF16,False,0.0,0.0,0.0,0.0
bf16-native,10,50,base_model.model.model.layers.29.mlp.up_proj.lora_magnitude_vector,29,up_proj,BF16,False,0.0,0.0,0.0,0.0
bf16-native,10,100,base_model.model.model.layers.29.mlp.up_proj.lora_magnitude_vector,29,up_proj,BF16,False,0.0,0.0,0.0,0.0
bf16-native,10,200,base_model.model.model.layers.29.mlp.up_proj.lora_magnitude_vector,29,up_proj,BF16,False,0.0,0.0,0.0,0.0
bf16-native,10,500,base_model.model.model.layers.29.mlp.up_proj.lora_magnitude_vector,29,up_proj,BF16,False,0.0,0.0,0.0,0.0
bf16-native,10,1000,base_model.model.model.layers.29.mlp.up_proj.lora_magnitude_vector,29,up_proj,BF16,False,0.0,0.0,0.0,0.0
bf16-native,10,2000,base_model.model.model.layers.29.mlp.up_proj.lora_magnitude_vector,29,up_proj,BF16,False,0.0,0.0,0.0,0.0
bf16-native,10,10,base_model.model.model.layers.29.self_attn.k_proj.lora_magnitude_vector,29,k_proj,BF16,False,0.0,0.0,0.0,0.0
bf16-native,10,50,base_model.model.model.layers.29.self_attn.k_proj.lora_magnitude_vector,29,k_proj,BF16,False,0.0,0.0,0.0,0.0
bf16-native,10,100,base_model.model.model.layers.29.self_attn.k_proj.lora_magnitude_vector,29,k_proj,BF16,False,0.0,0.0,0.0,0.0
bf16-native,10,200,base_model.model.model.layers.29.self_attn.k_proj.lora_magnitude_vector,29,k_proj,BF16,False,0.0,0.0,0.0,0.0
bf16-native,10,500,base_model.model.model.layers.29.self_attn.k_proj.lora_magnitude_vector,29,k_proj,BF16,False,0.0,0.0,0.0,0.0
bf16-native,10,1000,base_model.model.model.layers.29.self_attn.k_proj.lora_magnitude_vector,29,k_proj,BF16,False,0.0,0.0,0.0,0.0
bf16-native,10,2000,base_model.model.model.layers.29.self_attn.k_proj.lora_magnitude_vector,29,k_proj,BF16,False,0.0,0.0,0.0,0.0
bf16-native,10,10,base_model.model.model.layers.29.self_attn.q_proj.lora_magnitude_vector,29,q_proj,BF16,False,0.0,0.0,0.0,0.0
bf16-native,10,50,base_model.model.model.layers.29.self_attn.q_proj.lora_magnitude_vector,29,q_proj,BF16,False,0.0,0.0,0.0,0.0
bf16-native,10,100,base_model.model.model.layers.29.self_attn.q_proj.lora_magnitude_vector,29,q_proj,BF16,False,0.0,0.0,0.0,0.0
bf16-native,10,200,base_model.model.model.layers.29.self_attn.q_proj.lora_magnitude_vector,29,q_proj,BF16,False,0.0,0.0,0.0,0.0
bf16-native,10,500,base_model.model.model.layers.29.self_attn.q_proj.lora_magnitude_vector,29,q_proj,BF16,False,0.0,0.0,0.0,0.0
bf16-native,10,1000,base_model.model.model.layers.29.self_attn.q_proj.lora_magnitude_vector,29,q_proj,BF16,False,0.0,0.0,0.0,0.0
bf16-native,10,2000,base_model.model.model.layers.29.self_attn.q_proj.lora_magnitude_vector,29,q_proj,BF16,False,0.0,0.0,0.0,0.0
bf16-native,10,10,base_model.model.model.layers.29.self_attn.v_proj.lora_magnitude_vector,29,v_proj,BF16,False,0.0,0.0,0.0,0.0
bf16-native,10,50,base_model.model.model.layers.29.self_attn.v_proj.lora_magnitude_vector,29,v_proj,BF16,False,0.0,0.0,0.0,0.0
bf16-native,10,100,base_model.model.model.layers.29.self_attn.v_proj.lora_magnitude_vector,29,v_proj,BF16,False,0.0,0.0,0.0,0.0
bf16-native,10,200,base_model.model.model.layers.29.self_attn.v_proj.lora_magnitude_vector,29,v_proj,BF16,False,0.0,0.0,0.0,0.0
bf16-native,10,500,base_model.model.model.layers.29.self_attn.v_proj.lora_magnitude_vector,29,v_proj,BF16,False,0.0,0.0,0.0,0.0
bf16-native,10,1000,base_model.model.model.layers.29.self_attn.v_proj.lora_magnitude_vector,29,v_proj,BF16,False,0.0,0.0,0.0,0.0
bf16-native,10,2000,base_model.model.model.layers.29.self_attn.v_proj.lora_magnitude_vector,29,v_proj,BF16,False,0.0,0.0,0.0,0.0
bf16-native,10,10,base_model.model.model.layers.3.mlp.down_proj.lora_magnitude_vector,3,down_proj,BF16,False,0.0,0.0,0.0,0.0
bf16-native,10,50,base_model.model.model.layers.3.mlp.down_proj.lora_magnitude_vector,3,down_proj,BF16,False,0.0,0.0,0.0,0.0
bf16-native,10,100,base_model.model.model.layers.3.mlp.down_proj.lora_magnitude_vector,3,down_proj,BF16,False,0.0,0.0,0.0,0.0
bf16-native,10,200,base_model.model.model.layers.3.mlp.down_proj.lora_magnitude_vector,3,down_proj,BF16,False,0.0,0.0,0.0,0.0
bf16-native,10,500,base_model.model.model.layers.3.mlp.down_proj.lora_magnitude_vector,3,down_proj,BF16,False,0.0,0.0,0.0,0.0
bf16-native,10,1000,base_model.model.model.layers.3.mlp.down_proj.lora_magnitude_vector,3,down_proj,BF16,False,0.0,0.0,0.0,0.0
bf16-native,10,2000,base_model.model.model.layers.3.mlp.down_proj.lora_magnitude_vector,3,down_proj,BF16,False,0.0,0.0,0.0,0.0
bf16-native,10,10,base_model.model.model.layers.3.mlp.up_proj.lora_magnitude_vector,3,up_proj,BF16,False,0.0,0.0,0.0,0.0
bf16-native,10,50,base_model.model.model.layers.3.mlp.up_proj.lora_magnitude_vector,3,up_proj,BF16,False,0.0,0.0,0.0,0.0
bf16-native,10,100,base_model.model.model.layers.3.mlp.up_proj.lora_magnitude_vector,3,up_proj,BF16,False,0.0,0.0,0.0,0.0
bf16-native,10,200,base_model.model.model.layers.3.mlp.up_proj.lora_magnitude_vector,3,up_proj,BF16,False,0.0,0.0,0.0,0.0
bf16-native,10,500,base_model.model.model.layers.3.mlp.up_proj.lora_magnitude_vector,3,up_proj,BF16,False,0.0,0.0,0.0,0.0
bf16-native,10,1000,base_model.model.model.layers.3.mlp.up_proj.lora_magnitude_vector,3,up_proj,BF16,False,0.0,0.0,0.0,0.0
bf16-native,10,2000,base_model.model.model.layers.3.mlp.up_proj.lora_magnitude_vector,3,up_proj,BF16,False,0.0,0.0,0.0,0.0
bf16-native,10,10,base_model.model.model.layers.3.self_attn.k_proj.lora_magnitude_vector,3,k_proj,BF16,False,0.0,0.0,0.0,0.0
bf16-native,10,50,base_model.model.model.layers.3.self_attn.k_proj.lora_magnitude_vector,3,k_proj,BF16,False,0.0,0.0,0.0,0.0
bf16-native,10,100,base_model.model.model.layers.3.self_attn.k_proj.lora_magnitude_vector,3,k_proj,BF16,False,0.0,0.0,0.0,0.0
bf16-native,10,200,base_model.model.model.layers.3.self_attn.k_proj.lora_magnitude_vector,3,k_proj,BF16,False,0.0,0.0,0.0,0.0
bf16-native,10,500,base_model.model.model.layers.3.self_attn.k_proj.lora_magnitude_vector,3,k_proj,BF16,False,0.0,0.0,0.0,0.0
bf16-native,10,1000,base_model.model.model.layers.3.self_attn.k_proj.lora_magnitude_vector,3,k_proj,BF16,False,0.0,0.0,0.0,0.0
bf16-native,10,2000,base_model.model.model.layers.3.self_attn.k_proj.lora_magnitude_vector,3,k_proj,BF16,False,0.0,0.0,0.0,0.0
bf16-native,10,10,base_model.model.model.layers.3.self_attn.q_proj.lora_magnitude_vector,3,q_proj,BF16,False,0.0,0.0,0.0,0.0
bf16-native,10,50,base_model.model.model.layers.3.self_attn.q_proj.lora_magnitude_vector,3,q_proj,BF16,False,0.0,0.0,0.0,0.0
bf16-native,10,100,base_model.model.model.layers.3.self_attn.q_proj.lora_magnitude_vector,3,q_proj,BF16,False,0.0,0.0,0.0,0.0
bf16-native,10,200,base_model.model.model.layers.3.self_attn.q_proj.lora_magnitude_vector,3,q_proj,BF16,False,0.0,0.0,0.0,0.0
bf16-native,10,500,base_model.model.model.layers.3.self_attn.q_proj.lora_magnitude_vector,3,q_proj,BF16,False,0.0,0.0,0.0,0.0
bf16-native,10,1000,base_model.model.model.layers.3.self_attn.q_proj.lora_magnitude_vector,3,q_proj,BF16,False,0.0,0.0,0.0,0.0
bf16-native,10,2000,base_model.model.model.layers.3.self_attn.q_proj.lora_magnitude_vector,3,q_proj,BF16,False,0.0,0.0,0.0,0.0
bf16-native,10,10,base_model.model.model.layers.3.self_attn.v_proj.lora_magnitude_vector,3,v_proj,BF16,False,0.0,0.0,0.0,0.0
bf16-native,10,50,base_model.model.model.layers.3.self_attn.v_proj.lora_magnitude_vector,3,v_proj,BF16,False,0.0,0.0,0.0,0.0
bf16-native,10,100,base_model.model.model.layers.3.self_attn.v_proj.lora_magnitude_vector,3,v_proj,BF16,False,0.0,0.0,0.0,0.0
bf16-native,10,200,base_model.model.model.layers.3.self_attn.v_proj.lora_magnitude_vector,3,v_proj,BF16,False,0.0,0.0,0.0,0.0
bf16-native,10,500,base_model.model.model.layers.3.self_attn.v_proj.lora_magnitude_vector,3,v_proj,BF16,False,0.0,0.0,0.0,0.0
bf16-native,10,1000,base_model.model.model.layers.3.self_attn.v_proj.lora_magnitude_vector,3,v_proj,BF16,False,0.0,0.0,0.0,0.0
bf16-native,10,2000,base_model.model.model.layers.3.self_attn.v_proj.lora_magnitude_vector,3,v_proj,BF16,False,0.0,0.0,0.0,0.0
bf16-native,10,10,base_model.model.model.layers.30.mlp.down_proj.lora_magnitude_vector,30,down_proj,BF16,False,0.0,0.0,0.0,0.0
bf16-native,10,50,base_model.model.model.layers.30.mlp.down_proj.lora_magnitude_vector,30,down_proj,BF16,False,0.0,0.0,0.0,0.0
bf16-native,10,100,base_model.model.model.layers.30.mlp.down_proj.lora_magnitude_vector,30,down_proj,BF16,False,0.0,0.0,0.0,0.0
bf16-native,10,200,base_model.model.model.layers.30.mlp.down_proj.lora_magnitude_vector,30,down_proj,BF16,False,0.0,0.0,0.0,0.0
bf16-native,10,500,base_model.model.model.layers.30.mlp.down_proj.lora_magnitude_vector,30,down_proj,BF16,False,0.0,0.0,0.0,0.0
bf16-native,10,1000,base_model.model.model.layers.30.mlp.down_proj.lora_magnitude_vector,30,down_proj,BF16,False,0.0,0.0,0.0,0.0
bf16-native,10,2000,base_model.model.model.layers.30.mlp.down_proj.lora_magnitude_vector,30,down_proj,BF16,False,0.0,0.0,0.0,0.0
bf16-native,10,10,base_model.model.model.layers.30.mlp.up_proj.lora_magnitude_vector,30,up_proj,BF16,False,0.0,0.0,0.0,0.0
bf16-native,10,50,base_model.model.model.layers.30.mlp.up_proj.lora_magnitude_vector,30,up_proj,BF16,False,0.0,0.0,0.0,0.0
bf16-native,10,100,base_model.model.model.layers.30.mlp.up_proj.lora_magnitude_vector,30,up_proj,BF16,False,0.0,0.0,0.0,0.0
bf16-native,10,200,base_model.model.model.layers.30.mlp.up_proj.lora_magnitude_vector,30,up_proj,BF16,False,0.0,0.0,0.0,0.0
bf16-native,10,500,base_model.model.model.layers.30.mlp.up_proj.lora_magnitude_vector,30,up_proj,BF16,False,0.0,0.0,0.0,0.0
bf16-native,10,1000,base_model.model.model.layers.30.mlp.up_proj.lora_magnitude_vector,30,up_proj,BF16,False,0.0,0.0,0.0,0.0
bf16-native,10,2000,base_model.model.model.layers.30.mlp.up_proj.lora_magnitude_vector,30,up_proj,BF16,False,0.0,0.0,0.0,0.0
bf16-native,10,10,base_model.model.model.layers.30.self_attn.k_proj.lora_magnitude_vector,30,k_proj,BF16,False,0.0,0.0,0.0,0.0
bf16-native,10,50,base_model.model.model.layers.30.self_attn.k_proj.lora_magnitude_vector,30,k_proj,BF16,False,0.0,0.0,0.0,0.0
bf16-native,10,100,base_model.model.model.layers.30.self_attn.k_proj.lora_magnitude_vector,30,k_proj,BF16,False,0.0,0.0,0.0,0.0
bf16-native,10,200,base_model.model.model.layers.30.self_attn.k_proj.lora_magnitude_vector,30,k_proj,BF16,False,0.0,0.0,0.0,0.0
bf16-native,10,500,base_model.model.model.layers.30.self_attn.k_proj.lora_magnitude_vector,30,k_proj,BF16,False,0.0,0.0,0.0,0.0
bf16-native,10,1000,base_model.model.model.layers.30.self_attn.k_proj.lora_magnitude_vector,30,k_proj,BF16,False,0.0,0.0,0.0,0.0
bf16-native,10,2000,base_model.model.model.layers.30.self_attn.k_proj.lora_magnitude_vector,30,k_proj,BF16,False,0.0,0.0,0.0,0.0
bf16-native,10,10,base_model.model.model.layers.30.self_attn.q_proj.lora_magnitude_vector,30,q_proj,BF16,False,0.0,0.0,0.0,0.0
bf16-native,10,50,base_model.model.model.layers.30.self_attn.q_proj.lora_magnitude_vector,30,q_proj,BF16,False,0.0,0.0,0.0,0.0
bf16-native,10,100,base_model.model.model.layers.30.self_attn.q_proj.lora_magnitude_vector,30,q_proj,BF16,False,0.0,0.0,0.0,0.0
bf16-native,10,200,base_model.model.model.layers.30.self_attn.q_proj.lora_magnitude_vector,30,q_proj,BF16,False,0.0,0.0,0.0,0.0
bf16-native,10,500,base_model.model.model.layers.30.self_attn.q_proj.lora_magnitude_vector,30,q_proj,BF16,False,0.0,0.0,0.0,0.0
bf16-native,10,1000,base_model.model.model.layers.30.self_attn.q_proj.lora_magnitude_vector,30,q_proj,BF16,False,0.0,0.0,0.0,0.0
bf16-native,10,2000,base_model.model.model.layers.30.self_attn.q_proj.lora_magnitude_vector,30,q_proj,BF16,False,0.0,0.0,0.0,0.0
bf16-native,10,10,base_model.model.model.layers.30.self_attn.v_proj.lora_magnitude_vector,30,v_proj,BF16,False,0.0,0.0,0.0,0.0
bf16-native,10,50,base_model.model.model.layers.30.self_attn.v_proj.lora_magnitude_vector,30,v_proj,BF16,False,0.0,0.0,0.0,0.0
bf16-native,10,100,base_model.model.model.layers.30.self_attn.v_proj.lora_magnitude_vector,30,v_proj,BF16,False,0.0,0.0,0.0,0.0
bf16-native,10,200,base_model.model.model.layers.30.self_attn.v_proj.lora_magnitude_vector,30,v_proj,BF16,False,0.0,0.0,0.0,0.0
bf16-native,10,500,base_model.model.model.layers.30.self_attn.v_proj.lora_magnitude_vector,30,v_proj,BF16,False,0.0,0.0,0.0,0.0
bf16-native,10,1000,base_model.model.model.layers.30.self_attn.v_proj.lora_magnitude_vector,30,v_proj,BF16,False,0.0,0.0,0.0,0.0
bf16-native,10,2000,base_model.model.model.layers.30.self_attn.v_proj.lora_magnitude_vector,30,v_proj,BF16,False,0.0,0.0,0.0,0.0
bf16-native,10,10,base_model.model.model.layers.31.mlp.down_proj.lora_magnitude_vector,31,down_proj,BF16,False,0.0,0.0,0.0,0.0
bf16-native,10,50,base_model.model.model.layers.31.mlp.down_proj.lora_magnitude_vector,31,down_proj,BF16,False,0.0,0.0,0.0,0.0
bf16-native,10,100,base_model.model.model.layers.31.mlp.down_proj.lora_magnitude_vector,31,down_proj,BF16,False,0.0,0.0,0.0,0.0
bf16-native,10,200,base_model.model.model.layers.31.mlp.down_proj.lora_magnitude_vector,31,down_proj,BF16,False,0.0,0.0,0.0,0.0
bf16-native,10,500,base_model.model.model.layers.31.mlp.down_proj.lora_magnitude_vector,31,down_proj,BF16,False,0.0,0.0,0.0,0.0
bf16-native,10,1000,base_model.model.model.layers.31.mlp.down_proj.lora_magnitude_vector,31,down_proj,BF16,False,0.0,0.0,0.0,0.0
bf16-native,10,2000,base_model.model.model.layers.31.mlp.down_proj.lora_magnitude_vector,31,down_proj,BF16,False,0.0,0.0,0.0,0.0
bf16-native,10,10,base_model.model.model.layers.31.mlp.up_proj.lora_magnitude_vector,31,up_proj,BF16,False,0.0,0.0,0.0,0.0
bf16-native,10,50,base_model.model.model.layers.31.mlp.up_proj.lora_magnitude_vector,31,up_proj,BF16,False,0.0,0.0,0.0,0.0
bf16-native,10,100,base_model.model.model.layers.31.mlp.up_proj.lora_magnitude_vector,31,up_proj,BF16,False,0.0,0.0,0.0,0.0
bf16-native,10,200,base_model.model.model.layers.31.mlp.up_proj.lora_magnitude_vector,31,up_proj,BF16,False,0.0,0.0,0.0,0.0
bf16-native,10,500,base_model.model.model.layers.31.mlp.up_proj.lora_magnitude_vector,31,up_proj,BF16,False,0.0,0.0,0.0,0.0
bf16-native,10,1000,base_model.model.model.layers.31.mlp.up_proj.lora_magnitude_vector,31,up_proj,BF16,False,0.0,0.0,0.0,0.0
bf16-native,10,2000,base_model.model.model.layers.31.mlp.up_proj.lora_magnitude_vector,31,up_proj,BF16,False,0.0,0.0,0.0,0.0
bf16-native,10,10,base_model.model.model.layers.31.self_attn.k_proj.lora_magnitude_vector,31,k_proj,BF16,False,0.0,0.0,0.0,0.0
bf16-native,10,50,base_model.model.model.layers.31.self_attn.k_proj.lora_magnitude_vector,31,k_proj,BF16,False,0.0,0.0,0.0,0.0
bf16-native,10,100,base_model.model.model.layers.31.self_attn.k_proj.lora_magnitude_vector,31,k_proj,BF16,False,0.0,0.0,0.0,0.0
bf16-native,10,200,base_model.model.model.layers.31.self_attn.k_proj.lora_magnitude_vector,31,k_proj,BF16,False,0.0,0.0,0.0,0.0
bf16-native,10,500,base_model.model.model.layers.31.self_attn.k_proj.lora_magnitude_vector,31,k_proj,BF16,False,0.0,0.0,0.0,0.0
bf16-native,10,1000,base_model.model.model.layers.31.self_attn.k_proj.lora_magnitude_vector,31,k_proj,BF16,False,0.0,0.0,0.0,0.0
bf16-native,10,2000,base_model.model.model.layers.31.self_attn.k_proj.lora_magnitude_vector,31,k_proj,BF16,False,0.0,0.0,0.0,0.0
bf16-native,10,10,base_model.model.model.layers.31.self_attn.q_proj.lora_magnitude_vector,31,q_proj,BF16,False,0.0,0.0,0.0,0.0
bf16-native,10,50,base_model.model.model.layers.31.self_attn.q_proj.lora_magnitude_vector,31,q_proj,BF16,False,0.0,0.0,0.0,0.0
bf16-native,10,100,base_model.model.model.layers.31.self_attn.q_proj.lora_magnitude_vector,31,q_proj,BF16,False,0.0,0.0,0.0,0.0
bf16-native,10,200,base_model.model.model.layers.31.self_attn.q_proj.lora_magnitude_vector,31,q_proj,BF16,False,0.0,0.0,0.0,0.0
bf16-native,10,500,base_model.model.model.layers.31.self_attn.q_proj.lora_magnitude_vector,31,q_proj,BF16,False,0.0,0.0,0.0,0.0
bf16-native,10,1000,base_model.model.model.layers.31.self_attn.q_proj.lora_magnitude_vector,31,q_proj,BF16,False,0.0,0.0,0.0,0.0
bf16-native,10,2000,base_model.model.model.layers.31.self_attn.q_proj.lora_magnitude_vector,31,q_proj,BF16,False,0.0,0.0,0.0,0.0
bf16-native,10,10,base_model.model.model.layers.31.self_attn.v_proj.lora_magnitude_vector,31,v_proj,BF16,False,0.0,0.0,0.0,0.0
bf16-native,10,50,base_model.model.model.layers.31.self_attn.v_proj.lora_magnitude_vector,31,v_proj,BF16,False,0.0,0.0,0.0,0.0
bf16-native,10,100,base_model.model.model.layers.31.self_attn.v_proj.lora_magnitude_vector,31,v_proj,BF16,False,0.0,0.0,0.0,0.0
bf16-native,10,200,base_model.model.model.layers.31.self_attn.v_proj.lora_magnitude_vector,31,v_proj,BF16,False,0.0,0.0,0.0,0.0
bf16-native,10,500,base_model.model.model.layers.31.self_attn.v_proj.lora_magnitude_vector,31,v_proj,BF16,False,0.0,0.0,0.0,0.0
bf16-native,10,1000,base_model.model.model.layers.31.self_attn.v_proj.lora_magnitude_vector,31,v_proj,BF16,False,0.0,0.0,0.0,0.0
bf16-native,10,2000,base_model.model.model.layers.31.self_attn.v_proj.lora_magnitude_vector,31,v_proj,BF16,False,0.0,0.0,0.0,0.0
bf16-native,10,10,base_model.model.model.layers.4.mlp.down_proj.lora_magnitude_vector,4,down_proj,BF16,False,0.0,0.0,0.0,0.0
bf16-native,10,50,base_model.model.model.layers.4.mlp.down_proj.lora_magnitude_vector,4,down_proj,BF16,False,0.0,0.0,0.0,0.0
bf16-native,10,100,base_model.model.model.layers.4.mlp.down_proj.lora_magnitude_vector,4,down_proj,BF16,False,0.0,0.0,0.0,0.0
bf16-native,10,200,base_model.model.model.layers.4.mlp.down_proj.lora_magnitude_vector,4,down_proj,BF16,False,0.0,0.0,0.0,0.0
bf16-native,10,500,base_model.model.model.layers.4.mlp.down_proj.lora_magnitude_vector,4,down_proj,BF16,False,0.0,0.0,0.0,0.0
bf16-native,10,1000,base_model.model.model.layers.4.mlp.down_proj.lora_magnitude_vector,4,down_proj,BF16,False,0.0,0.0,0.0,0.0
bf16-native,10,2000,base_model.model.model.layers.4.mlp.down_proj.lora_magnitude_vector,4,down_proj,BF16,False,0.0,0.0,0.0,0.0
bf16-native,10,10,base_model.model.model.layers.4.mlp.up_proj.lora_magnitude_vector,4,up_proj,BF16,False,0.0,0.0,0.0,0.0
bf16-native,10,50,base_model.model.model.layers.4.mlp.up_proj.lora_magnitude_vector,4,up_proj,BF16,False,0.0,0.0,0.0,0.0
bf16-native,10,100,base_model.model.model.layers.4.mlp.up_proj.lora_magnitude_vector,4,up_proj,BF16,False,0.0,0.0,0.0,0.0
bf16-native,10,200,base_model.model.model.layers.4.mlp.up_proj.lora_magnitude_vector,4,up_proj,BF16,False,0.0,0.0,0.0,0.0
bf16-native,10,500,base_model.model.model.layers.4.mlp.up_proj.lora_magnitude_vector,4,up_proj,BF16,False,0.0,0.0,0.0,0.0
bf16-native,10,1000,base_model.model.model.layers.4.mlp.up_proj.lora_magnitude_vector,4,up_proj,BF16,False,0.0,0.0,0.0,0.0
bf16-native,10,2000,base_model.model.model.layers.4.mlp.up_proj.lora_magnitude_vector,4,up_proj,BF16,False,0.0,0.0,0.0,0.0
bf16-native,10,10,base_model.model.model.layers.4.self_attn.k_proj.lora_magnitude_vector,4,k_proj,BF16,False,0.0,0.0,0.0,0.0
bf16-native,10,50,base_model.model.model.layers.4.self_attn.k_proj.lora_magnitude_vector,4,k_proj,BF16,False,0.0,0.0,0.0,0.0
bf16-native,10,100,base_model.model.model.layers.4.self_attn.k_proj.lora_magnitude_vector,4,k_proj,BF16,False,0.0,0.0,0.0,0.0
bf16-native,10,200,base_model.model.model.layers.4.self_attn.k_proj.lora_magnitude_vector,4,k_proj,BF16,False,0.0,0.0,0.0,0.0
bf16-native,10,500,base_model.model.model.layers.4.self_attn.k_proj.lora_magnitude_vector,4,k_proj,BF16,False,0.0,0.0,0.0,0.0
bf16-native,10,1000,base_model.model.model.layers.4.self_attn.k_proj.lora_magnitude_vector,4,k_proj,BF16,False,0.0,0.0,0.0,0.0
bf16-native,10,2000,base_model.model.model.layers.4.self_attn.k_proj.lora_magnitude_vector,4,k_proj,BF16,False,0.0,0.0,0.0,0.0
bf16-native,10,10,base_model.model.model.layers.4.self_attn.q_proj.lora_magnitude_vector,4,q_proj,BF16,False,0.0,0.0,0.0,0.0
bf16-native,10,50,base_model.model.model.layers.4.self_attn.q_proj.lora_magnitude_vector,4,q_proj,BF16,False,0.0,0.0,0.0,0.0
bf16-native,10,100,base_model.model.model.layers.4.self_attn.q_proj.lora_magnitude_vector,4,q_proj,BF16,False,0.0,0.0,0.0,0.0
bf16-native,10,200,base_model.model.model.layers.4.self_attn.q_proj.lora_magnitude_vector,4,q_proj,BF16,False,0.0,0.0,0.0,0.0
bf16-native,10,500,base_model.model.model.layers.4.self_attn.q_proj.lora_magnitude_vector,4,q_proj,BF16,False,0.0,0.0,0.0,0.0
bf16-native,10,1000,base_model.model.model.layers.4.self_attn.q_proj.lora_magnitude_vector,4,q_proj,BF16,False,0.0,0.0,0.0,0.0
bf16-native,10,2000,base_model.model.model.layers.4.self_attn.q_proj.lora_magnitude_vector,4,q_proj,BF16,False,0.0,0.0,0.0,0.0
bf16-native,10,10,base_model.model.model.layers.4.self_attn.v_proj.lora_magnitude_vector,4,v_proj,BF16,False,0.0,0.0,0.0,0.0
bf16-native,10,50,base_model.model.model.layers.4.self_attn.v_proj.lora_magnitude_vector,4,v_proj,BF16,False,0.0,0.0,0.0,0.0
bf16-native,10,100,base_model.model.model.layers.4.self_attn.v_proj.lora_magnitude_vector,4,v_proj,BF16,False,0.0,0.0,0.0,0.0
bf16-native,10,200,base_model.model.model.layers.4.self_attn.v_proj.lora_magnitude_vector,4,v_proj,BF16,False,0.0,0.0,0.0,0.0
bf16-native,10,500,base_model.model.model.layers.4.self_attn.v_proj.lora_magnitude_vector,4,v_proj,BF16,False,0.0,0.0,0.0,0.0
bf16-native,10,1000,base_model.model.model.layers.4.self_attn.v_proj.lora_magnitude_vector,4,v_proj,BF16,False,0.0,0.0,0.0,0.0
bf16-native,10,2000,base_model.model.model.layers.4.self_attn.v_proj.lora_magnitude_vector,4,v_proj,BF16,False,0.0,0.0,0.0,0.0
bf16-native,10,10,base_model.model.model.layers.5.mlp.down_proj.lora_magnitude_vector,5,down_proj,BF16,False,0.0,0.0,0.0,0.0
bf16-native,10,50,base_model.model.model.layers.5.mlp.down_proj.lora_magnitude_vector,5,down_proj,BF16,False,0.0,0.0,0.0,0.0
bf16-native,10,100,base_model.model.model.layers.5.mlp.down_proj.lora_magnitude_vector,5,down_proj,BF16,False,0.0,0.0,0.0,0.0
bf16-native,10,200,base_model.model.model.layers.5.mlp.down_proj.lora_magnitude_vector,5,down_proj,BF16,False,0.0,0.0,0.0,0.0
bf16-native,10,500,base_model.model.model.layers.5.mlp.down_proj.lora_magnitude_vector,5,down_proj,BF16,False,0.0,0.0,0.0,0.0
bf16-native,10,1000,base_model.model.model.layers.5.mlp.down_proj.lora_magnitude_vector,5,down_proj,BF16,False,0.0,0.0,0.0,0.0
bf16-native,10,2000,base_model.model.model.layers.5.mlp.down_proj.lora_magnitude_vector,5,down_proj,BF16,False,0.0,0.0,0.0,0.0
bf16-native,10,10,base_model.model.model.layers.5.mlp.up_proj.lora_magnitude_vector,5,up_proj,BF16,False,0.0,0.0,0.0,0.0
bf16-native,10,50,base_model.model.model.layers.5.mlp.up_proj.lora_magnitude_vector,5,up_proj,BF16,False,0.0,0.0,0.0,0.0
bf16-native,10,100,base_model.model.model.layers.5.mlp.up_proj.lora_magnitude_vector,5,up_proj,BF16,False,0.0,0.0,0.0,0.0
bf16-native,10,200,base_model.model.model.layers.5.mlp.up_proj.lora_magnitude_vector,5,up_proj,BF16,False,0.0,0.0,0.0,0.0
bf16-native,10,500,base_model.model.model.layers.5.mlp.up_proj.lora_magnitude_vector,5,up_proj,BF16,False,0.0,0.0,0.0,0.0
bf16-native,10,1000,base_model.model.model.layers.5.mlp.up_proj.lora_magnitude_vector,5,up_proj,BF16,False,0.0,0.0,0.0,0.0
bf16-native,10,2000,base_model.model.model.layers.5.mlp.up_proj.lora_magnitude_vector,5,up_proj,BF16,False,0.0,0.0,0.0,0.0
bf16-native,10,10,base_model.model.model.layers.5.self_attn.k_proj.lora_magnitude_vector,5,k_proj,BF16,False,0.0,0.0,0.0,0.0
bf16-native,10,50,base_model.model.model.layers.5.self_attn.k_proj.lora_magnitude_vector,5,k_proj,BF16,False,0.0,0.0,0.0,0.0
bf16-native,10,100,base_model.model.model.layers.5.self_attn.k_proj.lora_magnitude_vector,5,k_proj,BF16,False,0.0,0.0,0.0,0.0
bf16-native,10,200,base_model.model.model.layers.5.self_attn.k_proj.lora_magnitude_vector,5,k_proj,BF16,False,0.0,0.0,0.0,0.0
bf16-native,10,500,base_model.model.model.layers.5.self_attn.k_proj.lora_magnitude_vector,5,k_proj,BF16,False,0.0,0.0,0.0,0.0
bf16-native,10,1000,base_model.model.model.layers.5.self_attn.k_proj.lora_magnitude_vector,5,k_proj,BF16,False,0.0,0.0,0.0,0.0
bf16-native,10,2000,base_model.model.model.layers.5.self_attn.k_proj.lora_magnitude_vector,5,k_proj,BF16,False,0.0,0.0,0.0,0.0
bf16-native,10,10,base_model.model.model.layers.5.self_attn.q_proj.lora_magnitude_vector,5,q_proj,BF16,False,0.0,0.0,0.0,0.0
bf16-native,10,50,base_model.model.model.layers.5.self_attn.q_proj.lora_magnitude_vector,5,q_proj,BF16,False,0.0,0.0,0.0,0.0
bf16-native,10,100,base_model.model.model.layers.5.self_attn.q_proj.lora_magnitude_vector,5,q_proj,BF16,False,0.0,0.0,0.0,0.0
bf16-native,10,200,base_model.model.model.layers.5.self_attn.q_proj.lora_magnitude_vector,5,q_proj,BF16,False,0.0,0.0,0.0,0.0
bf16-native,10,500,base_model.model.model.layers.5.self_attn.q_proj.lora_magnitude_vector,5,q_proj,BF16,False,0.0,0.0,0.0,0.0
bf16-native,10,1000,base_model.model.model.layers.5.self_attn.q_proj.lora_magnitude_vector,5,q_proj,BF16,False,0.0,0.0,0.0,0.0
bf16-native,10,2000,base_model.model.model.layers.5.self_attn.q_proj.lora_magnitude_vector,5,q_proj,BF16,False,0.0,0.0,0.0,0.0
bf16-native,10,10,base_model.model.model.layers.5.self_attn.v_proj.lora_magnitude_vector,5,v_proj,BF16,False,0.0,0.0,0.0,0.0
bf16-native,10,50,base_model.model.model.layers.5.self_attn.v_proj.lora_magnitude_vector,5,v_proj,BF16,False,0.0,0.0,0.0,0.0
bf16-native,10,100,base_model.model.model.layers.5.self_attn.v_proj.lora_magnitude_vector,5,v_proj,BF16,False,0.0,0.0,0.0,0.0
bf16-native,10,200,base_model.model.model.layers.5.self_attn.v_proj.lora_magnitude_vector,5,v_proj,BF16,False,0.0,0.0,0.0,0.0
bf16-native,10,500,base_model.model.model.layers.5.self_attn.v_proj.lora_magnitude_vector,5,v_proj,BF16,False,0.0,0.0,0.0,0.0
bf16-native,10,1000,base_model.model.model.layers.5.self_attn.v_proj.lora_magnitude_vector,5,v_proj,BF16,False,0.0,0.0,0.0,0.0
bf16-native,10,2000,base_model.model.model.layers.5.self_attn.v_proj.lora_magnitude_vector,5,v_proj,BF16,False,0.0,0.0,0.0,0.0
bf16-native,10,10,base_model.model.model.layers.6.mlp.down_proj.lora_magnitude_vector,6,down_proj,BF16,False,0.0,0.0,0.0,0.0
bf16-native,10,50,base_model.model.model.layers.6.mlp.down_proj.lora_magnitude_vector,6,down_proj,BF16,False,0.0,0.0,0.0,0.0
bf16-native,10,100,base_model.model.model.layers.6.mlp.down_proj.lora_magnitude_vector,6,down_proj,BF16,False,0.0,0.0,0.0,0.0
bf16-native,10,200,base_model.model.model.layers.6.mlp.down_proj.lora_magnitude_vector,6,down_proj,BF16,False,0.0,0.0,0.0,0.0
bf16-native,10,500,base_model.model.model.layers.6.mlp.down_proj.lora_magnitude_vector,6,down_proj,BF16,False,0.0,0.0,0.0,0.0
bf16-native,10,1000,base_model.model.model.layers.6.mlp.down_proj.lora_magnitude_vector,6,down_proj,BF16,False,0.0,0.0,0.0,0.0
bf16-native,10,2000,base_model.model.model.layers.6.mlp.down_proj.lora_magnitude_vector,6,down_proj,BF16,False,0.0,0.0,0.0,0.0
bf16-native,10,10,base_model.model.model.layers.6.mlp.up_proj.lora_magnitude_vector,6,up_proj,BF16,False,0.0,0.0,0.0,0.0
bf16-native,10,50,base_model.model.model.layers.6.mlp.up_proj.lora_magnitude_vector,6,up_proj,BF16,False,0.0,0.0,0.0,0.0
bf16-native,10,100,base_model.model.model.layers.6.mlp.up_proj.lora_magnitude_vector,6,up_proj,BF16,False,0.0,0.0,0.0,0.0
bf16-native,10,200,base_model.model.model.layers.6.mlp.up_proj.lora_magnitude_vector,6,up_proj,BF16,False,0.0,0.0,0.0,0.0
bf16-native,10,500,base_model.model.model.layers.6.mlp.up_proj.lora_magnitude_vector,6,up_proj,BF16,False,0.0,0.0,0.0,0.0
bf16-native,10,1000,base_model.model.model.layers.6.mlp.up_proj.lora_magnitude_vector,6,up_proj,BF16,False,0.0,0.0,0.0,0.0
bf16-native,10,2000,base_model.model.model.layers.6.mlp.up_proj.lora_magnitude_vector,6,up_proj,BF16,False,0.0,0.0,0.0,0.0
bf16-native,10,10,base_model.model.model.layers.6.self_attn.k_proj.lora_magnitude_vector,6,k_proj,BF16,False,0.0,0.0,0.0,0.0
bf16-native,10,50,base_model.model.model.layers.6.self_attn.k_proj.lora_magnitude_vector,6,k_proj,BF16,False,0.0,0.0,0.0,0.0
bf16-native,10,100,base_model.model.model.layers.6.self_attn.k_proj.lora_magnitude_vector,6,k_proj,BF16,False,0.0,0.0,0.0,0.0
bf16-native,10,200,base_model.model.model.layers.6.self_attn.k_proj.lora_magnitude_vector,6,k_proj,BF16,False,0.0,0.0,0.0,0.0
bf16-native,10,500,base_model.model.model.layers.6.self_attn.k_proj.lora_magnitude_vector,6,k_proj,BF16,False,0.0,0.0,0.0,0.0
bf16-native,10,1000,base_model.model.model.layers.6.self_attn.k_proj.lora_magnitude_vector,6,k_proj,BF16,False,0.0,0.0,0.0,0.0
bf16-native,10,2000,base_model.model.model.layers.6.self_attn.k_proj.lora_magnitude_vector,6,k_proj,BF16,False,0.0,0.0,0.0,0.0
bf16-native,10,10,base_model.model.model.layers.6.self_attn.q_proj.lora_magnitude_vector,6,q_proj,BF16,False,0.0,0.0,0.0,0.0
bf16-native,10,50,base_model.model.model.layers.6.self_attn.q_proj.lora_magnitude_vector,6,q_proj,BF16,False,0.0,0.0,0.0,0.0
bf16-native,10,100,base_model.model.model.layers.6.self_attn.q_proj.lora_magnitude_vector,6,q_proj,BF16,False,0.0,0.0,0.0,0.0
bf16-native,10,200,base_model.model.model.layers.6.self_attn.q_proj.lora_magnitude_vector,6,q_proj,BF16,False,0.0,0.0,0.0,0.0
bf16-native,10,500,base_model.model.model.layers.6.self_attn.q_proj.lora_magnitude_vector,6,q_proj,BF16,False,0.0,0.0,0.0,0.0
bf16-native,10,1000,base_model.model.model.layers.6.self_attn.q_proj.lora_magnitude_vector,6,q_proj,BF16,False,0.0,0.0,0.0,0.0
bf16-native,10,2000,base_model.model.model.layers.6.self_attn.q_proj.lora_magnitude_vector,6,q_proj,BF16,False,0.0,0.0,0.0,0.0
bf16-native,10,10,base_model.model.model.layers.6.self_attn.v_proj.lora_magnitude_vector,6,v_proj,BF16,False,0.0,0.0,0.0,0.0
bf16-native,10,50,base_model.model.model.layers.6.self_attn.v_proj.lora_magnitude_vector,6,v_proj,BF16,False,0.0,0.0,0.0,0.0
bf16-native,10,100,base_model.model.model.layers.6.self_attn.v_proj.lora_magnitude_vector,6,v_proj,BF16,False,0.0,0.0,0.0,0.0
bf16-native,10,200,base_model.model.model.layers.6.self_attn.v_proj.lora_magnitude_vector,6,v_proj,BF16,False,0.0,0.0,0.0,0.0
bf16-native,10,500,base_model.model.model.layers.6.self_attn.v_proj.lora_magnitude_vector,6,v_proj,BF16,False,0.0,0.0,0.0,0.0
bf16-native,10,1000,base_model.model.model.layers.6.self_attn.v_proj.lora_magnitude_vector,6,v_proj,BF16,False,0.0,0.0,0.0,0.0
bf16-native,10,2000,base_model.model.model.layers.6.self_attn.v_proj.lora_magnitude_vector,6,v_proj,BF16,False,0.0,0.0,0.0,0.0
bf16-native,10,10,base_model.model.model.layers.7.mlp.down_proj.lora_magnitude_vector,7,down_proj,BF16,False,0.0,0.0,0.0,0.0
bf16-native,10,50,base_model.model.model.layers.7.mlp.down_proj.lora_magnitude_vector,7,down_proj,BF16,False,0.0,0.0,0.0,0.0
bf16-native,10,100,base_model.model.model.layers.7.mlp.down_proj.lora_magnitude_vector,7,down_proj,BF16,False,0.0,0.0,0.0,0.0
bf16-native,10,200,base_model.model.model.layers.7.mlp.down_proj.lora_magnitude_vector,7,down_proj,BF16,False,0.0,0.0,0.0,0.0
bf16-native,10,500,base_model.model.model.layers.7.mlp.down_proj.lora_magnitude_vector,7,down_proj,BF16,False,0.0,0.0,0.0,0.0
bf16-native,10,1000,base_model.model.model.layers.7.mlp.down_proj.lora_magnitude_vector,7,down_proj,BF16,False,0.0,0.0,0.0,0.0
bf16-native,10,2000,base_model.model.model.layers.7.mlp.down_proj.lora_magnitude_vector,7,down_proj,BF16,False,0.0,0.0,0.0,0.0
bf16-native,10,10,base_model.model.model.layers.7.mlp.up_proj.lora_magnitude_vector,7,up_proj,BF16,False,0.0,0.0,0.0,0.0
bf16-native,10,50,base_model.model.model.layers.7.mlp.up_proj.lora_magnitude_vector,7,up_proj,BF16,False,0.0,0.0,0.0,0.0
bf16-native,10,100,base_model.model.model.layers.7.mlp.up_proj.lora_magnitude_vector,7,up_proj,BF16,False,0.0,0.0,0.0,0.0
bf16-native,10,200,base_model.model.model.layers.7.mlp.up_proj.lora_magnitude_vector,7,up_proj,BF16,False,0.0,0.0,0.0,0.0
bf16-native,10,500,base_model.model.model.layers.7.mlp.up_proj.lora_magnitude_vector,7,up_proj,BF16,False,0.0,0.0,0.0,0.0
bf16-native,10,1000,base_model.model.model.layers.7.mlp.up_proj.lora_magnitude_vector,7,up_proj,BF16,False,0.0,0.0,0.0,0.0
bf16-native,10,2000,base_model.model.model.layers.7.mlp.up_proj.lora_magnitude_vector,7,up_proj,BF16,False,0.0,0.0,0.0,0.0
bf16-native,10,10,base_model.model.model.layers.7.self_attn.k_proj.lora_magnitude_vector,7,k_proj,BF16,False,0.0,0.0,0.0,0.0
bf16-native,10,50,base_model.model.model.layers.7.self_attn.k_proj.lora_magnitude_vector,7,k_proj,BF16,False,0.0,0.0,0.0,0.0
bf16-native,10,100,base_model.model.model.layers.7.self_attn.k_proj.lora_magnitude_vector,7,k_proj,BF16,False,0.0,0.0,0.0,0.0
bf16-native,10,200,base_model.model.model.layers.7.self_attn.k_proj.lora_magnitude_vector,7,k_proj,BF16,False,0.0,0.0,0.0,0.0
bf16-native,10,500,base_model.model.model.layers.7.self_attn.k_proj.lora_magnitude_vector,7,k_proj,BF16,False,0.0,0.0,0.0,0.0
bf16-native,10,1000,base_model.model.model.layers.7.self_attn.k_proj.lora_magnitude_vector,7,k_proj,BF16,False,0.0,0.0,0.0,0.0
bf16-native,10,2000,base_model.model.model.layers.7.self_attn.k_proj.lora_magnitude_vector,7,k_proj,BF16,False,0.0,0.0,0.0,0.0
bf16-native,10,10,base_model.model.model.layers.7.self_attn.q_proj.lora_magnitude_vector,7,q_proj,BF16,False,0.0,0.0,0.0,0.0
bf16-native,10,50,base_model.model.model.layers.7.self_attn.q_proj.lora_magnitude_vector,7,q_proj,BF16,False,0.0,0.0,0.0,0.0
bf16-native,10,100,base_model.model.model.layers.7.self_attn.q_proj.lora_magnitude_vector,7,q_proj,BF16,False,0.0,0.0,0.0,0.0
bf16-native,10,200,base_model.model.model.layers.7.self_attn.q_proj.lora_magnitude_vector,7,q_proj,BF16,False,0.0,0.0,0.0,0.0
bf16-native,10,500,base_model.model.model.layers.7.self_attn.q_proj.lora_magnitude_vector,7,q_proj,BF16,False,0.0,0.0,0.0,0.0
bf16-native,10,1000,base_model.model.model.layers.7.self_attn.q_proj.lora_magnitude_vector,7,q_proj,BF16,False,0.0,0.0,0.0,0.0
bf16-native,10,2000,base_model.model.model.layers.7.self_attn.q_proj.lora_magnitude_vector,7,q_proj,BF16,False,0.0,0.0,0.0,0.0
bf16-native,10,10,base_model.model.model.layers.7.self_attn.v_proj.lora_magnitude_vector,7,v_proj,BF16,False,0.0,0.0,0.0,0.0
bf16-native,10,50,base_model.model.model.layers.7.self_attn.v_proj.lora_magnitude_vector,7,v_proj,BF16,False,0.0,0.0,0.0,0.0
bf16-native,10,100,base_model.model.model.layers.7.self_attn.v_proj.lora_magnitude_vector,7,v_proj,BF16,False,0.0,0.0,0.0,0.0
bf16-native,10,200,base_model.model.model.layers.7.self_attn.v_proj.lora_magnitude_vector,7,v_proj,BF16,False,0.0,0.0,0.0,0.0
bf16-native,10,500,base_model.model.model.layers.7.self_attn.v_proj.lora_magnitude_vector,7,v_proj,BF16,False,0.0,0.0,0.0,0.0
bf16-native,10,1000,base_model.model.model.layers.7.self_attn.v_proj.lora_magnitude_vector,7,v_proj,BF16,False,0.0,0.0,0.0,0.0
bf16-native,10,2000,base_model.model.model.layers.7.self_attn.v_proj.lora_magnitude_vector,7,v_proj,BF16,False,0.0,0.0,0.0,0.0
bf16-native,10,10,base_model.model.model.layers.8.mlp.down_proj.lora_magnitude_vector,8,down_proj,BF16,False,0.0,0.0,0.0,0.0
bf16-native,10,50,base_model.model.model.layers.8.mlp.down_proj.lora_magnitude_vector,8,down_proj,BF16,False,0.0,0.0,0.0,0.0
bf16-native,10,100,base_model.model.model.layers.8.mlp.down_proj.lora_magnitude_vector,8,down_proj,BF16,False,0.0,0.0,0.0,0.0
bf16-native,10,200,base_model.model.model.layers.8.mlp.down_proj.lora_magnitude_vector,8,down_proj,BF16,False,0.0,0.0,0.0,0.0
bf16-native,10,500,base_model.model.model.layers.8.mlp.down_proj.lora_magnitude_vector,8,down_proj,BF16,False,0.0,0.0,0.0,0.0
bf16-native,10,1000,base_model.model.model.layers.8.mlp.down_proj.lora_magnitude_vector,8,down_proj,BF16,False,0.0,0.0,0.0,0.0
bf16-native,10,2000,base_model.model.model.layers.8.mlp.down_proj.lora_magnitude_vector,8,down_proj,BF16,False,0.0,0.0,0.0,0.0
bf16-native,10,10,base_model.model.model.layers.8.mlp.up_proj.lora_magnitude_vector,8,up_proj,BF16,False,0.0,0.0,0.0,0.0
bf16-native,10,50,base_model.model.model.layers.8.mlp.up_proj.lora_magnitude_vector,8,up_proj,BF16,False,0.0,0.0,0.0,0.0
bf16-native,10,100,base_model.model.model.layers.8.mlp.up_proj.lora_magnitude_vector,8,up_proj,BF16,False,0.0,0.0,0.0,0.0
bf16-native,10,200,base_model.model.model.layers.8.mlp.up_proj.lora_magnitude_vector,8,up_proj,BF16,False,0.0,0.0,0.0,0.0
bf16-native,10,500,base_model.model.model.layers.8.mlp.up_proj.lora_magnitude_vector,8,up_proj,BF16,False,0.0,0.0,0.0,0.0
bf16-native,10,1000,base_model.model.model.layers.8.mlp.up_proj.lora_magnitude_vector,8,up_proj,BF16,False,0.0,0.0,0.0,0.0
bf16-native,10,2000,base_model.model.model.layers.8.mlp.up_proj.lora_magnitude_vector,8,up_proj,BF16,False,0.0,0.0,0.0,0.0
bf16-native,10,10,base_model.model.model.layers.8.self_attn.k_proj.lora_magnitude_vector,8,k_proj,BF16,False,0.0,0.0,0.0,0.0
bf16-native,10,50,base_model.model.model.layers.8.self_attn.k_proj.lora_magnitude_vector,8,k_proj,BF16,False,0.0,0.0,0.0,0.0
bf16-native,10,100,base_model.model.model.layers.8.self_attn.k_proj.lora_magnitude_vector,8,k_proj,BF16,False,0.0,0.0,0.0,0.0
bf16-native,10,200,base_model.model.model.layers.8.self_attn.k_proj.lora_magnitude_vector,8,k_proj,BF16,False,0.0,0.0,0.0,0.0
bf16-native,10,500,base_model.model.model.layers.8.self_attn.k_proj.lora_magnitude_vector,8,k_proj,BF16,False,0.0,0.0,0.0,0.0
bf16-native,10,1000,base_model.model.model.layers.8.self_attn.k_proj.lora_magnitude_vector,8,k_proj,BF16,False,0.0,0.0,0.0,0.0
bf16-native,10,2000,base_model.model.model.layers.8.self_attn.k_proj.lora_magnitude_vector,8,k_proj,BF16,False,0.0,0.0,0.0,0.0
bf16-native,10,10,base_model.model.model.layers.8.self_attn.q_proj.lora_magnitude_vector,8,q_proj,BF16,False,0.0,0.0,0.0,0.0
bf16-native,10,50,base_model.model.model.layers.8.self_attn.q_proj.lora_magnitude_vector,8,q_proj,BF16,False,0.0,0.0,0.0,0.0
bf16-native,10,100,base_model.model.model.layers.8.self_attn.q_proj.lora_magnitude_vector,8,q_proj,BF16,False,0.0,0.0,0.0,0.0
bf16-native,10,200,base_model.model.model.layers.8.self_attn.q_proj.lora_magnitude_vector,8,q_proj,BF16,False,0.0,0.0,0.0,0.0
bf16-native,10,500,base_model.model.model.layers.8.self_attn.q_proj.lora_magnitude_vector,8,q_proj,BF16,False,0.0,0.0,0.0,0.0
bf16-native,10,1000,base_model.model.model.layers.8.self_attn.q_proj.lora_magnitude_vector,8,q_proj,BF16,False,0.0,0.0,0.0,0.0
bf16-native,10,2000,base_model.model.model.layers.8.self_attn.q_proj.lora_magnitude_vector,8,q_proj,BF16,False,0.0,0.0,0.0,0.0
bf16-native,10,10,base_model.model.model.layers.8.self_attn.v_proj.lora_magnitude_vector,8,v_proj,BF16,False,0.0,0.0,0.0,0.0
bf16-native,10,50,base_model.model.model.layers.8.self_attn.v_proj.lora_magnitude_vector,8,v_proj,BF16,False,0.0,0.0,0.0,0.0
bf16-native,10,100,base_model.model.model.layers.8.self_attn.v_proj.lora_magnitude_vector,8,v_proj,BF16,False,0.0,0.0,0.0,0.0
bf16-native,10,200,base_model.model.model.layers.8.self_attn.v_proj.lora_magnitude_vector,8,v_proj,BF16,False,0.0,0.0,0.0,0.0
bf16-native,10,500,base_model.model.model.layers.8.self_attn.v_proj.lora_magnitude_vector,8,v_proj,BF16,False,0.0,0.0,0.0,0.0
bf16-native,10,1000,base_model.model.model.layers.8.self_attn.v_proj.lora_magnitude_vector,8,v_proj,BF16,False,0.0,0.0,0.0,0.0
bf16-native,10,2000,base_model.model.model.layers.8.self_attn.v_proj.lora_magnitude_vector,8,v_proj,BF16,False,0.0,0.0,0.0,0.0
bf16-native,10,10,base_model.model.model.layers.9.mlp.down_proj.lora_magnitude_vector,9,down_proj,BF16,False,0.0,0.0,0.0,0.0
bf16-native,10,50,base_model.model.model.layers.9.mlp.down_proj.lora_magnitude_vector,9,down_proj,BF16,False,0.0,0.0,0.0,0.0
bf16-native,10,100,base_model.model.model.layers.9.mlp.down_proj.lora_magnitude_vector,9,down_proj,BF16,False,0.0,0.0,0.0,0.0
bf16-native,10,200,base_model.model.model.layers.9.mlp.down_proj.lora_magnitude_vector,9,down_proj,BF16,False,0.0,0.0,0.0,0.0
bf16-native,10,500,base_model.model.model.layers.9.mlp.down_proj.lora_magnitude_vector,9,down_proj,BF16,False,0.0,0.0,0.0,0.0
bf16-native,10,1000,base_model.model.model.layers.9.mlp.down_proj.lora_magnitude_vector,9,down_proj,BF16,False,0.0,0.0,0.0,0.0
bf16-native,10,2000,base_model.model.model.layers.9.mlp.down_proj.lora_magnitude_vector,9,down_proj,BF16,False,0.0,0.0,0.0,0.0
bf16-native,10,10,base_model.model.model.layers.9.mlp.up_proj.lora_magnitude_vector,9,up_proj,BF16,False,0.0,0.0,0.0,0.0
bf16-native,10,50,base_model.model.model.layers.9.mlp.up_proj.lora_magnitude_vector,9,up_proj,BF16,False,0.0,0.0,0.0,0.0
bf16-native,10,100,base_model.model.model.layers.9.mlp.up_proj.lora_magnitude_vector,9,up_proj,BF16,False,0.0,0.0,0.0,0.0
bf16-native,10,200,base_model.model.model.layers.9.mlp.up_proj.lora_magnitude_vector,9,up_proj,BF16,False,0.0,0.0,0.0,0.0
bf16-native,10,500,base_model.model.model.layers.9.mlp.up_proj.lora_magnitude_vector,9,up_proj,BF16,False,0.0,0.0,0.0,0.0
bf16-native,10,1000,base_model.model.model.layers.9.mlp.up_proj.lora_magnitude_vector,9,up_proj,BF16,False,0.0,0.0,0.0,0.0
bf16-native,10,2000,base_model.model.model.layers.9.mlp.up_proj.lora_magnitude_vector,9,up_proj,BF16,False,0.0,0.0,0.0,0.0
bf16-native,10,10,base_model.model.model.layers.9.self_attn.k_proj.lora_magnitude_vector,9,k_proj,BF16,False,0.0,0.0,0.0,0.0
bf16-native,10,50,base_model.model.model.layers.9.self_attn.k_proj.lora_magnitude_vector,9,k_proj,BF16,False,0.0,0.0,0.0,0.0
bf16-native,10,100,base_model.model.model.layers.9.self_attn.k_proj.lora_magnitude_vector,9,k_proj,BF16,False,0.0,0.0,0.0,0.0
bf16-native,10,200,base_model.model.model.layers.9.self_attn.k_proj.lora_magnitude_vector,9,k_proj,BF16,False,0.0,0.0,0.0,0.0
bf16-native,10,500,base_model.model.model.layers.9.self_attn.k_proj.lora_magnitude_vector,9,k_proj,BF16,False,0.0,0.0,0.0,0.0
bf16-native,10,1000,base_model.model.model.layers.9.self_attn.k_proj.lora_magnitude_vector,9,k_proj,BF16,False,0.0,0.0,0.0,0.0
bf16-native,10,2000,base_model.model.model.layers.9.self_attn.k_proj.lora_magnitude_vector,9,k_proj,BF16,False,0.0,0.0,0.0,0.0
bf16-native,10,10,base_model.model.model.layers.9.self_attn.q_proj.lora_magnitude_vector,9,q_proj,BF16,False,0.0,0.0,0.0,0.0
bf16-native,10,50,base_model.model.model.layers.9.self_attn.q_proj.lora_magnitude_vector,9,q_proj,BF16,False,0.0,0.0,0.0,0.0
bf16-native,10,100,base_model.model.model.layers.9.self_attn.q_proj.lora_magnitude_vector,9,q_proj,BF16,False,0.0,0.0,0.0,0.0
bf16-native,10,200,base_model.model.model.layers.9.self_attn.q_proj.lora_magnitude_vector,9,q_proj,BF16,False,0.0,0.0,0.0,0.0
bf16-native,10,500,base_model.model.model.layers.9.self_attn.q_proj.lora_magnitude_vector,9,q_proj,BF16,False,0.0,0.0,0.0,0.0
bf16-native,10,1000,base_model.model.model.layers.9.self_attn.q_proj.lora_magnitude_vector,9,q_proj,BF16,False,0.0,0.0,0.0,0.0
bf16-native,10,2000,base_model.model.model.layers.9.self_attn.q_proj.lora_magnitude_vector,9,q_proj,BF16,False,0.0,0.0,0.0,0.0
bf16-native,10,10,base_model.model.model.layers.9.self_attn.v_proj.lora_magnitude_vector,9,v_proj,BF16,False,0.0,0.0,0.0,0.0
bf16-native,10,50,base_model.model.model.layers.9.self_attn.v_proj.lora_magnitude_vector,9,v_proj,BF16,False,0.0,0.0,0.0,0.0
bf16-native,10,100,base_model.model.model.layers.9.self_attn.v_proj.lora_magnitude_vector,9,v_proj,BF16,False,0.0,0.0,0.0,0.0
bf16-native,10,200,base_model.model.model.layers.9.self_attn.v_proj.lora_magnitude_vector,9,v_proj,BF16,False,0.0,0.0,0.0,0.0
bf16-native,10,500,base_model.model.model.layers.9.self_attn.v_proj.lora_magnitude_vector,9,v_proj,BF16,False,0.0,0.0,0.0,0.0
bf16-native,10,1000,base_model.model.model.layers.9.self_attn.v_proj.lora_magnitude_vector,9,v_proj,BF16,False,0.0,0.0,0.0,0.0
bf16-native,10,2000,base_model.model.model.layers.9.self_attn.v_proj.lora_magnitude_vector,9,v_proj,BF16,False,0.0,0.0,0.0,0.0
fp32-magnitude,10,10,base_model.model.model.layers.0.mlp.down_proj.lora_magnitude_vector,0,down_proj,F32,False,0.0,0.0,0.0,0.0
fp32-magnitude,10,50,base_model.model.model.layers.0.mlp.down_proj.lora_magnitude_vector,0,down_proj,F32,True,1.0,0.0002909738104790449,0.00027659857208985484,0.0013513565063476562
fp32-magnitude,10,100,base_model.model.model.layers.0.mlp.down_proj.lora_magnitude_vector,0,down_proj,F32,True,1.0,0.00043651014857459813,0.0004392410582899634,0.0025784969329833984
fp32-magnitude,10,200,base_model.model.model.layers.0.mlp.down_proj.lora_magnitude_vector,0,down_proj,F32,True,1.0,0.000698293952154927,0.0007102760189295482,0.003959298133850098
fp32-magnitude,10,500,base_model.model.model.layers.0.mlp.down_proj.lora_magnitude_vector,0,down_proj,F32,True,1.0,0.0011549741466296837,0.0011631035710920716,0.005113720893859863
fp32-magnitude,10,1000,base_model.model.model.layers.0.mlp.down_proj.lora_magnitude_vector,0,down_proj,F32,True,1.0,0.0015549618110526353,0.0015579786627853277,0.008060574531555176
fp32-magnitude,10,2000,base_model.model.model.layers.0.mlp.down_proj.lora_magnitude_vector,0,down_proj,F32,True,1.0,0.0017491765902377665,0.001746207450274647,0.009805560111999512
fp32-magnitude,10,10,base_model.model.model.layers.0.mlp.up_proj.lora_magnitude_vector,0,up_proj,F32,False,0.0,0.0,0.0,0.0
fp32-magnitude,10,50,base_model.model.model.layers.0.mlp.up_proj.lora_magnitude_vector,0,up_proj,F32,True,0.9999302455357143,0.0002853811290281426,0.0005070379846746722,0.001436769962310791
fp32-magnitude,10,100,base_model.model.model.layers.0.mlp.up_proj.lora_magnitude_vector,0,up_proj,F32,True,0.9998604910714286,0.0004540449631999114,0.0008435337349246779,0.0029301047325134277
fp32-magnitude,10,200,base_model.model.model.layers.0.mlp.up_proj.lora_magnitude_vector,0,up_proj,F32,True,0.9999302455357143,0.0007730116922175512,0.0014630426171956179,0.004151403903961182
fp32-magnitude,10,500,base_model.model.model.layers.0.mlp.up_proj.lora_magnitude_vector,0,up_proj,F32,True,1.0,0.0012751976090450107,0.0024062530889587754,0.0068773627281188965
fp32-magnitude,10,1000,base_model.model.model.layers.0.mlp.up_proj.lora_magnitude_vector,0,up_proj,F32,True,1.0,0.0016872711005687182,0.0031822838833162784,0.010848581790924072
fp32-magnitude,10,2000,base_model.model.model.layers.0.mlp.up_proj.lora_magnitude_vector,0,up_proj,F32,True,1.0,0.0018781210694994246,0.0035360764054285583,0.011070728302001953
fp32-magnitude,10,10,base_model.model.model.layers.0.self_attn.k_proj.lora_magnitude_vector,0,k_proj,F32,False,0.0,0.0,0.0,0.0
fp32-magnitude,10,50,base_model.model.model.layers.0.self_attn.k_proj.lora_magnitude_vector,0,k_proj,F32,True,1.0,0.0003411126817809418,0.0002388425022095322,0.0008792877197265625
fp32-magnitude,10,100,base_model.model.model.layers.0.self_attn.k_proj.lora_magnitude_vector,0,k_proj,F32,True,1.0,0.0005258314631646499,0.00038570643383662275,0.002043008804321289
fp32-magnitude,10,200,base_model.model.model.layers.0.self_attn.k_proj.lora_magnitude_vector,0,k_proj,F32,True,1.0,0.0007178197120083496,0.0005413276044761165,0.0037055015563964844
fp32-magnitude,10,500,base_model.model.model.layers.0.self_attn.k_proj.lora_magnitude_vector,0,k_proj,F32,True,1.0,0.001056820823578164,0.0008301768613788317,0.0057898759841918945
fp32-magnitude,10,1000,base_model.model.model.layers.0.self_attn.k_proj.lora_magnitude_vector,0,k_proj,F32,True,1.0,0.001437936894944869,0.0011200695131735744,0.0079728364944458
fp32-magnitude,10,2000,base_model.model.model.layers.0.self_attn.k_proj.lora_magnitude_vector,0,k_proj,F32,True,1.0,0.0015635868912795559,0.0012396461648235028,0.0081712007522583
fp32-magnitude,10,10,base_model.model.model.layers.0.self_attn.q_proj.lora_magnitude_vector,0,q_proj,F32,False,0.0,0.0,0.0,0.0
fp32-magnitude,10,50,base_model.model.model.layers.0.self_attn.q_proj.lora_magnitude_vector,0,q_proj,F32,True,1.0,0.00029902535607106984,0.00031189533427250027,0.0009329319000244141
fp32-magnitude,10,100,base_model.model.model.layers.0.self_attn.q_proj.lora_magnitude_vector,0,q_proj,F32,True,0.999755859375,0.00048813574539963156,0.0005290017733001637,0.0020221471786499023
fp32-magnitude,10,200,base_model.model.model.layers.0.self_attn.q_proj.lora_magnitude_vector,0,q_proj,F32,True,1.0,0.0007272724178619683,0.0008066900385280274,0.004091620445251465
fp32-magnitude,10,500,base_model.model.model.layers.0.self_attn.q_proj.lora_magnitude_vector,0,q_proj,F32,True,1.0,0.0011432158717070706,0.001291728377677127,0.006503701210021973
fp32-magnitude,10,1000,base_model.model.model.layers.0.self_attn.q_proj.lora_magnitude_vector,0,q_proj,F32,True,1.0,0.0015841472850297578,0.0017893861219016047,0.008027374744415283
fp32-magnitude,10,2000,base_model.model.model.layers.0.self_attn.q_proj.lora_magnitude_vector,0,q_proj,F32,True,1.0,0.0017174434251501225,0.0019444893573214346,0.009115338325500488
fp32-magnitude,10,10,base_model.model.model.layers.0.self_attn.v_proj.lora_magnitude_vector,0,v_proj,F32,False,0.0,0.0,0.0,0.0
fp32-magnitude,10,50,base_model.model.model.layers.0.self_attn.v_proj.lora_magnitude_vector,0,v_proj,F32,True,1.0,0.00029286215431056917,0.000831802595644896,0.0009043216705322266
fp32-magnitude,10,100,base_model.model.model.layers.0.self_attn.v_proj.lora_magnitude_vector,0,v_proj,F32,True,1.0,0.0004534355248324573,0.0013443268058154654,0.001896589994430542
fp32-magnitude,10,200,base_model.model.model.layers.0.self_attn.v_proj.lora_magnitude_vector,0,v_proj,F32,True,1.0,0.0006978416058700532,0.002115998920752095,0.002813875675201416
fp32-magnitude,10,500,base_model.model.model.layers.0.self_attn.v_proj.lora_magnitude_vector,0,v_proj,F32,True,1.0,0.001132969162426889,0.003451004356122138,0.004692584276199341
fp32-magnitude,10,1000,base_model.model.model.layers.0.self_attn.v_proj.lora_magnitude_vector,0,v_proj,F32,True,1.0,0.001513422655989416,0.004616187044167531,0.006763935089111328
fp32-magnitude,10,2000,base_model.model.model.layers.0.self_attn.v_proj.lora_magnitude_vector,0,v_proj,F32,True,1.0,0.0016874928987817839,0.005139857946018344,0.007714003324508667
fp32-magnitude,10,10,base_model.model.model.layers.1.mlp.down_proj.lora_magnitude_vector,1,down_proj,F32,False,0.0,0.0,0.0,0.0
fp32-magnitude,10,50,base_model.model.model.layers.1.mlp.down_proj.lora_magnitude_vector,1,down_proj,F32,True,1.0,0.0003010798682225868,0.00028161588982466635,0.0013020038604736328
fp32-magnitude,10,100,base_model.model.model.layers.1.mlp.down_proj.lora_magnitude_vector,1,down_proj,F32,True,1.0,0.0004545378469629213,0.00044680495596109715,0.0022895336151123047
fp32-magnitude,10,200,base_model.model.model.layers.1.mlp.down_proj.lora_magnitude_vector,1,down_proj,F32,True,0.999755859375,0.0007222262502182275,0.0007165148570864279,0.0035665035247802734
fp32-magnitude,10,500,base_model.model.model.layers.1.mlp.down_proj.lora_magnitude_vector,1,down_proj,F32,True,1.0,0.0011576926772249863,0.0011517560043521199,0.0055027008056640625
fp32-magnitude,10,1000,base_model.model.model.layers.1.mlp.down_proj.lora_magnitude_vector,1,down_proj,F32,True,1.0,0.0015465221513295546,0.0015271514560444618,0.0073233842849731445
fp32-magnitude,10,2000,base_model.model.model.layers.1.mlp.down_proj.lora_magnitude_vector,1,down_proj,F32,True,1.0,0.0017316896555712447,0.0017081201683712937,0.00835728645324707
fp32-magnitude,10,10,base_model.model.model.layers.1.mlp.up_proj.lora_magnitude_vector,1,up_proj,F32,False,0.0,0.0,0.0,0.0
fp32-magnitude,10,50,base_model.model.model.layers.1.mlp.up_proj.lora_magnitude_vector,1,up_proj,F32,True,1.0,0.0002911567031073251,0.000506179420669158,0.0014941692352294922
fp32-magnitude,10,100,base_model.model.model.layers.1.mlp.up_proj.lora_magnitude_vector,1,up_proj,F32,True,1.0,0.00045145068309336366,0.0008279261083213084,0.0027611255645751953
fp32-magnitude,10,200,base_model.model.model.layers.1.mlp.up_proj.lora_magnitude_vector,1,up_proj,F32,True,1.0,0.0007620434917043895,0.001420270202767853,0.003997981548309326
fp32-magnitude,10,500,base_model.model.model.layers.1.mlp.up_proj.lora_magnitude_vector,1,up_proj,F32,True,1.0,0.0012398613429728097,0.002309387624606339,0.006922006607055664
fp32-magnitude,10,1000,base_model.model.model.layers.1.mlp.up_proj.lora_magnitude_vector,1,up_proj,F32,True,1.0,0.0016466358481141339,0.003059176634739616,0.009606897830963135
fp32-magnitude,10,2000,base_model.model.model.layers.1.mlp.up_proj.lora_magnitude_vector,1,up_proj,F32,True,0.9999302455357143,0.0018259127391502261,0.003391784878188096,0.01023399829864502
fp32-magnitude,10,10,base_model.model.model.layers.1.self_attn.k_proj.lora_magnitude_vector,1,k_proj,F32,False,0.0,0.0,0.0,0.0
fp32-magnitude,10,50,base_model.model.model.layers.1.self_attn.k_proj.lora_magnitude_vector,1,k_proj,F32,True,1.0,0.000287643531919457,0.00020198438467087403,0.000849604606628418
fp32-magnitude,10,100,base_model.model.model.layers.1.self_attn.k_proj.lora_magnitude_vector,1,k_proj,F32,True,1.0,0.00040444267506245524,0.0003031264515071614,0.0017843246459960938
fp32-magnitude,10,200,base_model.model.model.layers.1.self_attn.k_proj.lora_magnitude_vector,1,k_proj,F32,True,1.0,0.0006347689632093534,0.00047736190130489957,0.0030477046966552734
fp32-magnitude,10,500,base_model.model.model.layers.1.self_attn.k_proj.lora_magnitude_vector,1,k_proj,F32,True,1.0,0.0009745529387146235,0.0007650231101739934,0.005752444267272949
fp32-magnitude,10,1000,base_model.model.model.layers.1.self_attn.k_proj.lora_magnitude_vector,1,k_proj,F32,True,1.0,0.0012192499416414648,0.0009463426560896022,0.007045626640319824
fp32-magnitude,10,2000,base_model.model.model.layers.1.self_attn.k_proj.lora_magnitude_vector,1,k_proj,F32,True,1.0,0.0014353419974213466,0.0010984322125335267,0.008564591407775879
fp32-magnitude,10,10,base_model.model.model.layers.1.self_attn.q_proj.lora_magnitude_vector,1,q_proj,F32,False,0.0,0.0,0.0,0.0
fp32-magnitude,10,50,base_model.model.model.layers.1.self_attn.q_proj.lora_magnitude_vector,1,q_proj,F32,True,1.0,0.00029441666265483946,0.00029221012746998064,0.000908970832824707
fp32-magnitude,10,100,base_model.model.model.layers.1.self_attn.q_proj.lora_magnitude_vector,1,q_proj,F32,True,1.0,0.00044510237785289064,0.00048102259072412663,0.0021811723709106445
fp32-magnitude,10,200,base_model.model.model.layers.1.self_attn.q_proj.lora_magnitude_vector,1,q_proj,F32,True,1.0,0.0006868588789075147,0.0007502625667334816,0.003645658493041992
fp32-magnitude,10,500,base_model.model.model.layers.1.self_attn.q_proj.lora_magnitude_vector,1,q_proj,F32,True,1.0,0.0010887723656196613,0.001198817549868994,0.006182551383972168
fp32-magnitude,10,1000,base_model.model.model.layers.1.self_attn.q_proj.lora_magnitude_vector,1,q_proj,F32,True,1.0,0.0013842492298863363,0.0015081669227044261,0.008067965507507324
fp32-magnitude,10,2000,base_model.model.model.layers.1.self_attn.q_proj.lora_magnitude_vector,1,q_proj,F32,True,1.0,0.0015821930173842702,0.0017271012239131415,0.008084475994110107
fp32-magnitude,10,10,base_model.model.model.layers.1.self_attn.v_proj.lora_magnitude_vector,1,v_proj,F32,False,0.0,0.0,0.0,0.0
fp32-magnitude,10,50,base_model.model.model.layers.1.self_attn.v_proj.lora_magnitude_vector,1,v_proj,F32,True,1.0,0.0003040521696675569,0.0007120544699113202,0.0009078383445739746
fp32-magnitude,10,100,base_model.model.model.layers.1.self_attn.v_proj.lora_magnitude_vector,1,v_proj,F32,True,1.0,0.00045940803829580545,0.0011386545499426112,0.001635134220123291
fp32-magnitude,10,200,base_model.model.model.layers.1.self_attn.v_proj.lora_magnitude_vector,1,v_proj,F32,True,1.0,0.0007152977341320366,0.001820618820870376,0.003039538860321045
fp32-magnitude,10,500,base_model.model.model.layers.1.self_attn.v_proj.lora_magnitude_vector,1,v_proj,F32,True,1.0,0.0012057811545673758,0.0030544832595391005,0.005061298608779907
fp32-magnitude,10,1000,base_model.model.model.layers.1.self_attn.v_proj.lora_magnitude_vector,1,v_proj,F32,True,1.0,0.0015559002058580518,0.003970727277157644,0.006718158721923828
fp32-magnitude,10,2000,base_model.model.model.layers.1.self_attn.v_proj.lora_magnitude_vector,1,v_proj,F32,True,1.0,0.0017350016569253057,0.004386463799403861,0.008476674556732178
fp32-magnitude,10,10,base_model.model.model.layers.10.mlp.down_proj.lora_magnitude_vector,10,down_proj,F32,False,0.0,0.0,0.0,0.0
fp32-magnitude,10,50,base_model.model.model.layers.10.mlp.down_proj.lora_magnitude_vector,10,down_proj,F32,True,1.0,0.0003738011364475824,0.0003491531575990747,0.0011775493621826172
fp32-magnitude,10,100,base_model.model.model.layers.10.mlp.down_proj.lora_magnitude_vector,10,down_proj,F32,True,0.999755859375,0.0005921168194618076,0.0005816089705199748,0.002353668212890625
fp32-magnitude,10,200,base_model.model.model.layers.10.mlp.down_proj.lora_magnitude_vector,10,down_proj,F32,True,1.0,0.0008825364348012954,0.0008817355817285875,0.0042498111724853516
fp32-magnitude,10,500,base_model.model.model.layers.10.mlp.down_proj.lora_magnitude_vector,10,down_proj,F32,True,1.0,0.0013361575693124905,0.0013423736156374607,0.006389617919921875
fp32-magnitude,10,1000,base_model.model.model.layers.10.mlp.down_proj.lora_magnitude_vector,10,down_proj,F32,True,1.0,0.0017158090267912485,0.0017173656972019591,0.007620573043823242
fp32-magnitude,10,2000,base_model.model.model.layers.10.mlp.down_proj.lora_magnitude_vector,10,down_proj,F32,True,1.0,0.0019158295326633379,0.0019179306040213204,0.009239792823791504
fp32-magnitude,10,10,base_model.model.model.layers.10.mlp.up_proj.lora_magnitude_vector,10,up_proj,F32,False,0.0,0.0,0.0,0.0
fp32-magnitude,10,50,base_model.model.model.layers.10.mlp.up_proj.lora_magnitude_vector,10,up_proj,F32,True,1.0,0.00036368510544499647,0.000628992283781254,0.0014660954475402832
fp32-magnitude,10,100,base_model.model.model.layers.10.mlp.up_proj.lora_magnitude_vector,10,up_proj,F32,True,1.0,0.0005785235573837001,0.0010573527640463944,0.002968728542327881
fp32-magnitude,10,200,base_model.model.model.layers.10.mlp.up_proj.lora_magnitude_vector,10,up_proj,F32,True,1.0,0.0008803130019389625,0.0016399383935994346,0.005472123622894287
fp32-magnitude,10,500,base_model.model.model.layers.10.mlp.up_proj.lora_magnitude_vector,10,up_proj,F32,True,1.0,0.0013559453322419099,0.002542017198842809,0.007749021053314209
fp32-magnitude,10,1000,base_model.model.model.layers.10.mlp.up_proj.lora_magnitude_vector,10,up_proj,F32,True,0.9999302455357143,0.0017478431338011952,0.003280815811006279,0.009533047676086426
fp32-magnitude,10,2000,base_model.model.model.layers.10.mlp.up_proj.lora_magnitude_vector,10,up_proj,F32,True,1.0,0.0019529513998090156,0.003661385626467896,0.01100844144821167
fp32-magnitude,10,10,base_model.model.model.layers.10.self_attn.k_proj.lora_magnitude_vector,10,k_proj,F32,False,0.0,0.0,0.0,0.0
fp32-magnitude,10,50,base_model.model.model.layers.10.self_attn.k_proj.lora_magnitude_vector,10,k_proj,F32,True,1.0,0.0003656679473351687,0.0002481288366069296,0.0009514093399047852
fp32-magnitude,10,100,base_model.model.model.layers.10.self_attn.k_proj.lora_magnitude_vector,10,k_proj,F32,True,1.0,0.0005808909190818667,0.0004148007676351312,0.002155303955078125
fp32-magnitude,10,200,base_model.model.model.layers.10.self_attn.k_proj.lora_magnitude_vector,10,k_proj,F32,True,1.0,0.0008620275184512138,0.0006309673492013415,0.003962039947509766
fp32-magnitude,10,500,base_model.model.model.layers.10.self_attn.k_proj.lora_magnitude_vector,10,k_proj,F32,True,1.0,0.0013257138198241591,0.000980028831167422,0.006082296371459961
fp32-magnitude,10,1000,base_model.model.model.layers.10.self_attn.k_proj.lora_magnitude_vector,10,k_proj,F32,True,1.0,0.0017672426474746317,0.0013041916549073344,0.008318424224853516
fp32-magnitude,10,2000,base_model.model.model.layers.10.self_attn.k_proj.lora_magnitude_vector,10,k_proj,F32,True,1.0,0.0019116168259643018,0.0014274718913477378,0.009227514266967773
fp32-magnitude,10,10,base_model.model.model.layers.10.self_attn.q_proj.lora_magnitude_vector,10,q_proj,F32,False,0.0,0.0,0.0,0.0
fp32-magnitude,10,50,base_model.model.model.layers.10.self_attn.q_proj.lora_magnitude_vector,10,q_proj,F32,True,1.0,0.0003563865648175124,0.0003778037090865546,0.0010530948638916016
fp32-magnitude,10,100,base_model.model.model.layers.10.self_attn.q_proj.lora_magnitude_vector,10,q_proj,F32,True,0.999755859375,0.0005795610195491463,0.0006528842636469216,0.002542734146118164
fp32-magnitude,10,200,base_model.model.model.layers.10.self_attn.q_proj.lora_magnitude_vector,10,q_proj,F32,True,1.0,0.0008664152046549134,0.0009946668243452194,0.004294931888580322
fp32-magnitude,10,500,base_model.model.model.layers.10.self_attn.q_proj.lora_magnitude_vector,10,q_proj,F32,True,1.0,0.0013362697536649648,0.0015231587296839846,0.005686044692993164
fp32-magnitude,10,1000,base_model.model.model.layers.10.self_attn.q_proj.lora_magnitude_vector,10,q_proj,F32,True,1.0,0.001731240645312937,0.0019735005318994806,0.007937908172607422
fp32-magnitude,10,2000,base_model.model.model.layers.10.self_attn.q_proj.lora_magnitude_vector,10,q_proj,F32,True,1.0,0.0018840624543372542,0.0021416792231589462,0.009514570236206055
fp32-magnitude,10,10,base_model.model.model.layers.10.self_attn.v_proj.lora_magnitude_vector,10,v_proj,F32,False,0.0,0.0,0.0,0.0
fp32-magnitude,10,50,base_model.model.model.layers.10.self_attn.v_proj.lora_magnitude_vector,10,v_proj,F32,True,1.0,0.0003683491959236562,0.0008714135183845659,0.0010346174240112305
fp32-magnitude,10,100,base_model.model.model.layers.10.self_attn.v_proj.lora_magnitude_vector,10,v_proj,F32,True,1.0,0.0006017367704771459,0.0014828373155692093,0.002417147159576416
fp32-magnitude,10,200,base_model.model.model.layers.10.self_attn.v_proj.lora_magnitude_vector,10,v_proj,F32,True,1.0,0.0009443846793146804,0.002353475809811553,0.004259049892425537
fp32-magnitude,10,500,base_model.model.model.layers.10.self_attn.v_proj.lora_magnitude_vector,10,v_proj,F32,True,1.0,0.0013756731932517141,0.003504479223398051,0.00570148229598999
fp32-magnitude,10,1000,base_model.model.model.layers.10.self_attn.v_proj.lora_magnitude_vector,10,v_proj,F32,True,1.0,0.001804116604034789,0.004537981026171109,0.007899641990661621
fp32-magnitude,10,2000,base_model.model.model.layers.10.self_attn.v_proj.lora_magnitude_vector,10,v_proj,F32,True,1.0,0.0020318605384090915,0.005088711419623364,0.008687019348144531
fp32-magnitude,10,10,base_model.model.model.layers.11.mlp.down_proj.lora_magnitude_vector,11,down_proj,F32,False,0.0,0.0,0.0,0.0
fp32-magnitude,10,50,base_model.model.model.layers.11.mlp.down_proj.lora_magnitude_vector,11,down_proj,F32,True,0.99951171875,0.0003887044149450958,0.00035653322653279716,0.0011112689971923828
fp32-magnitude,10,100,base_model.model.model.layers.11.mlp.down_proj.lora_magnitude_vector,11,down_proj,F32,True,1.0,0.0006139381221146323,0.0005952798374492213,0.0031232833862304688
fp32-magnitude,10,200,base_model.model.model.layers.11.mlp.down_proj.lora_magnitude_vector,11,down_proj,F32,True,1.0,0.0009133970161201432,0.0009045744058765577,0.0043392181396484375
fp32-magnitude,10,500,base_model.model.model.layers.11.mlp.down_proj.lora_magnitude_vector,11,down_proj,F32,True,1.0,0.0013930081404396333,0.0013991839941470117,0.006707191467285156
fp32-magnitude,10,1000,base_model.model.model.layers.11.mlp.down_proj.lora_magnitude_vector,11,down_proj,F32,True,1.0,0.0017864896872197278,0.0017815282530435701,0.00953519344329834
fp32-magnitude,10,2000,base_model.model.model.layers.11.mlp.down_proj.lora_magnitude_vector,11,down_proj,F32,True,1.0,0.0019493639410939068,0.0019514992376545811,0.010451197624206543
fp32-magnitude,10,10,base_model.model.model.layers.11.mlp.up_proj.lora_magnitude_vector,11,up_proj,F32,False,0.0,0.0,0.0,0.0
fp32-magnitude,10,50,base_model.model.model.layers.11.mlp.up_proj.lora_magnitude_vector,11,up_proj,F32,True,1.0,0.00037865625719340254,0.0006466808386145019,0.0011840462684631348
fp32-magnitude,10,100,base_model.model.model.layers.11.mlp.up_proj.lora_magnitude_vector,11,up_proj,F32,True,1.0,0.0006015380308131821,0.00108571028909748,0.0030780434608459473
fp32-magnitude,10,200,base_model.model.model.layers.11.mlp.up_proj.lora_magnitude_vector,11,up_proj,F32,True,0.9999302455357143,0.0008964431929468576,0.001653590650435358,0.005150496959686279
fp32-magnitude,10,500,base_model.model.model.layers.11.mlp.up_proj.lora_magnitude_vector,11,up_proj,F32,True,1.0,0.0013870291628076562,0.002577458705187333,0.00806337594985962
fp32-magnitude,10,1000,base_model.model.model.layers.11.mlp.up_proj.lora_magnitude_vector,11,up_proj,F32,True,1.0,0.001781582009113793,0.0033349280576494503,0.012371242046356201
fp32-magnitude,10,2000,base_model.model.model.layers.11.mlp.up_proj.lora_magnitude_vector,11,up_proj,F32,True,1.0,0.0019917175481428523,0.0037133411947486298,0.015063226222991943
fp32-magnitude,10,10,base_model.model.model.layers.11.self_attn.k_proj.lora_magnitude_vector,11,k_proj,F32,False,0.0,0.0,0.0,0.0
fp32-magnitude,10,50,base_model.model.model.layers.11.self_attn.k_proj.lora_magnitude_vector,11,k_proj,F32,True,1.0,0.0003520374884828925,0.0002446878701926563,0.0010216236114501953
fp32-magnitude,10,100,base_model.model.model.layers.11.self_attn.k_proj.lora_magnitude_vector,11,k_proj,F32,True,1.0,0.0005312737193889916,0.00038342280460406,0.0024383068084716797
fp32-magnitude,10,200,base_model.model.model.layers.11.self_attn.k_proj.lora_magnitude_vector,11,k_proj,F32,True,1.0,0.0008115011733025312,0.0005941728294926419,0.0034978389739990234
fp32-magnitude,10,500,base_model.model.model.layers.11.self_attn.k_proj.lora_magnitude_vector,11,k_proj,F32,True,1.0,0.0013037753524258733,0.0009919759930001714,0.007232189178466797
fp32-magnitude,10,1000,base_model.model.model.layers.11.self_attn.k_proj.lora_magnitude_vector,11,k_proj,F32,True,1.0,0.0016971876611933112,0.0012971214225441657,0.007935523986816406
fp32-magnitude,10,2000,base_model.model.model.layers.11.self_attn.k_proj.lora_magnitude_vector,11,k_proj,F32,True,1.0,0.0018725653062574565,0.0014384497795100729,0.008554697036743164
fp32-magnitude,10,10,base_model.model.model.layers.11.self_attn.q_proj.lora_magnitude_vector,11,q_proj,F32,False,0.0,0.0,0.0,0.0
fp32-magnitude,10,50,base_model.model.model.layers.11.self_attn.q_proj.lora_magnitude_vector,11,q_proj,F32,True,1.0,0.00034754893931676634,0.00038960933326562627,0.0011237859725952148
fp32-magnitude,10,100,base_model.model.model.layers.11.self_attn.q_proj.lora_magnitude_vector,11,q_proj,F32,True,0.999755859375,0.0005456889994093217,0.0006479710075810368,0.0023136138916015625
fp32-magnitude,10,200,base_model.model.model.layers.11.self_attn.q_proj.lora_magnitude_vector,11,q_proj,F32,True,0.999755859375,0.000832037054351531,0.0010098923864294198,0.004210233688354492
fp32-magnitude,10,500,base_model.model.model.layers.11.self_attn.q_proj.lora_magnitude_vector,11,q_proj,F32,True,0.999755859375,0.0013243398934719153,0.00160780581234871,0.007003068923950195
fp32-magnitude,10,1000,base_model.model.model.layers.11.self_attn.q_proj.lora_magnitude_vector,11,q_proj,F32,True,0.999755859375,0.0016693152829247992,0.0020383409020032065,0.008580982685089111
fp32-magnitude,10,2000,base_model.model.model.layers.11.self_attn.q_proj.lora_magnitude_vector,11,q_proj,F32,True,1.0,0.0018534221926529426,0.002271394525419552,0.011072099208831787
fp32-magnitude,10,10,base_model.model.model.layers.11.self_attn.v_proj.lora_magnitude_vector,11,v_proj,F32,False,0.0,0.0,0.0,0.0
fp32-magnitude,10,50,base_model.model.model.layers.11.self_attn.v_proj.lora_magnitude_vector,11,v_proj,F32,True,1.0,0.0003792657807935029,0.0008891203915058694,0.0011447668075561523
fp32-magnitude,10,100,base_model.model.model.layers.11.self_attn.v_proj.lora_magnitude_vector,11,v_proj,F32,True,1.0,0.0005906796141061932,0.0014713523443844185,0.0021675527095794678
fp32-magnitude,10,200,base_model.model.model.layers.11.self_attn.v_proj.lora_magnitude_vector,11,v_proj,F32,True,1.0,0.0008989914203993976,0.002272887693374333,0.003444075584411621
fp32-magnitude,10,500,base_model.model.model.layers.11.self_attn.v_proj.lora_magnitude_vector,11,v_proj,F32,True,1.0,0.0013868710084352642,0.0035545412543614894,0.0056844353675842285
fp32-magnitude,10,1000,base_model.model.model.layers.11.self_attn.v_proj.lora_magnitude_vector,11,v_proj,F32,True,1.0,0.0018022797303274274,0.004684255419098627,0.008695989847183228
fp32-magnitude,10,2000,base_model.model.model.layers.11.self_attn.v_proj.lora_magnitude_vector,11,v_proj,F32,True,1.0,0.002014011930441484,0.005217386197913848,0.009802103042602539
fp32-magnitude,10,10,base_model.model.model.layers.12.mlp.down_proj.lora_magnitude_vector,12,down_proj,F32,False,0.0,0.0,0.0,0.0
fp32-magnitude,10,50,base_model.model.model.layers.12.mlp.down_proj.lora_magnitude_vector,12,down_proj,F32,True,1.0,0.0003892083768732846,0.0003531233840186046,0.0010679960250854492
fp32-magnitude,10,100,base_model.model.model.layers.12.mlp.down_proj.lora_magnitude_vector,12,down_proj,F32,True,0.999755859375,0.0005951355124125257,0.0005670949796722739,0.0022982358932495117
fp32-magnitude,10,200,base_model.model.model.layers.12.mlp.down_proj.lora_magnitude_vector,12,down_proj,F32,True,1.0,0.0008668864466017112,0.0008454632329446814,0.004092693328857422
fp32-magnitude,10,500,base_model.model.model.layers.12.mlp.down_proj.lora_magnitude_vector,12,down_proj,F32,True,1.0,0.001341279988992028,0.001312537556575509,0.006319999694824219
fp32-magnitude,10,1000,base_model.model.model.layers.12.mlp.down_proj.lora_magnitude_vector,12,down_proj,F32,True,1.0,0.0017272383265662938,0.0016934243866066467,0.007677912712097168
fp32-magnitude,10,2000,base_model.model.model.layers.12.mlp.down_proj.lora_magnitude_vector,12,down_proj,F32,True,0.99951171875,0.00192643454647623,0.001885411254348947,0.008733272552490234
fp32-magnitude,10,10,base_model.model.model.layers.12.mlp.up_proj.lora_magnitude_vector,12,up_proj,F32,False,0.0,0.0,0.0,0.0
fp32-magnitude,10,50,base_model.model.model.layers.12.mlp.up_proj.lora_magnitude_vector,12,up_proj,F32,True,0.9998604910714286,0.0003860018207758133,0.0006474835254040477,0.0012427568435668945
fp32-magnitude,10,100,base_model.model.model.layers.12.mlp.up_proj.lora_magnitude_vector,12,up_proj,F32,True,0.9999302455357143,0.0006099443271523342,0.0010835252459944014,0.004022657871246338
fp32-magnitude,10,200,base_model.model.model.layers.12.mlp.up_proj.lora_magnitude_vector,12,up_proj,F32,True,0.9998604910714286,0.0009135376728538956,0.0016602807472417445,0.005499720573425293
fp32-magnitude,10,500,base_model.model.model.layers.12.mlp.up_proj.lora_magnitude_vector,12,up_proj,F32,True,1.0,0.0014035520310114538,0.002568100090702758,0.009361445903778076
fp32-magnitude,10,1000,base_model.model.model.layers.12.mlp.up_proj.lora_magnitude_vector,12,up_proj,F32,True,1.0,0.0018098267818069352,0.003303270554758784,0.011781811714172363
fp32-magnitude,10,2000,base_model.model.model.layers.12.mlp.up_proj.lora_magnitude_vector,12,up_proj,F32,True,0.9999302455357143,0.0020009136621540946,0.0036561882752951832,0.013496160507202148
fp32-magnitude,10,10,base_model.model.model.layers.12.self_attn.k_proj.lora_magnitude_vector,12,k_proj,F32,False,0.0,0.0,0.0,0.0
fp32-magnitude,10,50,base_model.model.model.layers.12.self_attn.k_proj.lora_magnitude_vector,12,k_proj,F32,True,1.0,0.0003704940900206566,0.0002616808474280706,0.0010689496994018555
fp32-magnitude,10,100,base_model.model.model.layers.12.self_attn.k_proj.lora_magnitude_vector,12,k_proj,F32,True,1.0,0.0005886751459911466,0.00043658768318670176,0.0023717880249023438
fp32-magnitude,10,200,base_model.model.model.layers.12.self_attn.k_proj.lora_magnitude_vector,12,k_proj,F32,True,1.0,0.0008567862678319216,0.0006606724197593337,0.003912687301635742
fp32-magnitude,10,500,base_model.model.model.layers.12.self_attn.k_proj.lora_magnitude_vector,12,k_proj,F32,True,1.0,0.0013675594527740031,0.001056182763130412,0.005537271499633789
fp32-magnitude,10,1000,base_model.model.model.layers.12.self_attn.k_proj.lora_magnitude_vector,12,k_proj,F32,True,1.0,0.0017972341738641262,0.00138097279678887,0.010008573532104492
fp32-magnitude,10,2000,base_model.model.model.layers.12.self_attn.k_proj.lora_magnitude_vector,12,k_proj,F32,True,1.0,0.0020277909061405808,0.0015556113375360873,0.01364290714263916
fp32-magnitude,10,10,base_model.model.model.layers.12.self_attn.q_proj.lora_magnitude_vector,12,q_proj,F32,False,0.0,0.0,0.0,0.0
fp32-magnitude,10,50,base_model.model.model.layers.12.self_attn.q_proj.lora_magnitude_vector,12,q_proj,F32,True,1.0,0.00035932299215346575,0.0003966624622771029,0.0010641813278198242
fp32-magnitude,10,100,base_model.model.model.layers.12.self_attn.q_proj.lora_magnitude_vector,12,q_proj,F32,True,1.0,0.000565949798328802,0.0006638019098964848,0.0025969743728637695
fp32-magnitude,10,200,base_model.model.model.layers.12.self_attn.q_proj.lora_magnitude_vector,12,q_proj,F32,True,0.999755859375,0.0008887642725312617,0.0010529869123920652,0.0047533512115478516
fp32-magnitude,10,500,base_model.model.model.layers.12.self_attn.q_proj.lora_magnitude_vector,12,q_proj,F32,True,1.0,0.0014285540164564736,0.001708570862131943,0.00649261474609375
fp32-magnitude,10,1000,base_model.model.model.layers.12.self_attn.q_proj.lora_magnitude_vector,12,q_proj,F32,True,1.0,0.0018150084870285355,0.0021893296830925134,0.010454893112182617
fp32-magnitude,10,2000,base_model.model.model.layers.12.self_attn.q_proj.lora_magnitude_vector,12,q_proj,F32,True,1.0,0.0020113582468184177,0.002425201205618488,0.01323246955871582
fp32-magnitude,10,10,base_model.model.model.layers.12.self_attn.v_proj.lora_magnitude_vector,12,v_proj,F32,False,0.0,0.0,0.0,0.0
fp32-magnitude,10,50,base_model.model.model.layers.12.self_attn.v_proj.lora_magnitude_vector,12,v_proj,F32,True,1.0,0.00036545892362482846,0.0007409271656356709,0.0010597705841064453
fp32-magnitude,10,100,base_model.model.model.layers.12.self_attn.v_proj.lora_magnitude_vector,12,v_proj,F32,True,1.0,0.0005957048560958356,0.0012574664438742926,0.0022004246711730957
fp32-magnitude,10,200,base_model.model.model.layers.12.self_attn.v_proj.lora_magnitude_vector,12,v_proj,F32,True,1.0,0.0008764996600802988,0.0019135692768816946,0.005751609802246094
fp32-magnitude,10,500,base_model.model.model.layers.12.self_attn.v_proj.lora_magnitude_vector,12,v_proj,F32,True,1.0,0.0013951495930086821,0.003014914602695927,0.006867051124572754
fp32-magnitude,10,1000,base_model.model.model.layers.12.self_attn.v_proj.lora_magnitude_vector,12,v_proj,F32,True,1.0,0.0017961052362807095,0.003897862062882927,0.007864922285079956
fp32-magnitude,10,2000,base_model.model.model.layers.12.self_attn.v_proj.lora_magnitude_vector,12,v_proj,F32,True,1.0,0.002021481399424374,0.004399670941172245,0.009792715311050415
fp32-magnitude,10,10,base_model.model.model.layers.13.mlp.down_proj.lora_magnitude_vector,13,down_proj,F32,False,0.0,0.0,0.0,0.0
fp32-magnitude,10,50,base_model.model.model.layers.13.mlp.down_proj.lora_magnitude_vector,13,down_proj,F32,True,1.0,0.0003954546991735697,0.00035673721163925916,0.001074671745300293
fp32-magnitude,10,100,base_model.model.model.layers.13.mlp.down_proj.lora_magnitude_vector,13,down_proj,F32,True,1.0,0.0005921943520661443,0.0005644918575393485,0.002434968948364258
fp32-magnitude,10,200,base_model.model.model.layers.13.mlp.down_proj.lora_magnitude_vector,13,down_proj,F32,True,1.0,0.0008834795007715002,0.0008642320618502958,0.004725456237792969
fp32-magnitude,10,500,base_model.model.model.layers.13.mlp.down_proj.lora_magnitude_vector,13,down_proj,F32,True,1.0,0.0013625389256048948,0.0013412024808155856,0.006991386413574219
fp32-magnitude,10,1000,base_model.model.model.layers.13.mlp.down_proj.lora_magnitude_vector,13,down_proj,F32,True,1.0,0.0017528048483654857,0.0017143632359860916,0.008918166160583496
fp32-magnitude,10,2000,base_model.model.model.layers.13.mlp.down_proj.lora_magnitude_vector,13,down_proj,F32,True,0.999755859375,0.0019430394895607606,0.0018999454621795907,0.013119339942932129
fp32-magnitude,10,10,base_model.model.model.layers.13.mlp.up_proj.lora_magnitude_vector,13,up_proj,F32,False,0.0,0.0,0.0,0.0
fp32-magnitude,10,50,base_model.model.model.layers.13.mlp.up_proj.lora_magnitude_vector,13,up_proj,F32,True,1.0,0.0003884496213036722,0.0006501231245076677,0.0012562274932861328
fp32-magnitude,10,100,base_model.model.model.layers.13.mlp.up_proj.lora_magnitude_vector,13,up_proj,F32,True,1.0,0.0006102661884922002,0.0010817614112049608,0.003161907196044922
fp32-magnitude,10,200,base_model.model.model.layers.13.mlp.up_proj.lora_magnitude_vector,13,up_proj,F32,True,0.9999302455357143,0.0009289486292150936,0.0016869883997281442,0.005505740642547607
fp32-magnitude,10,500,base_model.model.model.layers.13.mlp.up_proj.lora_magnitude_vector,13,up_proj,F32,True,0.9999302455357143,0.0014379362338721485,0.002610837499705218,0.007354170083999634
fp32-magnitude,10,1000,base_model.model.model.layers.13.mlp.up_proj.lora_magnitude_vector,13,up_proj,F32,True,1.0,0.001854018316537674,0.0033604111696806252,0.0108795166015625
fp32-magnitude,10,2000,base_model.model.model.layers.13.mlp.up_proj.lora_magnitude_vector,13,up_proj,F32,True,1.0,0.0020481103253717136,0.003710798788090389,0.013088822364807129
fp32-magnitude,10,10,base_model.model.model.layers.13.self_attn.k_proj.lora_magnitude_vector,13,k_proj,F32,False,0.0,0.0,0.0,0.0
fp32-magnitude,10,50,base_model.model.model.layers.13.self_attn.k_proj.lora_magnitude_vector,13,k_proj,F32,True,1.0,0.00036275770980864763,0.00024685320483130643,0.0009715557098388672
fp32-magnitude,10,100,base_model.model.model.layers.13.self_attn.k_proj.lora_magnitude_vector,13,k_proj,F32,True,1.0,0.0005733198777306825,0.00041452398307773323,0.0020880699157714844
fp32-magnitude,10,200,base_model.model.model.layers.13.self_attn.k_proj.lora_magnitude_vector,13,k_proj,F32,True,1.0,0.0008659405866637826,0.0006398702255273448,0.004238247871398926
fp32-magnitude,10,500,base_model.model.model.layers.13.self_attn.k_proj.lora_magnitude_vector,13,k_proj,F32,True,1.0,0.001400606764946133,0.001034578367264065,0.006156563758850098
fp32-magnitude,10,1000,base_model.model.model.layers.13.self_attn.k_proj.lora_magnitude_vector,13,k_proj,F32,True,1.0,0.0018104671617038548,0.001330092700227433,0.008098006248474121
fp32-magnitude,10,2000,base_model.model.model.layers.13.self_attn.k_proj.lora_magnitude_vector,13,k_proj,F32,True,1.0,0.002003831381443888,0.0014815423146337635,0.009796142578125
fp32-magnitude,10,10,base_model.model.model.layers.13.self_attn.q_proj.lora_magnitude_vector,13,q_proj,F32,False,0.0,0.0,0.0,0.0
fp32-magnitude,10,50,base_model.model.model.layers.13.self_attn.q_proj.lora_magnitude_vector,13,q_proj,F32,True,1.0,0.00036045474553247914,0.0003947891880775038,0.0011015534400939941
fp32-magnitude,10,100,base_model.model.model.layers.13.self_attn.q_proj.lora_magnitude_vector,13,q_proj,F32,True,0.999755859375,0.0005520160193555057,0.0006397333735141802,0.0026279687881469727
fp32-magnitude,10,200,base_model.model.model.layers.13.self_attn.q_proj.lora_magnitude_vector,13,q_proj,F32,True,1.0,0.0008496128502883948,0.0009941877336942444,0.004682779312133789
fp32-magnitude,10,500,base_model.model.model.layers.13.self_attn.q_proj.lora_magnitude_vector,13,q_proj,F32,True,1.0,0.0013732882944168523,0.0016266020129563769,0.007417887449264526
fp32-magnitude,10,1000,base_model.model.model.layers.13.self_attn.q_proj.lora_magnitude_vector,13,q_proj,F32,True,1.0,0.0017451660460210405,0.0020552956261111746,0.009222745895385742
fp32-magnitude,10,2000,base_model.model.model.layers.13.self_attn.q_proj.lora_magnitude_vector,13,q_proj,F32,True,1.0,0.001925266333273612,0.0022812793910667725,0.009264975786209106
fp32-magnitude,10,10,base_model.model.model.layers.13.self_attn.v_proj.lora_magnitude_vector,13,v_proj,F32,False,0.0,0.0,0.0,0.0
fp32-magnitude,10,50,base_model.model.model.layers.13.self_attn.v_proj.lora_magnitude_vector,13,v_proj,F32,True,1.0,0.00037785855238325894,0.0008231033798827696,0.0009735822677612305
fp32-magnitude,10,100,base_model.model.model.layers.13.self_attn.v_proj.lora_magnitude_vector,13,v_proj,F32,True,1.0,0.0006031751108821481,0.0013974241236226251,0.003559589385986328
fp32-magnitude,10,200,base_model.model.model.layers.13.self_attn.v_proj.lora_magnitude_vector,13,v_proj,F32,True,1.0,0.000917658384423703,0.0021634043654571965,0.005609065294265747
fp32-magnitude,10,500,base_model.model.model.layers.13.self_attn.v_proj.lora_magnitude_vector,13,v_proj,F32,True,1.0,0.0014111831551417708,0.0033343452625350816,0.006462991237640381
fp32-magnitude,10,1000,base_model.model.model.layers.13.self_attn.v_proj.lora_magnitude_vector,13,v_proj,F32,True,1.0,0.0018308796861674637,0.004267890778153817,0.00725942850112915
fp32-magnitude,10,2000,base_model.model.model.layers.13.self_attn.v_proj.lora_magnitude_vector,13,v_proj,F32,True,1.0,0.0020309644751250744,0.004725526295325657,0.007671535015106201
fp32-magnitude,10,10,base_model.model.model.layers.14.mlp.down_proj.lora_magnitude_vector,14,down_proj,F32,False,0.0,0.0,0.0,0.0
fp32-magnitude,10,50,base_model.model.model.layers.14.mlp.down_proj.lora_magnitude_vector,14,down_proj,F32,True,1.0,0.0003994576109107584,0.0003617162335954397,0.0010961294174194336
fp32-magnitude,10,100,base_model.model.model.layers.14.mlp.down_proj.lora_magnitude_vector,14,down_proj,F32,True,1.0,0.0006032306991983205,0.0005749701022525598,0.002679109573364258
fp32-magnitude,10,200,base_model.model.model.layers.14.mlp.down_proj.lora_magnitude_vector,14,down_proj,F32,True,1.0,0.0008889916643965989,0.0008757695940099364,0.004454612731933594
fp32-magnitude,10,500,base_model.model.model.layers.14.mlp.down_proj.lora_magnitude_vector,14,down_proj,F32,True,1.0,0.001354271560558118,0.0013301760506675593,0.006385207176208496
fp32-magnitude,10,1000,base_model.model.model.layers.14.mlp.down_proj.lora_magnitude_vector,14,down_proj,F32,True,1.0,0.0017609338829061016,0.0017333733028721287,0.008656859397888184
fp32-magnitude,10,2000,base_model.model.model.layers.14.mlp.down_proj.lora_magnitude_vector,14,down_proj,F32,True,1.0,0.001957234606379643,0.001926126236492637,0.011258125305175781
fp32-magnitude,10,10,base_model.model.model.layers.14.mlp.up_proj.lora_magnitude_vector,14,up_proj,F32,False,0.0,0.0,0.0,0.0
fp32-magnitude,10,50,base_model.model.model.layers.14.mlp.up_proj.lora_magnitude_vector,14,up_proj,F32,True,1.0,0.00039320317279946593,0.0006594986769112853,0.0011071562767028809
fp32-magnitude,10,100,base_model.model.model.layers.14.mlp.up_proj.lora_magnitude_vector,14,up_proj,F32,True,0.9999302455357143,0.0006071811367291957,0.001080628495177179,0.0032744407653808594
fp32-magnitude,10,200,base_model.model.model.layers.14.mlp.up_proj.lora_magnitude_vector,14,up_proj,F32,True,1.0,0.0009285201979634751,0.0016907172723950835,0.006293118000030518
fp32-magnitude,10,500,base_model.model.model.layers.14.mlp.up_proj.lora_magnitude_vector,14,up_proj,F32,True,1.0,0.0014349195823472524,0.002622480736790544,0.007919251918792725
fp32-magnitude,10,1000,base_model.model.model.layers.14.mlp.up_proj.lora_magnitude_vector,14,up_proj,F32,True,1.0,0.001859513797431386,0.0033921642450997908,0.010185182094573975
fp32-magnitude,10,2000,base_model.model.model.layers.14.mlp.up_proj.lora_magnitude_vector,14,up_proj,F32,True,1.0,0.002050115092840445,0.003744109503777991,0.011179864406585693
fp32-magnitude,10,10,base_model.model.model.layers.14.self_attn.k_proj.lora_magnitude_vector,14,k_proj,F32,False,0.0,0.0,0.0,0.0
fp32-magnitude,10,50,base_model.model.model.layers.14.self_attn.k_proj.lora_magnitude_vector,14,k_proj,F32,True,0.9990234375,0.00036311737494543195,0.00025033840999080234,0.0011167526245117188
fp32-magnitude,10,100,base_model.model.model.layers.14.self_attn.k_proj.lora_magnitude_vector,14,k_proj,F32,True,1.0,0.0005676840373780578,0.0004145117456028834,0.002571582794189453
fp32-magnitude,10,200,base_model.model.model.layers.14.self_attn.k_proj.lora_magnitude_vector,14,k_proj,F32,True,1.0,0.0008481558470521122,0.0006380877097419979,0.004249930381774902
fp32-magnitude,10,500,base_model.model.model.layers.14.self_attn.k_proj.lora_magnitude_vector,14,k_proj,F32,True,1.0,0.001295468769967556,0.0009889727321033613,0.006223320960998535
fp32-magnitude,10,1000,base_model.model.model.layers.14.self_attn.k_proj.lora_magnitude_vector,14,k_proj,F32,True,1.0,0.0017002180684357882,0.0012896517671560218,0.0070961713790893555
fp32-magnitude,10,2000,base_model.model.model.layers.14.self_attn.k_proj.lora_magnitude_vector,14,k_proj,F32,True,1.0,0.001887063670437783,0.001420020681551169,0.009998679161071777
fp32-magnitude,10,10,base_model.model.model.layers.14.self_attn.q_proj.lora_magnitude_vector,14,q_proj,F32,False,0.0,0.0,0.0,0.0
fp32-magnitude,10,50,base_model.model.model.layers.14.self_attn.q_proj.lora_magnitude_vector,14,q_proj,F32,True,1.0,0.00036310794530436397,0.0004058883564377436,0.0010313987731933594
fp32-magnitude,10,100,base_model.model.model.layers.14.self_attn.q_proj.lora_magnitude_vector,14,q_proj,F32,True,1.0,0.0005801157676614821,0.0006858702850922151,0.003026604652404785
fp32-magnitude,10,200,base_model.model.model.layers.14.self_attn.q_proj.lora_magnitude_vector,14,q_proj,F32,True,0.999755859375,0.0008643761320854537,0.001040793804903748,0.006550908088684082
fp32-magnitude,10,500,base_model.model.model.layers.14.self_attn.q_proj.lora_magnitude_vector,14,q_proj,F32,True,1.0,0.0013570951123256236,0.0016280063109723924,0.008398771286010742
fp32-magnitude,10,1000,base_model.model.model.layers.14.self_attn.q_proj.lora_magnitude_vector,14,q_proj,F32,True,1.0,0.001726989354210673,0.0020757408025562037,0.011975526809692383
fp32-magnitude,10,2000,base_model.model.model.layers.14.self_attn.q_proj.lora_magnitude_vector,14,q_proj,F32,True,1.0,0.0018876188914873637,0.0022803639456113155,0.014708399772644043
fp32-magnitude,10,10,base_model.model.model.layers.14.self_attn.v_proj.lora_magnitude_vector,14,v_proj,F32,False,0.0,0.0,0.0,0.0
fp32-magnitude,10,50,base_model.model.model.layers.14.self_attn.v_proj.lora_magnitude_vector,14,v_proj,F32,True,1.0,0.00039940394344739616,0.0008603363678262425,0.0009967684745788574
fp32-magnitude,10,100,base_model.model.model.layers.14.self_attn.v_proj.lora_magnitude_vector,14,v_proj,F32,True,1.0,0.0005829731235280633,0.001358568860173165,0.00224187970161438
fp32-magnitude,10,200,base_model.model.model.layers.14.self_attn.v_proj.lora_magnitude_vector,14,v_proj,F32,True,1.0,0.0008496730297338217,0.0020382485771570794,0.003679215908050537
fp32-magnitude,10,500,base_model.model.model.layers.14.self_attn.v_proj.lora_magnitude_vector,14,v_proj,F32,True,1.0,0.0013055212039034814,0.003098122102543653,0.006051361560821533
fp32-magnitude,10,1000,base_model.model.model.layers.14.self_attn.v_proj.lora_magnitude_vector,14,v_proj,F32,True,1.0,0.0016977829509414732,0.004012588104964268,0.006495147943496704
fp32-magnitude,10,2000,base_model.model.model.layers.14.self_attn.v_proj.lora_magnitude_vector,14,v_proj,F32,True,1.0,0.001868046703748405,0.004391206359581544,0.007323861122131348
fp32-magnitude,10,10,base_model.model.model.layers.15.mlp.down_proj.lora_magnitude_vector,15,down_proj,F32,False,0.0,0.0,0.0,0.0
fp32-magnitude,10,50,base_model.model.model.layers.15.mlp.down_proj.lora_magnitude_vector,15,down_proj,F32,True,1.0,0.00041610475454945117,0.00037581456128809747,0.001069188117980957
fp32-magnitude,10,100,base_model.model.model.layers.15.mlp.down_proj.lora_magnitude_vector,15,down_proj,F32,True,1.0,0.0006042006716597825,0.0005785037890725437,0.0023802518844604492
fp32-magnitude,10,200,base_model.model.model.layers.15.mlp.down_proj.lora_magnitude_vector,15,down_proj,F32,True,0.999755859375,0.0008881024696165696,0.0008762518226990696,0.004098296165466309
fp32-magnitude,10,500,base_model.model.model.layers.15.mlp.down_proj.lora_magnitude_vector,15,down_proj,F32,True,1.0,0.001352918625343591,0.001348599991974219,0.006565690040588379
fp32-magnitude,10,1000,base_model.model.model.layers.15.mlp.down_proj.lora_magnitude_vector,15,down_proj,F32,True,1.0,0.0017869665462058038,0.0017693181055344622,0.008322834968566895
fp32-magnitude,10,2000,base_model.model.model.layers.15.mlp.down_proj.lora_magnitude_vector,15,down_proj,F32,True,1.0,0.001954743900569156,0.0019390001644448624,0.008510947227478027
fp32-magnitude,10,10,base_model.model.model.layers.15.mlp.up_proj.lora_magnitude_vector,15,up_proj,F32,False,0.0,0.0,0.0,0.0
fp32-magnitude,10,50,base_model.model.model.layers.15.mlp.up_proj.lora_magnitude_vector,15,up_proj,F32,True,1.0,0.0003924351954732889,0.0006629787595445268,0.00112837553024292
fp32-magnitude,10,100,base_model.model.model.layers.15.mlp.up_proj.lora_magnitude_vector,15,up_proj,F32,True,1.0,0.0006070368815146919,0.0010856347472465219,0.0030232667922973633
fp32-magnitude,10,200,base_model.model.model.layers.15.mlp.up_proj.lora_magnitude_vector,15,up_proj,F32,True,1.0,0.0009288193978136405,0.0017071705775118676,0.005886852741241455
fp32-magnitude,10,500,base_model.model.model.layers.15.mlp.up_proj.lora_magnitude_vector,15,up_proj,F32,True,1.0,0.0014750206235995783,0.0027199188196275685,0.008453607559204102
fp32-magnitude,10,1000,base_model.model.model.layers.15.mlp.up_proj.lora_magnitude_vector,15,up_proj,F32,True,1.0,0.0019074554313972061,0.003499775343193288,0.01149296760559082
fp32-magnitude,10,2000,base_model.model.model.layers.15.mlp.up_proj.lora_magnitude_vector,15,up_proj,F32,True,1.0,0.002096058341391784,0.0038552126897723436,0.012348830699920654
fp32-magnitude,10,10,base_model.model.model.layers.15.self_attn.k_proj.lora_magnitude_vector,15,k_proj,F32,False,0.0,0.0,0.0,0.0
fp32-magnitude,10,50,base_model.model.model.layers.15.self_attn.k_proj.lora_magnitude_vector,15,k_proj,F32,True,1.0,0.00039346161065623164,0.00027280625774782314,0.0010750293731689453
fp32-magnitude,10,100,base_model.model.model.layers.15.self_attn.k_proj.lora_magnitude_vector,15,k_proj,F32,True,1.0,0.0005873751360923052,0.00043425332777730183,0.002254486083984375
fp32-magnitude,10,200,base_model.model.model.layers.15.self_attn.k_proj.lora_magnitude_vector,15,k_proj,F32,True,1.0,0.0008770497515797615,0.0006678119394729754,0.004417300224304199
fp32-magnitude,10,500,base_model.model.model.layers.15.self_attn.k_proj.lora_magnitude_vector,15,k_proj,F32,True,1.0,0.0013793398393318057,0.0010512635416973087,0.005937337875366211
fp32-magnitude,10,1000,base_model.model.model.layers.15.self_attn.k_proj.lora_magnitude_vector,15,k_proj,F32,True,1.0,0.0017184227472171187,0.0013136432673290365,0.0074683427810668945
fp32-magnitude,10,2000,base_model.model.model.layers.15.self_attn.k_proj.lora_magnitude_vector,15,k_proj,F32,True,1.0,0.0019083998049609363,0.0014432717593799676,0.0073087215423583984
fp32-magnitude,10,10,base_model.model.model.layers.15.self_attn.q_proj.lora_magnitude_vector,15,q_proj,F32,False,0.0,0.0,0.0,0.0
fp32-magnitude,10,50,base_model.model.model.layers.15.self_attn.q_proj.lora_magnitude_vector,15,q_proj,F32,True,1.0,0.00037285711732693017,0.00037692039647817504,0.0011429786682128906
fp32-magnitude,10,100,base_model.model.model.layers.15.self_attn.q_proj.lora_magnitude_vector,15,q_proj,F32,True,1.0,0.000582748562010238,0.0006207525767446119,0.0024265050888061523
fp32-magnitude,10,200,base_model.model.model.layers.15.self_attn.q_proj.lora_magnitude_vector,15,q_proj,F32,True,1.0,0.0008678610684000887,0.0009470733519370054,0.004227161407470703
fp32-magnitude,10,500,base_model.model.model.layers.15.self_attn.q_proj.lora_magnitude_vector,15,q_proj,F32,True,1.0,0.0014332180326164234,0.0015537408994779763,0.00804474949836731
fp32-magnitude,10,1000,base_model.model.model.layers.15.self_attn.q_proj.lora_magnitude_vector,15,q_proj,F32,True,1.0,0.0017953212773136329,0.0019512821165952432,0.00872802734375
fp32-magnitude,10,2000,base_model.model.model.layers.15.self_attn.q_proj.lora_magnitude_vector,15,q_proj,F32,True,1.0,0.001961214395123534,0.0021403607622326164,0.008701443672180176
fp32-magnitude,10,10,base_model.model.model.layers.15.self_attn.v_proj.lora_magnitude_vector,15,v_proj,F32,False,0.0,0.0,0.0,0.0
fp32-magnitude,10,50,base_model.model.model.layers.15.self_attn.v_proj.lora_magnitude_vector,15,v_proj,F32,True,1.0,0.00039751603617332876,0.0007996640421969381,0.0010359883308410645
fp32-magnitude,10,100,base_model.model.model.layers.15.self_attn.v_proj.lora_magnitude_vector,15,v_proj,F32,True,1.0,0.000595564633840695,0.0012597785090824353,0.0022054314613342285
fp32-magnitude,10,200,base_model.model.model.layers.15.self_attn.v_proj.lora_magnitude_vector,15,v_proj,F32,True,1.0,0.0009232709126081318,0.0020153475388761583,0.004152059555053711
fp32-magnitude,10,500,base_model.model.model.layers.15.self_attn.v_proj.lora_magnitude_vector,15,v_proj,F32,True,1.0,0.0014853984757792205,0.0031809876560612593,0.005810081958770752
fp32-magnitude,10,1000,base_model.model.model.layers.15.self_attn.v_proj.lora_magnitude_vector,15,v_proj,F32,True,1.0,0.001876425842056051,0.004098440630709563,0.008089244365692139
fp32-magnitude,10,2000,base_model.model.model.layers.15.self_attn.v_proj.lora_magnitude_vector,15,v_proj,F32,True,1.0,0.002089506102493033,0.004523991213637404,0.009066283702850342
fp32-magnitude,10,10,base_model.model.model.layers.16.mlp.down_proj.lora_magnitude_vector,16,down_proj,F32,False,0.0,0.0,0.0,0.0
fp32-magnitude,10,50,base_model.model.model.layers.16.mlp.down_proj.lora_magnitude_vector,16,down_proj,F32,True,1.0,0.0004158398078288883,0.0003802964293696095,0.001051783561706543
fp32-magnitude,10,100,base_model.model.model.layers.16.mlp.down_proj.lora_magnitude_vector,16,down_proj,F32,True,1.0,0.000608683199970983,0.0005882646998653441,0.0025148391723632812
fp32-magnitude,10,200,base_model.model.model.layers.16.mlp.down_proj.lora_magnitude_vector,16,down_proj,F32,True,1.0,0.0008911657932912931,0.0008918582687194448,0.0046225786209106445
fp32-magnitude,10,500,base_model.model.model.layers.16.mlp.down_proj.lora_magnitude_vector,16,down_proj,F32,True,0.999755859375,0.0014356189349200577,0.0014303292941684324,0.0059659481048583984
fp32-magnitude,10,1000,base_model.model.model.layers.16.mlp.down_proj.lora_magnitude_vector,16,down_proj,F32,True,1.0,0.001836965893744491,0.0018441853790278648,0.008380532264709473
fp32-magnitude,10,2000,base_model.model.model.layers.16.mlp.down_proj.lora_magnitude_vector,16,down_proj,F32,True,1.0,0.00203349904040806,0.0020320507089559414,0.008960485458374023
fp32-magnitude,10,10,base_model.model.model.layers.16.mlp.up_proj.lora_magnitude_vector,16,up_proj,F32,False,0.0,0.0,0.0,0.0
fp32-magnitude,10,50,base_model.model.model.layers.16.mlp.up_proj.lora_magnitude_vector,16,up_proj,F32,True,0.9999302455357143,0.00039495478683550445,0.0006761014995380676,0.0011509060859680176
fp32-magnitude,10,100,base_model.model.model.layers.16.mlp.up_proj.lora_magnitude_vector,16,up_proj,F32,True,0.9999302455357143,0.0006056669496631782,0.0010962072484063863,0.0029938220977783203
fp32-magnitude,10,200,base_model.model.model.layers.16.mlp.up_proj.lora_magnitude_vector,16,up_proj,F32,True,1.0,0.0009282470252531182,0.0017242351709090581,0.005729854106903076
fp32-magnitude,10,500,base_model.model.model.layers.16.mlp.up_proj.lora_magnitude_vector,16,up_proj,F32,True,1.0,0.001459518281210746,0.002724489977536773,0.008059024810791016
fp32-magnitude,10,1000,base_model.model.model.layers.16.mlp.up_proj.lora_magnitude_vector,16,up_proj,F32,True,1.0,0.00187324606979798,0.0034962745954284693,0.011552512645721436
fp32-magnitude,10,2000,base_model.model.model.layers.16.mlp.up_proj.lora_magnitude_vector,16,up_proj,F32,True,1.0,0.0020676512005073683,0.003858922421814869,0.012537479400634766
fp32-magnitude,10,10,base_model.model.model.layers.16.self_attn.k_proj.lora_magnitude_vector,16,k_proj,F32,False,0.0,0.0,0.0,0.0
fp32-magnitude,10,50,base_model.model.model.layers.16.self_attn.k_proj.lora_magnitude_vector,16,k_proj,F32,True,1.0,0.0003730030730366707,0.00026007264552849885,0.0011248588562011719
fp32-magnitude,10,100,base_model.model.model.layers.16.self_attn.k_proj.lora_magnitude_vector,16,k_proj,F32,True,1.0,0.000630159949650988,0.00046969047066425614,0.0029158592224121094
fp32-magnitude,10,200,base_model.model.model.layers.16.self_attn.k_proj.lora_magnitude_vector,16,k_proj,F32,True,1.0,0.0009678485221229494,0.0007293976217563647,0.004159331321716309
fp32-magnitude,10,500,base_model.model.model.layers.16.self_attn.k_proj.lora_magnitude_vector,16,k_proj,F32,True,1.0,0.0014504431746900082,0.0011042594706204055,0.005756020545959473
fp32-magnitude,10,1000,base_model.model.model.layers.16.self_attn.k_proj.lora_magnitude_vector,16,k_proj,F32,True,1.0,0.0018156993319280446,0.0013783977006885909,0.00891268253326416
fp32-magnitude,10,2000,base_model.model.model.layers.16.self_attn.k_proj.lora_magnitude_vector,16,k_proj,F32,True,1.0,0.0020073680789209902,0.0015373759769015441,0.009759783744812012
fp32-magnitude,10,10,base_model.model.model.layers.16.self_attn.q_proj.lora_magnitude_vector,16,q_proj,F32,False,0.0,0.0,0.0,0.0
fp32-magnitude,10,50,base_model.model.model.layers.16.self_attn.q_proj.lora_magnitude_vector,16,q_proj,F32,True,1.0,0.0003738492468983168,0.000391928530717053,0.0011053085327148438
fp32-magnitude,10,100,base_model.model.model.layers.16.self_attn.q_proj.lora_magnitude_vector,16,q_proj,F32,True,1.0,0.000609439646723331,0.0006777737303958988,0.0035926103591918945
fp32-magnitude,10,200,base_model.model.model.layers.16.self_attn.q_proj.lora_magnitude_vector,16,q_proj,F32,True,1.0,0.0009413391526322812,0.0010629981741329788,0.005579590797424316
fp32-magnitude,10,500,base_model.model.model.layers.16.self_attn.q_proj.lora_magnitude_vector,16,q_proj,F32,True,1.0,0.001438781608158024,0.001632727577899592,0.00788891315460205
fp32-magnitude,10,1000,base_model.model.model.layers.16.self_attn.q_proj.lora_magnitude_vector,16,q_proj,F32,True,1.0,0.0018314975004614098,0.0020680938284035064,0.009482145309448242
fp32-magnitude,10,2000,base_model.model.model.layers.16.self_attn.q_proj.lora_magnitude_vector,16,q_proj,F32,True,1.0,0.0019801768376055406,0.0022535378346366943,0.010976076126098633
fp32-magnitude,10,10,base_model.model.model.layers.16.self_attn.v_proj.lora_magnitude_vector,16,v_proj,F32,False,0.0,0.0,0.0,0.0
fp32-magnitude,10,50,base_model.model.model.layers.16.self_attn.v_proj.lora_magnitude_vector,16,v_proj,F32,True,0.9990234375,0.00040817298577167094,0.0008635184288921999,0.0010057687759399414
fp32-magnitude,10,100,base_model.model.model.layers.16.self_attn.v_proj.lora_magnitude_vector,16,v_proj,F32,True,1.0,0.0006182743236422539,0.0013936223656273612,0.002245992422103882
fp32-magnitude,10,200,base_model.model.model.layers.16.self_attn.v_proj.lora_magnitude_vector,16,v_proj,F32,True,1.0,0.0009415283566340804,0.0021772535834929324,0.004279732704162598
fp32-magnitude,10,500,base_model.model.model.layers.16.self_attn.v_proj.lora_magnitude_vector,16,v_proj,F32,True,1.0,0.001400085719069466,0.003244052002049147,0.006960749626159668
fp32-magnitude,10,1000,base_model.model.model.layers.16.self_attn.v_proj.lora_magnitude_vector,16,v_proj,F32,True,1.0,0.0018446132307872176,0.004343074186279859,0.009609401226043701
fp32-magnitude,10,2000,base_model.model.model.layers.16.self_attn.v_proj.lora_magnitude_vector,16,v_proj,F32,True,1.0,0.0020268555963411927,0.004780050066522866,0.010295391082763672
fp32-magnitude,10,10,base_model.model.model.layers.17.mlp.down_proj.lora_magnitude_vector,17,down_proj,F32,False,0.0,0.0,0.0,0.0
fp32-magnitude,10,50,base_model.model.model.layers.17.mlp.down_proj.lora_magnitude_vector,17,down_proj,F32,True,1.0,0.0004198558599455282,0.00038465139847485393,0.0011298656463623047
fp32-magnitude,10,100,base_model.model.model.layers.17.mlp.down_proj.lora_magnitude_vector,17,down_proj,F32,True,1.0,0.00058868428459391,0.0005677023490181578,0.0028351545333862305
fp32-magnitude,10,200,base_model.model.model.layers.17.mlp.down_proj.lora_magnitude_vector,17,down_proj,F32,True,1.0,0.0008536631212336943,0.0008546651191223631,0.0042771100997924805
fp32-magnitude,10,500,base_model.model.model.layers.17.mlp.down_proj.lora_magnitude_vector,17,down_proj,F32,True,1.0,0.0013545672118198127,0.0013631132919985646,0.006017327308654785
fp32-magnitude,10,1000,base_model.model.model.layers.17.mlp.down_proj.lora_magnitude_vector,17,down_proj,F32,True,1.0,0.0017561813874635845,0.0017686289907351861,0.008248209953308105
fp32-magnitude,10,2000,base_model.model.model.layers.17.mlp.down_proj.lora_magnitude_vector,17,down_proj,F32,True,1.0,0.001943203853443265,0.0019510631677705807,0.008524656295776367
fp32-magnitude,10,10,base_model.model.model.layers.17.mlp.up_proj.lora_magnitude_vector,17,up_proj,F32,False,0.0,0.0,0.0,0.0
fp32-magnitude,10,50,base_model.model.model.layers.17.mlp.up_proj.lora_magnitude_vector,17,up_proj,F32,True,0.9999302455357143,0.00039958620618563145,0.0006861405500157463,0.0011289715766906738
fp32-magnitude,10,100,base_model.model.model.layers.17.mlp.up_proj.lora_magnitude_vector,17,up_proj,F32,True,1.0,0.0006040646777754384,0.0010936652053320831,0.002639174461364746
fp32-magnitude,10,200,base_model.model.model.layers.17.mlp.up_proj.lora_magnitude_vector,17,up_proj,F32,True,1.0,0.0009432229625027892,0.0017553611953500868,0.005116760730743408
fp32-magnitude,10,500,base_model.model.model.layers.17.mlp.up_proj.lora_magnitude_vector,17,up_proj,F32,True,1.0,0.0014802968445500092,0.00276295709578537,0.007650494575500488
fp32-magnitude,10,1000,base_model.model.model.layers.17.mlp.up_proj.lora_magnitude_vector,17,up_proj,F32,True,1.0,0.001914038129533375,0.003583030942090335,0.009964704513549805
fp32-magnitude,10,2000,base_model.model.model.layers.17.mlp.up_proj.lora_magnitude_vector,17,up_proj,F32,True,0.9999302455357143,0.0020973407393155086,0.003927670900858912,0.011412501335144043
fp32-magnitude,10,10,base_model.model.model.layers.17.self_attn.k_proj.lora_magnitude_vector,17,k_proj,F32,False,0.0,0.0,0.0,0.0
fp32-magnitude,10,50,base_model.model.model.layers.17.self_attn.k_proj.lora_magnitude_vector,17,k_proj,F32,True,1.0,0.00040035881102085114,0.00027555314935677385,0.0010932683944702148
fp32-magnitude,10,100,base_model.model.model.layers.17.self_attn.k_proj.lora_magnitude_vector,17,k_proj,F32,True,1.0,0.0005998394917696714,0.00043662237711362034,0.0021082162857055664
fp32-magnitude,10,200,base_model.model.model.layers.17.self_attn.k_proj.lora_magnitude_vector,17,k_proj,F32,True,1.0,0.000947476364672184,0.0006939979864429165,0.0042955875396728516
fp32-magnitude,10,500,base_model.model.model.layers.17.self_attn.k_proj.lora_magnitude_vector,17,k_proj,F32,True,1.0,0.0014236487913876772,0.0010544265418941732,0.007125139236450195
fp32-magnitude,10,1000,base_model.model.model.layers.17.self_attn.k_proj.lora_magnitude_vector,17,k_proj,F32,True,1.0,0.0018312871688976884,0.0013549959887936504,0.007464885711669922
fp32-magnitude,10,2000,base_model.model.model.layers.17.self_attn.k_proj.lora_magnitude_vector,17,k_proj,F32,True,0.9990234375,0.0020025214180350304,0.0014915084413689023,0.008846521377563477
fp32-magnitude,10,10,base_model.model.model.layers.17.self_attn.q_proj.lora_magnitude_vector,17,q_proj,F32,False,0.0,0.0,0.0,0.0
fp32-magnitude,10,50,base_model.model.model.layers.17.self_attn.q_proj.lora_magnitude_vector,17,q_proj,F32,True,1.0,0.000404663966037333,0.0004154504900255005,0.00117415189743042
fp32-magnitude,10,100,base_model.model.model.layers.17.self_attn.q_proj.lora_magnitude_vector,17,q_proj,F32,True,0.999755859375,0.0006220596078492235,0.0006680363817696693,0.002667546272277832
fp32-magnitude,10,200,base_model.model.model.layers.17.self_attn.q_proj.lora_magnitude_vector,17,q_proj,F32,True,1.0,0.0009180567758448888,0.0010227395936901974,0.0050356388092041016
fp32-magnitude,10,500,base_model.model.model.layers.17.self_attn.q_proj.lora_magnitude_vector,17,q_proj,F32,True,1.0,0.0014267971091612708,0.0016030838427657994,0.006768345832824707
fp32-magnitude,10,1000,base_model.model.model.layers.17.self_attn.q_proj.lora_magnitude_vector,17,q_proj,F32,True,1.0,0.0018000404270424042,0.0020222586050109713,0.009037256240844727
fp32-magnitude,10,2000,base_model.model.model.layers.17.self_attn.q_proj.lora_magnitude_vector,17,q_proj,F32,True,1.0,0.001997553710680222,0.002257523441581915,0.009369850158691406
fp32-magnitude,10,10,base_model.model.model.layers.17.self_attn.v_proj.lora_magnitude_vector,17,v_proj,F32,False,0.0,0.0,0.0,0.0
fp32-magnitude,10,50,base_model.model.model.layers.17.self_attn.v_proj.lora_magnitude_vector,17,v_proj,F32,True,1.0,0.00041626274469308555,0.0007992963230249882,0.0010227859020233154
fp32-magnitude,10,100,base_model.model.model.layers.17.self_attn.v_proj.lora_magnitude_vector,17,v_proj,F32,True,1.0,0.0006099347956478596,0.0012293679201118906,0.0021023452281951904
fp32-magnitude,10,200,base_model.model.model.layers.17.self_attn.v_proj.lora_magnitude_vector,17,v_proj,F32,True,1.0,0.0008956693636719137,0.0019125203698189016,0.004096090793609619
fp32-magnitude,10,500,base_model.model.model.layers.17.self_attn.v_proj.lora_magnitude_vector,17,v_proj,F32,True,1.0,0.0014529215695802122,0.003104438112605105,0.0065760016441345215
fp32-magnitude,10,1000,base_model.model.model.layers.17.self_attn.v_proj.lora_magnitude_vector,17,v_proj,F32,True,1.0,0.0018882300064433366,0.004025765873602864,0.009129911661148071
fp32-magnitude,10,2000,base_model.model.model.layers.17.self_attn.v_proj.lora_magnitude_vector,17,v_proj,F32,True,1.0,0.0020710308745037764,0.004410414903167432,0.010913491249084473
fp32-magnitude,10,10,base_model.model.model.layers.18.mlp.down_proj.lora_magnitude_vector,18,down_proj,F32,False,0.0,0.0,0.0,0.0
fp32-magnitude,10,50,base_model.model.model.layers.18.mlp.down_proj.lora_magnitude_vector,18,down_proj,F32,True,1.0,0.0004204532451694831,0.00038548528570370416,0.0010837316513061523
fp32-magnitude,10,100,base_model.model.model.layers.18.mlp.down_proj.lora_magnitude_vector,18,down_proj,F32,True,1.0,0.0005996239488013089,0.0005801522555748202,0.002329707145690918
fp32-magnitude,10,200,base_model.model.model.layers.18.mlp.down_proj.lora_magnitude_vector,18,down_proj,F32,True,1.0,0.0008738939795875922,0.0008754284629429075,0.00449061393737793
fp32-magnitude,10,500,base_model.model.model.layers.18.mlp.down_proj.lora_magnitude_vector,18,down_proj,F32,True,1.0,0.0013567461719503626,0.0013702573639276833,0.007616877555847168
fp32-magnitude,10,1000,base_model.model.model.layers.18.mlp.down_proj.lora_magnitude_vector,18,down_proj,F32,True,0.999755859375,0.001780310965841636,0.0017907072224803634,0.008339762687683105
fp32-magnitude,10,2000,base_model.model.model.layers.18.mlp.down_proj.lora_magnitude_vector,18,down_proj,F32,True,1.0,0.0019885245128534734,0.001998990878165486,0.010461211204528809
fp32-magnitude,10,10,base_model.model.model.layers.18.mlp.up_proj.lora_magnitude_vector,18,up_proj,F32,False,0.0,0.0,0.0,0.0
fp32-magnitude,10,50,base_model.model.model.layers.18.mlp.up_proj.lora_magnitude_vector,18,up_proj,F32,True,0.9999302455357143,0.0003990268555103934,0.0006899409707879128,0.0011269450187683105
fp32-magnitude,10,100,base_model.model.model.layers.18.mlp.up_proj.lora_magnitude_vector,18,up_proj,F32,True,1.0,0.000594166645896621,0.001083093603496814,0.0032825469970703125
fp32-magnitude,10,200,base_model.model.model.layers.18.mlp.up_proj.lora_magnitude_vector,18,up_proj,F32,True,0.9999302455357143,0.0009188505105807313,0.0017162016079292524,0.006710708141326904
fp32-magnitude,10,500,base_model.model.model.layers.18.mlp.up_proj.lora_magnitude_vector,18,up_proj,F32,True,1.0,0.0014359920813668786,0.002698636537508622,0.007818460464477539
fp32-magnitude,10,1000,base_model.model.model.layers.18.mlp.up_proj.lora_magnitude_vector,18,up_proj,F32,True,1.0,0.0018481598900897162,0.003486333535879087,0.010586321353912354
fp32-magnitude,10,2000,base_model.model.model.layers.18.mlp.up_proj.lora_magnitude_vector,18,up_proj,F32,True,1.0,0.0020488325057418217,0.003848822894451626,0.012350678443908691
fp32-magnitude,10,10,base_model.model.model.layers.18.self_attn.k_proj.lora_magnitude_vector,18,k_proj,F32,False,0.0,0.0,0.0,0.0
fp32-magnitude,10,50,base_model.model.model.layers.18.self_attn.k_proj.lora_magnitude_vector,18,k_proj,F32,True,1.0,0.00041048863204196095,0.00027060748812362726,0.0010259151458740234
fp32-magnitude,10,100,base_model.model.model.layers.18.self_attn.k_proj.lora_magnitude_vector,18,k_proj,F32,True,1.0,0.0005966345779597759,0.0004149274493836415,0.002286553382873535
fp32-magnitude,10,200,base_model.model.model.layers.18.self_attn.k_proj.lora_magnitude_vector,18,k_proj,F32,True,0.9990234375,0.0008677603327669203,0.0006311682395691037,0.004150032997131348
fp32-magnitude,10,500,base_model.model.model.layers.18.self_attn.k_proj.lora_magnitude_vector,18,k_proj,F32,True,1.0,0.001372966100461781,0.001008457829892409,0.006303191184997559
fp32-magnitude,10,1000,base_model.model.model.layers.18.self_attn.k_proj.lora_magnitude_vector,18,k_proj,F32,True,1.0,0.0016883205971680582,0.0012430605338048907,0.00826883316040039
fp32-magnitude,10,2000,base_model.model.model.layers.18.self_attn.k_proj.lora_magnitude_vector,18,k_proj,F32,True,0.9990234375,0.001828635111451149,0.001355116968904993,0.009769916534423828
fp32-magnitude,10,10,base_model.model.model.layers.18.self_attn.q_proj.lora_magnitude_vector,18,q_proj,F32,False,0.0,0.0,0.0,0.0
fp32-magnitude,10,50,base_model.model.model.layers.18.self_attn.q_proj.lora_magnitude_vector,18,q_proj,F32,True,1.0,0.00038411996501963586,0.0004042381637523596,0.0010756254196166992
fp32-magnitude,10,100,base_model.model.model.layers.18.self_attn.q_proj.lora_magnitude_vector,18,q_proj,F32,True,1.0,0.0005903425990254618,0.0006496479592872994,0.002315521240234375
fp32-magnitude,10,200,base_model.model.model.layers.18.self_attn.q_proj.lora_magnitude_vector,18,q_proj,F32,True,1.0,0.000881411848240532,0.0010029363229520484,0.004944920539855957
fp32-magnitude,10,500,base_model.model.model.layers.18.self_attn.q_proj.lora_magnitude_vector,18,q_proj,F32,True,1.0,0.0013780426888843067,0.0015821867752333226,0.00738835334777832
fp32-magnitude,10,1000,base_model.model.model.layers.18.self_attn.q_proj.lora_magnitude_vector,18,q_proj,F32,True,1.0,0.0017769736296031624,0.002036191618251034,0.008747398853302002
fp32-magnitude,10,2000,base_model.model.model.layers.18.self_attn.q_proj.lora_magnitude_vector,18,q_proj,F32,True,1.0,0.0019497121465974487,0.0022376531960410996,0.01014399528503418
fp32-magnitude,10,10,base_model.model.model.layers.18.self_attn.v_proj.lora_magnitude_vector,18,v_proj,F32,False,0.0,0.0,0.0,0.0
fp32-magnitude,10,50,base_model.model.model.layers.18.self_attn.v_proj.lora_magnitude_vector,18,v_proj,F32,True,1.0,0.0004068490816280246,0.0008721569599012038,0.0009706020355224609
fp32-magnitude,10,100,base_model.model.model.layers.18.self_attn.v_proj.lora_magnitude_vector,18,v_proj,F32,True,1.0,0.0005896849324926734,0.0013451414329349264,0.0021839141845703125
fp32-magnitude,10,200,base_model.model.model.layers.18.self_attn.v_proj.lora_magnitude_vector,18,v_proj,F32,True,1.0,0.0009031202353071421,0.0021089265211780934,0.003951668739318848
fp32-magnitude,10,500,base_model.model.model.layers.18.self_attn.v_proj.lora_magnitude_vector,18,v_proj,F32,True,1.0,0.0013824023772031069,0.003244037674763231,0.006902217864990234
fp32-magnitude,10,1000,base_model.model.model.layers.18.self_attn.v_proj.lora_magnitude_vector,18,v_proj,F32,True,1.0,0.0017338770849164575,0.004126642941674038,0.008540630340576172
fp32-magnitude,10,2000,base_model.model.model.layers.18.self_attn.v_proj.lora_magnitude_vector,18,v_proj,F32,True,1.0,0.0019280875276308507,0.004545676317954603,0.008319318294525146
fp32-magnitude,10,10,base_model.model.model.layers.19.mlp.down_proj.lora_magnitude_vector,19,down_proj,F32,False,0.0,0.0,0.0,0.0
fp32-magnitude,10,50,base_model.model.model.layers.19.mlp.down_proj.lora_magnitude_vector,19,down_proj,F32,True,1.0,0.0004218063841108233,0.0003884547406855991,0.0011110305786132812
fp32-magnitude,10,100,base_model.model.model.layers.19.mlp.down_proj.lora_magnitude_vector,19,down_proj,F32,True,1.0,0.0005979474226478487,0.0005813112441545461,0.0022296905517578125
fp32-magnitude,10,200,base_model.model.model.layers.19.mlp.down_proj.lora_magnitude_vector,19,down_proj,F32,True,1.0,0.0008776626054896042,0.0008790801500484676,0.0038917064666748047
fp32-magnitude,10,500,base_model.model.model.layers.19.mlp.down_proj.lora_magnitude_vector,19,down_proj,F32,True,1.0,0.0013682378630619496,0.0013812022840456752,0.007452249526977539
fp32-magnitude,10,1000,base_model.model.model.layers.19.mlp.down_proj.lora_magnitude_vector,19,down_proj,F32,True,1.0,0.0017811742727644742,0.0018025768445053937,0.008191347122192383
fp32-magnitude,10,2000,base_model.model.model.layers.19.mlp.down_proj.lora_magnitude_vector,19,down_proj,F32,True,1.0,0.00197410662076436,0.001986796792980791,0.008620142936706543
fp32-magnitude,10,10,base_model.model.model.layers.19.mlp.up_proj.lora_magnitude_vector,19,up_proj,F32,False,0.0,0.0,0.0,0.0
fp32-magnitude,10,50,base_model.model.model.layers.19.mlp.up_proj.lora_magnitude_vector,19,up_proj,F32,True,1.0,0.00040130395583608855,0.0006974752268336009,0.0011686086654663086
fp32-magnitude,10,100,base_model.model.model.layers.19.mlp.up_proj.lora_magnitude_vector,19,up_proj,F32,True,1.0,0.0005988761425084833,0.0010937245140553585,0.0028601884841918945
fp32-magnitude,10,200,base_model.model.model.layers.19.mlp.up_proj.lora_magnitude_vector,19,up_proj,F32,True,1.0,0.0009219929384666362,0.0017283618585173103,0.005129814147949219
fp32-magnitude,10,500,base_model.model.model.layers.19.mlp.up_proj.lora_magnitude_vector,19,up_proj,F32,True,0.9999302455357143,0.0014334581917085285,0.0027175825198992756,0.008180618286132812
fp32-magnitude,10,1000,base_model.model.model.layers.19.mlp.up_proj.lora_magnitude_vector,19,up_proj,F32,True,1.0,0.001860880060121417,0.0035268220938598836,0.009583592414855957
fp32-magnitude,10,2000,base_model.model.model.layers.19.mlp.up_proj.lora_magnitude_vector,19,up_proj,F32,True,1.0,0.002052069494051726,0.0038806687603378924,0.012404382228851318
fp32-magnitude,10,10,base_model.model.model.layers.19.self_attn.k_proj.lora_magnitude_vector,19,k_proj,F32,False,0.0,0.0,0.0,0.0
fp32-magnitude,10,50,base_model.model.model.layers.19.self_attn.k_proj.lora_magnitude_vector,19,k_proj,F32,True,1.0,0.0004016614693682641,0.00028195589723308657,0.0011037588119506836
fp32-magnitude,10,100,base_model.model.model.layers.19.self_attn.k_proj.lora_magnitude_vector,19,k_proj,F32,True,1.0,0.0005926814919803292,0.0004371370209635639,0.0025391578674316406
fp32-magnitude,10,200,base_model.model.model.layers.19.self_attn.k_proj.lora_magnitude_vector,19,k_proj,F32,True,1.0,0.0009319137025158852,0.0007045762237739339,0.0038608312606811523
fp32-magnitude,10,500,base_model.model.model.layers.19.self_attn.k_proj.lora_magnitude_vector,19,k_proj,F32,True,1.0,0.0013255430676508695,0.0010111412328504417,0.0057967305183410645
fp32-magnitude,10,1000,base_model.model.model.layers.19.self_attn.k_proj.lora_magnitude_vector,19,k_proj,F32,True,1.0,0.001685792492935434,0.00128006632730543,0.007467031478881836
fp32-magnitude,10,2000,base_model.model.model.layers.19.self_attn.k_proj.lora_magnitude_vector,19,k_proj,F32,True,1.0,0.0018360810063313693,0.0013967871322356992,0.008298754692077637
fp32-magnitude,10,10,base_model.model.model.layers.19.self_attn.q_proj.lora_magnitude_vector,19,q_proj,F32,False,0.0,0.0,0.0,0.0
fp32-magnitude,10,50,base_model.model.model.layers.19.self_attn.q_proj.lora_magnitude_vector,19,q_proj,F32,True,1.0,0.00040969805559143424,0.00042965458479402843,0.001145005226135254
fp32-magnitude,10,100,base_model.model.model.layers.19.self_attn.q_proj.lora_magnitude_vector,19,q_proj,F32,True,0.999755859375,0.0006098241537983995,0.0006723816186128654,0.0027788877487182617
fp32-magnitude,10,200,base_model.model.model.layers.19.self_attn.q_proj.lora_magnitude_vector,19,q_proj,F32,True,1.0,0.0009415635686309543,0.0010622611178550938,0.004436492919921875
fp32-magnitude,10,500,base_model.model.model.layers.19.self_attn.q_proj.lora_magnitude_vector,19,q_proj,F32,True,1.0,0.0014097236635279842,0.0016022358959465717,0.00656050443649292
fp32-magnitude,10,1000,base_model.model.model.layers.19.self_attn.q_proj.lora_magnitude_vector,19,q_proj,F32,True,1.0,0.0017806587238737848,0.002043345825931546,0.009625673294067383
fp32-magnitude,10,2000,base_model.model.model.layers.19.self_attn.q_proj.lora_magnitude_vector,19,q_proj,F32,True,1.0,0.0019269379299657885,0.002211997122513914,0.010377168655395508
fp32-magnitude,10,10,base_model.model.model.layers.19.self_attn.v_proj.lora_magnitude_vector,19,v_proj,F32,False,0.0,0.0,0.0,0.0
fp32-magnitude,10,50,base_model.model.model.layers.19.self_attn.v_proj.lora_magnitude_vector,19,v_proj,F32,True,1.0,0.00041394203435629606,0.0008444265184766168,0.0011262893676757812
fp32-magnitude,10,100,base_model.model.model.layers.19.self_attn.v_proj.lora_magnitude_vector,19,v_proj,F32,True,1.0,0.000637445249594748,0.0013743199959319122,0.002551257610321045
fp32-magnitude,10,200,base_model.model.model.layers.19.self_attn.v_proj.lora_magnitude_vector,19,v_proj,F32,True,1.0,0.0009593609720468521,0.0021126433870226015,0.005385488271713257
fp32-magnitude,10,500,base_model.model.model.layers.19.self_attn.v_proj.lora_magnitude_vector,19,v_proj,F32,True,1.0,0.0015034710231702775,0.0033355764192872697,0.007498264312744141
fp32-magnitude,10,1000,base_model.model.model.layers.19.self_attn.v_proj.lora_magnitude_vector,19,v_proj,F32,True,1.0,0.0019935762393288314,0.0043845431733842526,0.0095234215259552
fp32-magnitude,10,2000,base_model.model.model.layers.19.self_attn.v_proj.lora_magnitude_vector,19,v_proj,F32,True,1.0,0.0022112548467703164,0.004841615057243275,0.009819954633712769
fp32-magnitude,10,10,base_model.model.model.layers.2.mlp.down_proj.lora_magnitude_vector,2,down_proj,F32,False,0.0,0.0,0.0,0.0
fp32-magnitude,10,50,base_model.model.model.layers.2.mlp.down_proj.lora_magnitude_vector,2,down_proj,F32,True,0.999755859375,0.0002991144865518436,0.00027569147262890975,0.0009284019470214844
fp32-magnitude,10,100,base_model.model.model.layers.2.mlp.down_proj.lora_magnitude_vector,2,down_proj,F32,True,0.999755859375,0.00043802584696095437,0.000426518505253582,0.00199282169342041
fp32-magnitude,10,200,base_model.model.model.layers.2.mlp.down_proj.lora_magnitude_vector,2,down_proj,F32,True,1.0,0.0007003044302109629,0.0006991877763199153,0.0034519433975219727
fp32-magnitude,10,500,base_model.model.model.layers.2.mlp.down_proj.lora_magnitude_vector,2,down_proj,F32,True,1.0,0.0011561245191842318,0.001159482104277395,0.006155490875244141
fp32-magnitude,10,1000,base_model.model.model.layers.2.mlp.down_proj.lora_magnitude_vector,2,down_proj,F32,True,1.0,0.0015426223544636741,0.001528812571315063,0.007517695426940918
fp32-magnitude,10,2000,base_model.model.model.layers.2.mlp.down_proj.lora_magnitude_vector,2,down_proj,F32,True,1.0,0.0017214360850630328,0.0017021800682891235,0.008380293846130371
fp32-magnitude,10,10,base_model.model.model.layers.2.mlp.up_proj.lora_magnitude_vector,2,up_proj,F32,False,0.0,0.0,0.0,0.0
fp32-magnitude,10,50,base_model.model.model.layers.2.mlp.up_proj.lora_magnitude_vector,2,up_proj,F32,True,0.9999302455357143,0.00029106750818235535,0.0005088812478734154,0.0009672641754150391
fp32-magnitude,10,100,base_model.model.model.layers.2.mlp.up_proj.lora_magnitude_vector,2,up_proj,F32,True,0.9997907366071429,0.00045200036921804506,0.0008300172636947313,0.002558290958404541
fp32-magnitude,10,200,base_model.model.model.layers.2.mlp.up_proj.lora_magnitude_vector,2,up_proj,F32,True,1.0,0.0007531935927025708,0.0014093601986034183,0.004712879657745361
fp32-magnitude,10,500,base_model.model.model.layers.2.mlp.up_proj.lora_magnitude_vector,2,up_proj,F32,True,1.0,0.0012468219522686144,0.0023329389337547503,0.00817960500717163
fp32-magnitude,10,1000,base_model.model.model.layers.2.mlp.up_proj.lora_magnitude_vector,2,up_proj,F32,True,0.9998604910714286,0.0016585096454946324,0.003093227302900099,0.010546267032623291
fp32-magnitude,10,2000,base_model.model.model.layers.2.mlp.up_proj.lora_magnitude_vector,2,up_proj,F32,True,1.0,0.0018368621988754188,0.0034270520292609837,0.011545956134796143
fp32-magnitude,10,10,base_model.model.model.layers.2.self_attn.k_proj.lora_magnitude_vector,2,k_proj,F32,False,0.0,0.0,0.0,0.0
fp32-magnitude,10,50,base_model.model.model.layers.2.self_attn.k_proj.lora_magnitude_vector,2,k_proj,F32,True,1.0,0.0002728109830059111,0.00019122751578144506,0.0010279417037963867
fp32-magnitude,10,100,base_model.model.model.layers.2.self_attn.k_proj.lora_magnitude_vector,2,k_proj,F32,True,1.0,0.00045502829016186297,0.00033353433643114533,0.0020508766174316406
fp32-magnitude,10,200,base_model.model.model.layers.2.self_attn.k_proj.lora_magnitude_vector,2,k_proj,F32,True,1.0,0.0007210095063783228,0.0005416041275988497,0.003010869026184082
fp32-magnitude,10,500,base_model.model.model.layers.2.self_attn.k_proj.lora_magnitude_vector,2,k_proj,F32,True,1.0,0.001079476933227852,0.0008070896762077159,0.0060155391693115234
fp32-magnitude,10,1000,base_model.model.model.layers.2.self_attn.k_proj.lora_magnitude_vector,2,k_proj,F32,True,1.0,0.0013711047067772597,0.0010304320888656954,0.0064542293548583984
fp32-magnitude,10,2000,base_model.model.model.layers.2.self_attn.k_proj.lora_magnitude_vector,2,k_proj,F32,True,1.0,0.0015528131043538451,0.0011505538458984794,0.0068798065185546875
fp32-magnitude,10,10,base_model.model.model.layers.2.self_attn.q_proj.lora_magnitude_vector,2,q_proj,F32,False,0.0,0.0,0.0,0.0
fp32-magnitude,10,50,base_model.model.model.layers.2.self_attn.q_proj.lora_magnitude_vector,2,q_proj,F32,True,0.999755859375,0.00028542127256514505,0.0003058089389387606,0.0009528398513793945
fp32-magnitude,10,100,base_model.model.model.layers.2.self_attn.q_proj.lora_magnitude_vector,2,q_proj,F32,True,1.0,0.0004942291270708665,0.0005559708874653107,0.002439558506011963
fp32-magnitude,10,200,base_model.model.model.layers.2.self_attn.q_proj.lora_magnitude_vector,2,q_proj,F32,True,1.0,0.0007742660964140669,0.0008877118668117695,0.004731178283691406
fp32-magnitude,10,500,base_model.model.model.layers.2.self_attn.q_proj.lora_magnitude_vector,2,q_proj,F32,True,1.0,0.0012268434729776345,0.0013988230770128314,0.006745696067810059
fp32-magnitude,10,1000,base_model.model.model.layers.2.self_attn.q_proj.lora_magnitude_vector,2,q_proj,F32,True,0.999755859375,0.0015810410222911742,0.0017961160407989412,0.007458090782165527
fp32-magnitude,10,2000,base_model.model.model.layers.2.self_attn.q_proj.lora_magnitude_vector,2,q_proj,F32,True,1.0,0.0017360141937388107,0.001970926859618066,0.008859992027282715
fp32-magnitude,10,10,base_model.model.model.layers.2.self_attn.v_proj.lora_magnitude_vector,2,v_proj,F32,False,0.0,0.0,0.0,0.0
fp32-magnitude,10,50,base_model.model.model.layers.2.self_attn.v_proj.lora_magnitude_vector,2,v_proj,F32,True,1.0,0.00029336281295400113,0.0008332959982093189,0.0009103119373321533
fp32-magnitude,10,100,base_model.model.model.layers.2.self_attn.v_proj.lora_magnitude_vector,2,v_proj,F32,True,1.0,0.0004589650052366778,0.001382496612412293,0.0019214749336242676
fp32-magnitude,10,200,base_model.model.model.layers.2.self_attn.v_proj.lora_magnitude_vector,2,v_proj,F32,True,1.0,0.0007338396098930389,0.002228780491551297,0.0031926333904266357
fp32-magnitude,10,500,base_model.model.model.layers.2.self_attn.v_proj.lora_magnitude_vector,2,v_proj,F32,True,1.0,0.0012035457621095702,0.0036888158035308324,0.006813257932662964
fp32-magnitude,10,1000,base_model.model.model.layers.2.self_attn.v_proj.lora_magnitude_vector,2,v_proj,F32,True,1.0,0.001581884454935789,0.004774162446515121,0.00871381163597107
fp32-magnitude,10,2000,base_model.model.model.layers.2.self_attn.v_proj.lora_magnitude_vector,2,v_proj,F32,True,1.0,0.0017073089111363515,0.005189609670036307,0.009386599063873291
fp32-magnitude,10,10,base_model.model.model.layers.20.mlp.down_proj.lora_magnitude_vector,20,down_proj,F32,False,0.0,0.0,0.0,0.0
fp32-magnitude,10,50,base_model.model.model.layers.20.mlp.down_proj.lora_magnitude_vector,20,down_proj,F32,True,1.0,0.0004300222935853526,0.00039125653932474045,0.0010967254638671875
fp32-magnitude,10,100,base_model.model.model.layers.20.mlp.down_proj.lora_magnitude_vector,20,down_proj,F32,True,1.0,0.0005896614893572405,0.000569975866936474,0.002279996871948242
fp32-magnitude,10,200,base_model.model.model.layers.20.mlp.down_proj.lora_magnitude_vector,20,down_proj,F32,True,1.0,0.0008568757912144065,0.0008542972245489483,0.0044519901275634766
fp32-magnitude,10,500,base_model.model.model.layers.20.mlp.down_proj.lora_magnitude_vector,20,down_proj,F32,True,1.0,0.0013510005956050009,0.00137079703128791,0.009331822395324707
fp32-magnitude,10,1000,base_model.model.model.layers.20.mlp.down_proj.lora_magnitude_vector,20,down_proj,F32,True,1.0,0.0017853623285191134,0.0018090448755627999,0.010761618614196777
fp32-magnitude,10,2000,base_model.model.model.layers.20.mlp.down_proj.lora_magnitude_vector,20,down_proj,F32,True,1.0,0.0019615288474597037,0.0019852381164159084,0.010279536247253418
fp32-magnitude,10,10,base_model.model.model.layers.20.mlp.up_proj.lora_magnitude_vector,20,up_proj,F32,False,0.0,0.0,0.0,0.0
fp32-magnitude,10,50,base_model.model.model.layers.20.mlp.up_proj.lora_magnitude_vector,20,up_proj,F32,True,0.9999302455357143,0.0004017211446937706,0.0006946167276988095,0.0011805295944213867
fp32-magnitude,10,100,base_model.model.model.layers.20.mlp.up_proj.lora_magnitude_vector,20,up_proj,F32,True,1.0,0.0005909525373551462,0.0010812786289486416,0.003424704074859619
fp32-magnitude,10,200,base_model.model.model.layers.20.mlp.up_proj.lora_magnitude_vector,20,up_proj,F32,True,0.9999302455357143,0.0009078339540532657,0.0017103853290802535,0.007863819599151611
fp32-magnitude,10,500,base_model.model.model.layers.20.mlp.up_proj.lora_magnitude_vector,20,up_proj,F32,True,1.0,0.001438929048682829,0.0027242855400308914,0.012196898460388184
fp32-magnitude,10,1000,base_model.model.model.layers.20.mlp.up_proj.lora_magnitude_vector,20,up_proj,F32,True,1.0,0.001873696131432163,0.0035438145707418606,0.016038894653320312
fp32-magnitude,10,2000,base_model.model.model.layers.20.mlp.up_proj.lora_magnitude_vector,20,up_proj,F32,True,1.0,0.0020711804806653944,0.0039128750244200395,0.019991040229797363
fp32-magnitude,10,10,base_model.model.model.layers.20.self_attn.k_proj.lora_magnitude_vector,20,k_proj,F32,False,0.0,0.0,0.0,0.0
fp32-magnitude,10,50,base_model.model.model.layers.20.self_attn.k_proj.lora_magnitude_vector,20,k_proj,F32,True,1.0,0.00039752325392328203,0.00028079931323419784,0.0010014772415161133
fp32-magnitude,10,100,base_model.model.model.layers.20.self_attn.k_proj.lora_magnitude_vector,20,k_proj,F32,True,1.0,0.0006407071487046778,0.0004835954418082765,0.0025463104248046875
fp32-magnitude,10,200,base_model.model.model.layers.20.self_attn.k_proj.lora_magnitude_vector,20,k_proj,F32,True,1.0,0.0009386232413817197,0.000723252912997527,0.004416823387145996
fp32-magnitude,10,500,base_model.model.model.layers.20.self_attn.k_proj.lora_magnitude_vector,20,k_proj,F32,True,1.0,0.0014771287969779223,0.001133865036286626,0.00653076171875
fp32-magnitude,10,1000,base_model.model.model.layers.20.self_attn.k_proj.lora_magnitude_vector,20,k_proj,F32,True,1.0,0.0017959645483642817,0.0014062169932495937,0.008460283279418945
fp32-magnitude,10,2000,base_model.model.model.layers.20.self_attn.k_proj.lora_magnitude_vector,20,k_proj,F32,True,1.0,0.0019897063612006605,0.0015626428534983746,0.00957942008972168
fp32-magnitude,10,10,base_model.model.model.layers.20.self_attn.q_proj.lora_magnitude_vector,20,q_proj,F32,False,0.0,0.0,0.0,0.0
fp32-magnitude,10,50,base_model.model.model.layers.20.self_attn.q_proj.lora_magnitude_vector,20,q_proj,F32,True,0.999755859375,0.0003933224179490935,0.0004156439005367264,0.0011223554611206055
fp32-magnitude,10,100,base_model.model.model.layers.20.self_attn.q_proj.lora_magnitude_vector,20,q_proj,F32,True,1.0,0.0006407247674360406,0.0007121795076308154,0.0037935376167297363
fp32-magnitude,10,200,base_model.model.model.layers.20.self_attn.q_proj.lora_magnitude_vector,20,q_proj,F32,True,0.999755859375,0.0009509118790447246,0.0010968901727558941,0.005369603633880615
fp32-magnitude,10,500,base_model.model.model.layers.20.self_attn.q_proj.lora_magnitude_vector,20,q_proj,F32,True,1.0,0.001494220592576312,0.0017282575274111549,0.00833141803741455
fp32-magnitude,10,1000,base_model.model.model.layers.20.self_attn.q_proj.lora_magnitude_vector,20,q_proj,F32,True,1.0,0.0018517548996896949,0.002155385172114835,0.009639918804168701
fp32-magnitude,10,2000,base_model.model.model.layers.20.self_attn.q_proj.lora_magnitude_vector,20,q_proj,F32,True,1.0,0.0020675027553807013,0.0024308743100541486,0.01292121410369873
fp32-magnitude,10,10,base_model.model.model.layers.20.self_attn.v_proj.lora_magnitude_vector,20,v_proj,F32,False,0.0,0.0,0.0,0.0
fp32-magnitude,10,50,base_model.model.model.layers.20.self_attn.v_proj.lora_magnitude_vector,20,v_proj,F32,True,1.0,0.0004173298948444426,0.0008051387693995134,0.0010095834732055664
fp32-magnitude,10,100,base_model.model.model.layers.20.self_attn.v_proj.lora_magnitude_vector,20,v_proj,F32,True,1.0,0.0006270224112085998,0.0012856067558127816,0.0028333067893981934
fp32-magnitude,10,200,base_model.model.model.layers.20.self_attn.v_proj.lora_magnitude_vector,20,v_proj,F32,True,1.0,0.0009477106505073607,0.001997476418857897,0.0044931769371032715
fp32-magnitude,10,500,base_model.model.model.layers.20.self_attn.v_proj.lora_magnitude_vector,20,v_proj,F32,True,1.0,0.001441111642634496,0.003087464946811285,0.007004052400588989
fp32-magnitude,10,1000,base_model.model.model.layers.20.self_attn.v_proj.lora_magnitude_vector,20,v_proj,F32,True,1.0,0.001842805533669889,0.003918183748788732,0.008307993412017822
fp32-magnitude,10,2000,base_model.model.model.layers.20.self_attn.v_proj.lora_magnitude_vector,20,v_proj,F32,True,1.0,0.0020723383058793843,0.004334031875027005,0.009129226207733154
fp32-magnitude,10,10,base_model.model.model.layers.21.mlp.down_proj.lora_magnitude_vector,21,down_proj,F32,False,0.0,0.0,0.0,0.0
fp32-magnitude,10,50,base_model.model.model.layers.21.mlp.down_proj.lora_magnitude_vector,21,down_proj,F32,True,1.0,0.0004146248975303024,0.0003814499940840599,0.0011025667190551758
fp32-magnitude,10,100,base_model.model.model.layers.21.mlp.down_proj.lora_magnitude_vector,21,down_proj,F32,True,1.0,0.0005891161854378879,0.0005699645567981041,0.0022774934768676758
fp32-magnitude,10,200,base_model.model.model.layers.21.mlp.down_proj.lora_magnitude_vector,21,down_proj,F32,True,1.0,0.000876891179359518,0.0008675534973775463,0.0037001371383666992
fp32-magnitude,10,500,base_model.model.model.layers.21.mlp.down_proj.lora_magnitude_vector,21,down_proj,F32,True,1.0,0.0013891235284972936,0.0013860305981761383,0.00616002082824707
fp32-magnitude,10,1000,base_model.model.model.layers.21.mlp.down_proj.lora_magnitude_vector,21,down_proj,F32,True,1.0,0.0018023963493760675,0.001797496995461731,0.008211612701416016
fp32-magnitude,10,2000,base_model.model.model.layers.21.mlp.down_proj.lora_magnitude_vector,21,down_proj,F32,True,1.0,0.0020030298037454486,0.0019971615349536676,0.008897542953491211
fp32-magnitude,10,10,base_model.model.model.layers.21.mlp.up_proj.lora_magnitude_vector,21,up_proj,F32,False,0.0,0.0,0.0,0.0
fp32-magnitude,10,50,base_model.model.model.layers.21.mlp.up_proj.lora_magnitude_vector,21,up_proj,F32,True,0.9999302455357143,0.00040588172851130366,0.0006980472001712395,0.0011491179466247559
fp32-magnitude,10,100,base_model.model.model.layers.21.mlp.up_proj.lora_magnitude_vector,21,up_proj,F32,True,0.9999302455357143,0.000596008837289576,0.0010781180372554419,0.003455638885498047
fp32-magnitude,10,200,base_model.model.model.layers.21.mlp.up_proj.lora_magnitude_vector,21,up_proj,F32,True,1.0,0.0009168421508677836,0.0017107129631644907,0.006141483783721924
fp32-magnitude,10,500,base_model.model.model.layers.21.mlp.up_proj.lora_magnitude_vector,21,up_proj,F32,True,1.0,0.001433600771373936,0.002705128174690729,0.008410155773162842
fp32-magnitude,10,1000,base_model.model.model.layers.21.mlp.up_proj.lora_magnitude_vector,21,up_proj,F32,True,1.0,0.0018583468398511676,0.003489008425975993,0.01081925630569458
fp32-magnitude,10,2000,base_model.model.model.layers.21.mlp.up_proj.lora_magnitude_vector,21,up_proj,F32,True,0.9999302455357143,0.002042798710005757,0.0038345802448873333,0.01158905029296875
fp32-magnitude,10,10,base_model.model.model.layers.21.self_attn.k_proj.lora_magnitude_vector,21,k_proj,F32,False,0.0,0.0,0.0,0.0
fp32-magnitude,10,50,base_model.model.model.layers.21.self_attn.k_proj.lora_magnitude_vector,21,k_proj,F32,True,1.0,0.0004069199494551867,0.00028682702940408656,0.0010551214218139648
fp32-magnitude,10,100,base_model.model.model.layers.21.self_attn.k_proj.lora_magnitude_vector,21,k_proj,F32,True,1.0,0.0006149585824459791,0.0004519059683865134,0.002367854118347168
fp32-magnitude,10,200,base_model.model.model.layers.21.self_attn.k_proj.lora_magnitude_vector,21,k_proj,F32,True,1.0,0.0009414117084816098,0.0007165975082709819,0.004269838333129883
fp32-magnitude,10,500,base_model.model.model.layers.21.self_attn.k_proj.lora_magnitude_vector,21,k_proj,F32,True,1.0,0.0014130335475783795,0.0010971484711749348,0.0076618194580078125
fp32-magnitude,10,1000,base_model.model.model.layers.21.self_attn.k_proj.lora_magnitude_vector,21,k_proj,F32,True,1.0,0.001770098926499486,0.0013940570684336617,0.009380936622619629
fp32-magnitude,10,2000,base_model.model.model.layers.21.self_attn.k_proj.lora_magnitude_vector,21,k_proj,F32,True,1.0,0.0019679439428728074,0.0015519605651536273,0.009566426277160645
fp32-magnitude,10,10,base_model.model.model.layers.21.self_attn.q_proj.lora_magnitude_vector,21,q_proj,F32,False,0.0,0.0,0.0,0.0
fp32-magnitude,10,50,base_model.model.model.layers.21.self_attn.q_proj.lora_magnitude_vector,21,q_proj,F32,True,1.0,0.0003851181645586621,0.00041847428344448815,0.001141965389251709
fp32-magnitude,10,100,base_model.model.model.layers.21.self_attn.q_proj.lora_magnitude_vector,21,q_proj,F32,True,1.0,0.0006059676488803234,0.000684318863408347,0.0026128292083740234
fp32-magnitude,10,200,base_model.model.model.layers.21.self_attn.q_proj.lora_magnitude_vector,21,q_proj,F32,True,1.0,0.0009826313798839692,0.0011374325794608682,0.004850566387176514
fp32-magnitude,10,500,base_model.model.model.layers.21.self_attn.q_proj.lora_magnitude_vector,21,q_proj,F32,True,0.999755859375,0.0014737406418134924,0.0017340433300316112,0.008258938789367676
fp32-magnitude,10,1000,base_model.model.model.layers.21.self_attn.q_proj.lora_magnitude_vector,21,q_proj,F32,True,1.0,0.0018217227079730947,0.0021547262854116392,0.010573625564575195
fp32-magnitude,10,2000,base_model.model.model.layers.21.self_attn.q_proj.lora_magnitude_vector,21,q_proj,F32,True,1.0,0.0019632816765806638,0.0023198723854776985,0.010979056358337402
fp32-magnitude,10,10,base_model.model.model.layers.21.self_attn.v_proj.lora_magnitude_vector,21,v_proj,F32,False,0.0,0.0,0.0,0.0
fp32-magnitude,10,50,base_model.model.model.layers.21.self_attn.v_proj.lora_magnitude_vector,21,v_proj,F32,True,1.0,0.00039877634844742715,0.000754700085506136,0.0009971261024475098
fp32-magnitude,10,100,base_model.model.model.layers.21.self_attn.v_proj.lora_magnitude_vector,21,v_proj,F32,True,1.0,0.0006203957600519061,0.0012139028558711756,0.002323329448699951
fp32-magnitude,10,200,base_model.model.model.layers.21.self_attn.v_proj.lora_magnitude_vector,21,v_proj,F32,True,1.0,0.0009253198222722858,0.0018820858302734064,0.003896057605743408
fp32-magnitude,10,500,base_model.model.model.layers.21.self_attn.v_proj.lora_magnitude_vector,21,v_proj,F32,True,1.0,0.001341520546702668,0.002800141380534062,0.006758928298950195
fp32-magnitude,10,1000,base_model.model.model.layers.21.self_attn.v_proj.lora_magnitude_vector,21,v_proj,F32,True,1.0,0.001772182818967849,0.0036359334439870546,0.008192777633666992
fp32-magnitude,10,2000,base_model.model.model.layers.21.self_attn.v_proj.lora_magnitude_vector,21,v_proj,F32,True,1.0,0.0019435452995821834,0.003992180461484949,0.008598387241363525
fp32-magnitude,10,10,base_model.model.model.layers.22.mlp.down_proj.lora_magnitude_vector,22,down_proj,F32,False,0.0,0.0,0.0,0.0
fp32-magnitude,10,50,base_model.model.model.layers.22.mlp.down_proj.lora_magnitude_vector,22,down_proj,F32,True,1.0,0.00041617882379796356,0.0003798408136196609,0.0011092424392700195
fp32-magnitude,10,100,base_model.model.model.layers.22.mlp.down_proj.lora_magnitude_vector,22,down_proj,F32,True,1.0,0.0005865651473868638,0.0005633073575120923,0.0027004480361938477
fp32-magnitude,10,200,base_model.model.model.layers.22.mlp.down_proj.lora_magnitude_vector,22,down_proj,F32,True,1.0,0.0008711750488146208,0.0008595606976571965,0.003990292549133301
fp32-magnitude,10,500,base_model.model.model.layers.22.mlp.down_proj.lora_magnitude_vector,22,down_proj,F32,True,1.0,0.0013548029091907665,0.0013571744317327555,0.00663912296295166
fp32-magnitude,10,1000,base_model.model.model.layers.22.mlp.down_proj.lora_magnitude_vector,22,down_proj,F32,True,1.0,0.0017809343626140617,0.0017740247918517124,0.007790207862854004
fp32-magnitude,10,2000,base_model.model.model.layers.22.mlp.down_proj.lora_magnitude_vector,22,down_proj,F32,True,1.0,0.0019408318330533803,0.001938342974897616,0.00900876522064209
fp32-magnitude,10,10,base_model.model.model.layers.22.mlp.up_proj.lora_magnitude_vector,22,up_proj,F32,False,0.0,0.0,0.0,0.0
fp32-magnitude,10,50,base_model.model.model.layers.22.mlp.up_proj.lora_magnitude_vector,22,up_proj,F32,True,0.9999302455357143,0.0003963343728433496,0.0006834003200703868,0.001228034496307373
fp32-magnitude,10,100,base_model.model.model.layers.22.mlp.up_proj.lora_magnitude_vector,22,up_proj,F32,True,0.9999302455357143,0.0005803416341742766,0.0010492589890447063,0.0027354955673217773
fp32-magnitude,10,200,base_model.model.model.layers.22.mlp.up_proj.lora_magnitude_vector,22,up_proj,F32,True,1.0,0.0008899392331451443,0.0016524146875885664,0.0049749016761779785
fp32-magnitude,10,500,base_model.model.model.layers.22.mlp.up_proj.lora_magnitude_vector,22,up_proj,F32,True,1.0,0.0014124463694835348,0.002657117750720379,0.009583711624145508
fp32-magnitude,10,1000,base_model.model.model.layers.22.mlp.up_proj.lora_magnitude_vector,22,up_proj,F32,True,1.0,0.0018330016235787688,0.003440804066826298,0.011823832988739014
fp32-magnitude,10,2000,base_model.model.model.layers.22.mlp.up_proj.lora_magnitude_vector,22,up_proj,F32,True,1.0,0.002009942940536088,0.003780638529336145,0.013042211532592773
fp32-magnitude,10,10,base_model.model.model.layers.22.self_attn.k_proj.lora_magnitude_vector,22,k_proj,F32,False,0.0,0.0,0.0,0.0
fp32-magnitude,10,50,base_model.model.model.layers.22.self_attn.k_proj.lora_magnitude_vector,22,k_proj,F32,True,1.0,0.0004161481629125774,0.00029353029934268857,0.0009846687316894531
fp32-magnitude,10,100,base_model.model.model.layers.22.self_attn.k_proj.lora_magnitude_vector,22,k_proj,F32,True,1.0,0.0006144364597275853,0.0004511696013707736,0.0021916627883911133
fp32-magnitude,10,200,base_model.model.model.layers.22.self_attn.k_proj.lora_magnitude_vector,22,k_proj,F32,True,1.0,0.0008516597445122898,0.0006634692610597411,0.0037277936935424805
fp32-magnitude,10,500,base_model.model.model.layers.22.self_attn.k_proj.lora_magnitude_vector,22,k_proj,F32,True,1.0,0.001374919607769698,0.001070047901404909,0.005803823471069336
fp32-magnitude,10,1000,base_model.model.model.layers.22.self_attn.k_proj.lora_magnitude_vector,22,k_proj,F32,True,1.0,0.0018237170297652483,0.0014304630895066383,0.0075490474700927734
fp32-magnitude,10,2000,base_model.model.model.layers.22.self_attn.k_proj.lora_magnitude_vector,22,k_proj,F32,True,1.0,0.001978415937628597,0.0015502753082203256,0.007982134819030762
fp32-magnitude,10,10,base_model.model.model.layers.22.self_attn.q_proj.lora_magnitude_vector,22,q_proj,F32,False,0.0,0.0,0.0,0.0
fp32-magnitude,10,50,base_model.model.model.layers.22.self_attn.q_proj.lora_magnitude_vector,22,q_proj,F32,True,1.0,0.000401048717321828,0.0004405523370397452,0.001101374626159668
fp32-magnitude,10,100,base_model.model.model.layers.22.self_attn.q_proj.lora_magnitude_vector,22,q_proj,F32,True,1.0,0.0006056218262529001,0.000698235067810961,0.002609729766845703
fp32-magnitude,10,200,base_model.model.model.layers.22.self_attn.q_proj.lora_magnitude_vector,22,q_proj,F32,True,0.999755859375,0.0008920601758291014,0.001054027005914663,0.005048871040344238
fp32-magnitude,10,500,base_model.model.model.layers.22.self_attn.q_proj.lora_magnitude_vector,22,q_proj,F32,True,1.0,0.0014103086868999526,0.0016771992942276144,0.00692296028137207
fp32-magnitude,10,1000,base_model.model.model.layers.22.self_attn.q_proj.lora_magnitude_vector,22,q_proj,F32,True,1.0,0.0018245373576064594,0.0021823363293752497,0.009643256664276123
fp32-magnitude,10,2000,base_model.model.model.layers.22.self_attn.q_proj.lora_magnitude_vector,22,q_proj,F32,True,1.0,0.001967369840713218,0.0023580882615348267,0.010872364044189453
fp32-magnitude,10,10,base_model.model.model.layers.22.self_attn.v_proj.lora_magnitude_vector,22,v_proj,F32,False,0.0,0.0,0.0,0.0
fp32-magnitude,10,50,base_model.model.model.layers.22.self_attn.v_proj.lora_magnitude_vector,22,v_proj,F32,True,1.0,0.0004075376782566309,0.0007233000690101383,0.0010144710540771484
fp32-magnitude,10,100,base_model.model.model.layers.22.self_attn.v_proj.lora_magnitude_vector,22,v_proj,F32,True,1.0,0.0005889023304916918,0.0011055888721727527,0.002674996852874756
fp32-magnitude,10,200,base_model.model.model.layers.22.self_attn.v_proj.lora_magnitude_vector,22,v_proj,F32,True,1.0,0.000893869437277317,0.0017499243218491584,0.004881024360656738
fp32-magnitude,10,500,base_model.model.model.layers.22.self_attn.v_proj.lora_magnitude_vector,22,v_proj,F32,True,1.0,0.0013935333699919283,0.002749417172743448,0.006284534931182861
fp32-magnitude,10,1000,base_model.model.model.layers.22.self_attn.v_proj.lora_magnitude_vector,22,v_proj,F32,True,1.0,0.001871551969088614,0.0036061492660002343,0.009616255760192871
fp32-magnitude,10,2000,base_model.model.model.layers.22.self_attn.v_proj.lora_magnitude_vector,22,v_proj,F32,True,1.0,0.002018497179960832,0.003938760839603704,0.010228216648101807
fp32-magnitude,10,10,base_model.model.model.layers.23.mlp.down_proj.lora_magnitude_vector,23,down_proj,F32,False,0.0,0.0,0.0,0.0
fp32-magnitude,10,50,base_model.model.model.layers.23.mlp.down_proj.lora_magnitude_vector,23,down_proj,F32,True,1.0,0.0004100082951481454,0.00037242213507712377,0.0010958313941955566
fp32-magnitude,10,100,base_model.model.model.layers.23.mlp.down_proj.lora_magnitude_vector,23,down_proj,F32,True,1.0,0.0005795104007120244,0.000555844358874332,0.0024424195289611816
fp32-magnitude,10,200,base_model.model.model.layers.23.mlp.down_proj.lora_magnitude_vector,23,down_proj,F32,True,1.0,0.0008676775760250166,0.0008584589010302147,0.004110097885131836
fp32-magnitude,10,500,base_model.model.model.layers.23.mlp.down_proj.lora_magnitude_vector,23,down_proj,F32,True,1.0,0.0013955996837466955,0.001382850358215211,0.0067855119705200195
fp32-magnitude,10,1000,base_model.model.model.layers.23.mlp.down_proj.lora_magnitude_vector,23,down_proj,F32,True,1.0,0.0018141596083296463,0.0017925877129546426,0.008961677551269531
fp32-magnitude,10,2000,base_model.model.model.layers.23.mlp.down_proj.lora_magnitude_vector,23,down_proj,F32,True,1.0,0.002009222822380252,0.0019857642500594073,0.00903332233428955
fp32-magnitude,10,10,base_model.model.model.layers.23.mlp.up_proj.lora_magnitude_vector,23,up_proj,F32,False,0.0,0.0,0.0,0.0
fp32-magnitude,10,50,base_model.model.model.layers.23.mlp.up_proj.lora_magnitude_vector,23,up_proj,F32,True,0.9999302455357143,0.00039694307322081713,0.0006812463126508284,0.00112074613571167
fp32-magnitude,10,100,base_model.model.model.layers.23.mlp.up_proj.lora_magnitude_vector,23,up_proj,F32,True,0.9999302455357143,0.0005842859827680513,0.0010507804944029763,0.0034204721450805664
fp32-magnitude,10,200,base_model.model.model.layers.23.mlp.up_proj.lora_magnitude_vector,23,up_proj,F32,True,0.9999302455357143,0.0008974496034040515,0.001668653128527937,0.005602478981018066
fp32-magnitude,10,500,base_model.model.model.layers.23.mlp.up_proj.lora_magnitude_vector,23,up_proj,F32,True,1.0,0.001414213383603575,0.0026543378452016813,0.00906461477279663
fp32-magnitude,10,1000,base_model.model.model.layers.23.mlp.up_proj.lora_magnitude_vector,23,up_proj,F32,True,1.0,0.0018385903344356588,0.0034355948365814527,0.010178089141845703
fp32-magnitude,10,2000,base_model.model.model.layers.23.mlp.up_proj.lora_magnitude_vector,23,up_proj,F32,True,1.0,0.002021021714816535,0.003779112219666406,0.01067131757736206
fp32-magnitude,10,10,base_model.model.model.layers.23.self_attn.k_proj.lora_magnitude_vector,23,k_proj,F32,False,0.0,0.0,0.0,0.0
fp32-magnitude,10,50,base_model.model.model.layers.23.self_attn.k_proj.lora_magnitude_vector,23,k_proj,F32,True,1.0,0.0004026069073006511,0.00028805183840223934,0.0009591579437255859
fp32-magnitude,10,100,base_model.model.model.layers.23.self_attn.k_proj.lora_magnitude_vector,23,k_proj,F32,True,1.0,0.0005627385689876974,0.0004176600093192294,0.0023053884506225586
fp32-magnitude,10,200,base_model.model.model.layers.23.self_attn.k_proj.lora_magnitude_vector,23,k_proj,F32,True,1.0,0.0008530850464012474,0.0006628679921118904,0.0037511587142944336
fp32-magnitude,10,500,base_model.model.model.layers.23.self_attn.k_proj.lora_magnitude_vector,23,k_proj,F32,True,1.0,0.001323016913374886,0.0010363043527471636,0.006115436553955078
fp32-magnitude,10,1000,base_model.model.model.layers.23.self_attn.k_proj.lora_magnitude_vector,23,k_proj,F32,True,1.0,0.0016634985513519496,0.001319953369309072,0.007274508476257324
fp32-magnitude,10,2000,base_model.model.model.layers.23.self_attn.k_proj.lora_magnitude_vector,23,k_proj,F32,True,1.0,0.0018165251531172544,0.0014361352215957427,0.00874173641204834
fp32-magnitude,10,10,base_model.model.model.layers.23.self_attn.q_proj.lora_magnitude_vector,23,q_proj,F32,False,0.0,0.0,0.0,0.0
fp32-magnitude,10,50,base_model.model.model.layers.23.self_attn.q_proj.lora_magnitude_vector,23,q_proj,F32,True,1.0,0.0003782209096243605,0.000416287485785582,0.001028299331665039
fp32-magnitude,10,100,base_model.model.model.layers.23.self_attn.q_proj.lora_magnitude_vector,23,q_proj,F32,True,1.0,0.0005661414616042748,0.0006518602619814403,0.0025606155395507812
fp32-magnitude,10,200,base_model.model.model.layers.23.self_attn.q_proj.lora_magnitude_vector,23,q_proj,F32,True,1.0,0.0008712473718333058,0.0010328618840224355,0.004953861236572266
fp32-magnitude,10,500,base_model.model.model.layers.23.self_attn.q_proj.lora_magnitude_vector,23,q_proj,F32,True,1.0,0.0013387508952291682,0.0016106131338127548,0.0070993900299072266
fp32-magnitude,10,1000,base_model.model.model.layers.23.self_attn.q_proj.lora_magnitude_vector,23,q_proj,F32,True,1.0,0.0017120865268225316,0.0020593211799023754,0.008406996726989746
fp32-magnitude,10,2000,base_model.model.model.layers.23.self_attn.q_proj.lora_magnitude_vector,23,q_proj,F32,True,1.0,0.0018514894582040142,0.0022304211252902567,0.009389042854309082
fp32-magnitude,10,10,base_model.model.model.layers.23.self_attn.v_proj.lora_magnitude_vector,23,v_proj,F32,False,0.0,0.0,0.0,0.0
fp32-magnitude,10,50,base_model.model.model.layers.23.self_attn.v_proj.lora_magnitude_vector,23,v_proj,F32,True,1.0,0.00040711808833293617,0.0006856936707537798,0.000963747501373291
fp32-magnitude,10,100,base_model.model.model.layers.23.self_attn.v_proj.lora_magnitude_vector,23,v_proj,F32,True,1.0,0.0005931046034675092,0.0010542810419574764,0.002291440963745117
fp32-magnitude,10,200,base_model.model.model.layers.23.self_attn.v_proj.lora_magnitude_vector,23,v_proj,F32,True,1.0,0.0009090941457543522,0.0016604860691421413,0.003909289836883545
fp32-magnitude,10,500,base_model.model.model.layers.23.self_attn.v_proj.lora_magnitude_vector,23,v_proj,F32,True,1.0,0.00143294213921763,0.0026382202375171532,0.005600452423095703
fp32-magnitude,10,1000,base_model.model.model.layers.23.self_attn.v_proj.lora_magnitude_vector,23,v_proj,F32,True,1.0,0.0018400343251414597,0.003393332508554874,0.009117305278778076
fp32-magnitude,10,2000,base_model.model.model.layers.23.self_attn.v_proj.lora_magnitude_vector,23,v_proj,F32,True,1.0,0.002003392030019313,0.003734534227024772,0.010027289390563965
fp32-magnitude,10,10,base_model.model.model.layers.24.mlp.down_proj.lora_magnitude_vector,24,down_proj,F32,False,0.0,0.0,0.0,0.0
fp32-magnitude,10,50,base_model.model.model.layers.24.mlp.down_proj.lora_magnitude_vector,24,down_proj,F32,True,1.0,0.00040497825102647766,0.0003680924378884983,0.001050710678100586
fp32-magnitude,10,100,base_model.model.model.layers.24.mlp.down_proj.lora_magnitude_vector,24,down_proj,F32,True,1.0,0.0005734251244575717,0.0005478273235095832,0.00240480899810791
fp32-magnitude,10,200,base_model.model.model.layers.24.mlp.down_proj.lora_magnitude_vector,24,down_proj,F32,True,1.0,0.0008801458752714097,0.0008619786043839237,0.004353165626525879
fp32-magnitude,10,500,base_model.model.model.layers.24.mlp.down_proj.lora_magnitude_vector,24,down_proj,F32,True,1.0,0.0014068001255509444,0.0013905427693879726,0.006201267242431641
fp32-magnitude,10,1000,base_model.model.model.layers.24.mlp.down_proj.lora_magnitude_vector,24,down_proj,F32,True,1.0,0.0017992932189372368,0.00177740077712476,0.008262038230895996
fp32-magnitude,10,2000,base_model.model.model.layers.24.mlp.down_proj.lora_magnitude_vector,24,down_proj,F32,True,1.0,0.0019736813992494717,0.0019511620931325594,0.009335041046142578
fp32-magnitude,10,10,base_model.model.model.layers.24.mlp.up_proj.lora_magnitude_vector,24,up_proj,F32,False,0.0,0.0,0.0,0.0
fp32-magnitude,10,50,base_model.model.model.layers.24.mlp.up_proj.lora_magnitude_vector,24,up_proj,F32,True,0.9999302455357143,0.0004005419302432399,0.0006838937217023451,0.0011749267578125
fp32-magnitude,10,100,base_model.model.model.layers.24.mlp.up_proj.lora_magnitude_vector,24,up_proj,F32,True,0.9999302455357143,0.0005781733759379547,0.0010381965226317928,0.0027467012405395508
fp32-magnitude,10,200,base_model.model.model.layers.24.mlp.up_proj.lora_magnitude_vector,24,up_proj,F32,True,1.0,0.0008854896233450356,0.0016406334730442805,0.004721581935882568
fp32-magnitude,10,500,base_model.model.model.layers.24.mlp.up_proj.lora_magnitude_vector,24,up_proj,F32,True,1.0,0.0014243549043645284,0.0026482507800942826,0.008276879787445068
fp32-magnitude,10,1000,base_model.model.model.layers.24.mlp.up_proj.lora_magnitude_vector,24,up_proj,F32,True,1.0,0.001852098646590353,0.0034423192713050168,0.0095633864402771
fp32-magnitude,10,2000,base_model.model.model.layers.24.mlp.up_proj.lora_magnitude_vector,24,up_proj,F32,True,1.0,0.0020346165609745575,0.003775702191725265,0.011232435703277588
fp32-magnitude,10,10,base_model.model.model.layers.24.self_attn.k_proj.lora_magnitude_vector,24,k_proj,F32,False,0.0,0.0,0.0,0.0
fp32-magnitude,10,50,base_model.model.model.layers.24.self_attn.k_proj.lora_magnitude_vector,24,k_proj,F32,True,1.0,0.0004405334184411913,0.00032800355275523795,0.0010563135147094727
fp32-magnitude,10,100,base_model.model.model.layers.24.self_attn.k_proj.lora_magnitude_vector,24,k_proj,F32,True,1.0,0.0005950519698671997,0.0004685933986683633,0.00228273868560791
fp32-magnitude,10,200,base_model.model.model.layers.24.self_attn.k_proj.lora_magnitude_vector,24,k_proj,F32,True,1.0,0.0008756682509556413,0.0007124743577660721,0.0034960508346557617
fp32-magnitude,10,500,base_model.model.model.layers.24.self_attn.k_proj.lora_magnitude_vector,24,k_proj,F32,True,1.0,0.0013254910591058433,0.0010960333360336319,0.006593823432922363
fp32-magnitude,10,1000,base_model.model.model.layers.24.self_attn.k_proj.lora_magnitude_vector,24,k_proj,F32,True,1.0,0.0016017886227928102,0.0013411178392817055,0.007984161376953125
fp32-magnitude,10,2000,base_model.model.model.layers.24.self_attn.k_proj.lora_magnitude_vector,24,k_proj,F32,True,1.0,0.0018291771702934057,0.0015130475986287748,0.009105086326599121
fp32-magnitude,10,10,base_model.model.model.layers.24.self_attn.q_proj.lora_magnitude_vector,24,q_proj,F32,False,0.0,0.0,0.0,0.0
fp32-magnitude,10,50,base_model.model.model.layers.24.self_attn.q_proj.lora_magnitude_vector,24,q_proj,F32,True,1.0,0.00040525927033741027,0.0004548463078983514,0.0011200904846191406
fp32-magnitude,10,100,base_model.model.model.layers.24.self_attn.q_proj.lora_magnitude_vector,24,q_proj,F32,True,1.0,0.0005889114036108367,0.0006916733499205282,0.002558469772338867
fp32-magnitude,10,200,base_model.model.model.layers.24.self_attn.q_proj.lora_magnitude_vector,24,q_proj,F32,True,1.0,0.0008888444499461912,0.0010679471377675026,0.0042313337326049805
fp32-magnitude,10,500,base_model.model.model.layers.24.self_attn.q_proj.lora_magnitude_vector,24,q_proj,F32,True,1.0,0.0013427140947896987,0.001646959611307207,0.006917238235473633
fp32-magnitude,10,1000,base_model.model.model.layers.24.self_attn.q_proj.lora_magnitude_vector,24,q_proj,F32,True,1.0,0.001710079966869671,0.002083531185350422,0.009079337120056152
fp32-magnitude,10,2000,base_model.model.model.layers.24.self_attn.q_proj.lora_magnitude_vector,24,q_proj,F32,True,1.0,0.0018752757532638498,0.002286233621896932,0.010614275932312012
fp32-magnitude,10,10,base_model.model.model.layers.24.self_attn.v_proj.lora_magnitude_vector,24,v_proj,F32,False,0.0,0.0,0.0,0.0
fp32-magnitude,10,50,base_model.model.model.layers.24.self_attn.v_proj.lora_magnitude_vector,24,v_proj,F32,True,1.0,0.00043160151108168066,0.0006618478501664041,0.0010560154914855957
fp32-magnitude,10,100,base_model.model.model.layers.24.self_attn.v_proj.lora_magnitude_vector,24,v_proj,F32,True,1.0,0.000628289912128821,0.0010153455918423518,0.0023967623710632324
fp32-magnitude,10,200,base_model.model.model.layers.24.self_attn.v_proj.lora_magnitude_vector,24,v_proj,F32,True,1.0,0.0009524766355752945,0.0015988216221991649,0.005487263202667236
fp32-magnitude,10,500,base_model.model.model.layers.24.self_attn.v_proj.lora_magnitude_vector,24,v_proj,F32,True,1.0,0.0014494963979814202,0.0024329681716517516,0.006404280662536621
fp32-magnitude,10,1000,base_model.model.model.layers.24.self_attn.v_proj.lora_magnitude_vector,24,v_proj,F32,True,1.0,0.0018673845625016838,0.0031322742182922627,0.007634103298187256
fp32-magnitude,10,2000,base_model.model.model.layers.24.self_attn.v_proj.lora_magnitude_vector,24,v_proj,F32,True,1.0,0.00201971922069788,0.003411322564497527,0.009033203125
fp32-magnitude,10,10,base_model.model.model.layers.25.mlp.down_proj.lora_magnitude_vector,25,down_proj,F32,False,0.0,0.0,0.0,0.0
fp32-magnitude,10,50,base_model.model.model.layers.25.mlp.down_proj.lora_magnitude_vector,25,down_proj,F32,True,0.999755859375,0.0004131542154937051,0.0003706319220745982,0.0010734796524047852
fp32-magnitude,10,100,base_model.model.model.layers.25.mlp.down_proj.lora_magnitude_vector,25,down_proj,F32,True,0.999755859375,0.0005851040768902749,0.0005474512601162852,0.0020290613174438477
fp32-magnitude,10,200,base_model.model.model.layers.25.mlp.down_proj.lora_magnitude_vector,25,down_proj,F32,True,1.0,0.0008883988848538138,0.0008626117941479147,0.004189133644104004
fp32-magnitude,10,500,base_model.model.model.layers.25.mlp.down_proj.lora_magnitude_vector,25,down_proj,F32,True,1.0,0.0014028695150045678,0.0013708597325022152,0.007186412811279297
fp32-magnitude,10,1000,base_model.model.model.layers.25.mlp.down_proj.lora_magnitude_vector,25,down_proj,F32,True,1.0,0.0018323997428524308,0.0018017947362043952,0.008374452590942383
fp32-magnitude,10,2000,base_model.model.model.layers.25.mlp.down_proj.lora_magnitude_vector,25,down_proj,F32,True,1.0,0.002016115642618388,0.0019689269993750976,0.009517908096313477
fp32-magnitude,10,10,base_model.model.model.layers.25.mlp.up_proj.lora_magnitude_vector,25,up_proj,F32,False,0.0,0.0,0.0,0.0
fp32-magnitude,10,50,base_model.model.model.layers.25.mlp.up_proj.lora_magnitude_vector,25,up_proj,F32,True,1.0,0.0003997657206907336,0.0006781742672012735,0.0010730624198913574
fp32-magnitude,10,100,base_model.model.model.layers.25.mlp.up_proj.lora_magnitude_vector,25,up_proj,F32,True,0.9999302455357143,0.0005797463340318895,0.0010306032145722122,0.004432320594787598
fp32-magnitude,10,200,base_model.model.model.layers.25.mlp.up_proj.lora_magnitude_vector,25,up_proj,F32,True,1.0,0.0008846325093015496,0.0016219758437742264,0.006108760833740234
fp32-magnitude,10,500,base_model.model.model.layers.25.mlp.up_proj.lora_magnitude_vector,25,up_proj,F32,True,0.9999302455357143,0.0014019143314466678,0.0025905891083747457,0.009584307670593262
fp32-magnitude,10,1000,base_model.model.model.layers.25.mlp.up_proj.lora_magnitude_vector,25,up_proj,F32,True,1.0,0.0018367089318676985,0.00338755699786224,0.012343108654022217
fp32-magnitude,10,2000,base_model.model.model.layers.25.mlp.up_proj.lora_magnitude_vector,25,up_proj,F32,True,0.9999302455357143,0.0020251515442006557,0.0037283698753620732,0.01433342695236206
fp32-magnitude,10,10,base_model.model.model.layers.25.self_attn.k_proj.lora_magnitude_vector,25,k_proj,F32,False,0.0,0.0,0.0,0.0
fp32-magnitude,10,50,base_model.model.model.layers.25.self_attn.k_proj.lora_magnitude_vector,25,k_proj,F32,True,1.0,0.000415538641391322,0.0003196151427026053,0.001038193702697754
fp32-magnitude,10,100,base_model.model.model.layers.25.self_attn.k_proj.lora_magnitude_vector,25,k_proj,F32,True,1.0,0.0006171490240376443,0.0004904441557099887,0.0022350549697875977
fp32-magnitude,10,200,base_model.model.model.layers.25.self_attn.k_proj.lora_magnitude_vector,25,k_proj,F32,True,1.0,0.0008753529982641339,0.0007179264773386174,0.0037637948989868164
fp32-magnitude,10,500,base_model.model.model.layers.25.self_attn.k_proj.lora_magnitude_vector,25,k_proj,F32,True,1.0,0.0013205293798819184,0.0011134128100296172,0.008240342140197754
fp32-magnitude,10,1000,base_model.model.model.layers.25.self_attn.k_proj.lora_magnitude_vector,25,k_proj,F32,True,1.0,0.0016929298581089824,0.001454432039269776,0.013752102851867676
fp32-magnitude,10,2000,base_model.model.model.layers.25.self_attn.k_proj.lora_magnitude_vector,25,k_proj,F32,True,1.0,0.0018921402224805206,0.0016333599443227472,0.015606522560119629
fp32-magnitude,10,10,base_model.model.model.layers.25.self_attn.q_proj.lora_magnitude_vector,25,q_proj,F32,False,0.0,0.0,0.0,0.0
fp32-magnitude,10,50,base_model.model.model.layers.25.self_attn.q_proj.lora_magnitude_vector,25,q_proj,F32,True,1.0,0.0004210204861010425,0.0004768609120990649,0.0011867284774780273
fp32-magnitude,10,100,base_model.model.model.layers.25.self_attn.q_proj.lora_magnitude_vector,25,q_proj,F32,True,1.0,0.0006071287498343736,0.0007178074702902388,0.002968430519104004
fp32-magnitude,10,200,base_model.model.model.layers.25.self_attn.q_proj.lora_magnitude_vector,25,q_proj,F32,True,1.0,0.0008737580646993592,0.001074559251155447,0.0046710968017578125
fp32-magnitude,10,500,base_model.model.model.layers.25.self_attn.q_proj.lora_magnitude_vector,25,q_proj,F32,True,1.0,0.0013473641447490081,0.0017141662314215183,0.010558605194091797
fp32-magnitude,10,1000,base_model.model.model.layers.25.self_attn.q_proj.lora_magnitude_vector,25,q_proj,F32,True,1.0,0.0017140250056399964,0.0021818647703274814,0.015706181526184082
fp32-magnitude,10,2000,base_model.model.model.layers.25.self_attn.q_proj.lora_magnitude_vector,25,q_proj,F32,True,1.0,0.0018717092243605293,0.0023855788285891406,0.01777517795562744
fp32-magnitude,10,10,base_model.model.model.layers.25.self_attn.v_proj.lora_magnitude_vector,25,v_proj,F32,False,0.0,0.0,0.0,0.0
fp32-magnitude,10,50,base_model.model.model.layers.25.self_attn.v_proj.lora_magnitude_vector,25,v_proj,F32,True,1.0,0.0004350621602497995,0.0006614151390298479,0.0011451244354248047
fp32-magnitude,10,100,base_model.model.model.layers.25.self_attn.v_proj.lora_magnitude_vector,25,v_proj,F32,True,1.0,0.0006354785291478038,0.0010254930738212576,0.0023683905601501465
fp32-magnitude,10,200,base_model.model.model.layers.25.self_attn.v_proj.lora_magnitude_vector,25,v_proj,F32,True,1.0,0.0009470600343775004,0.0015857644058518952,0.004002213478088379
fp32-magnitude,10,500,base_model.model.model.layers.25.self_attn.v_proj.lora_magnitude_vector,25,v_proj,F32,True,1.0,0.0014189235516823828,0.0023800994803375424,0.0067154765129089355
fp32-magnitude,10,1000,base_model.model.model.layers.25.self_attn.v_proj.lora_magnitude_vector,25,v_proj,F32,True,1.0,0.0018078111752402037,0.0030521099625127443,0.008955538272857666
fp32-magnitude,10,2000,base_model.model.model.layers.25.self_attn.v_proj.lora_magnitude_vector,25,v_proj,F32,True,1.0,0.0020151049830019474,0.0033802719699187237,0.010088801383972168
fp32-magnitude,10,10,base_model.model.model.layers.26.mlp.down_proj.lora_magnitude_vector,26,down_proj,F32,False,0.0,0.0,0.0,0.0
fp32-magnitude,10,50,base_model.model.model.layers.26.mlp.down_proj.lora_magnitude_vector,26,down_proj,F32,True,1.0,0.00040928550879471004,0.0003647989424599335,0.0011368989944458008
fp32-magnitude,10,100,base_model.model.model.layers.26.mlp.down_proj.lora_magnitude_vector,26,down_proj,F32,True,1.0,0.0005716671366826631,0.0005331028783826508,0.00205075740814209
fp32-magnitude,10,200,base_model.model.model.layers.26.mlp.down_proj.lora_magnitude_vector,26,down_proj,F32,True,1.0,0.0008749224798521027,0.0008441430860793604,0.004169821739196777
fp32-magnitude,10,500,base_model.model.model.layers.26.mlp.down_proj.lora_magnitude_vector,26,down_proj,F32,True,0.999755859375,0.0013988230712129734,0.0013616969417194074,0.006481051445007324
fp32-magnitude,10,1000,base_model.model.model.layers.26.mlp.down_proj.lora_magnitude_vector,26,down_proj,F32,True,1.0,0.0018146804650314152,0.0017590912336855878,0.008601903915405273
fp32-magnitude,10,2000,base_model.model.model.layers.26.mlp.down_proj.lora_magnitude_vector,26,down_proj,F32,True,1.0,0.002001838518481236,0.0019401557693335906,0.010237574577331543
fp32-magnitude,10,10,base_model.model.model.layers.26.mlp.up_proj.lora_magnitude_vector,26,up_proj,F32,False,0.0,0.0,0.0,0.0
fp32-magnitude,10,50,base_model.model.model.layers.26.mlp.up_proj.lora_magnitude_vector,26,up_proj,F32,True,1.0,0.0003961766030572887,0.0006676933789385974,0.00125044584274292
fp32-magnitude,10,100,base_model.model.model.layers.26.mlp.up_proj.lora_magnitude_vector,26,up_proj,F32,True,0.9999302455357143,0.0005734338587249763,0.0010126727890150662,0.004244744777679443
fp32-magnitude,10,200,base_model.model.model.layers.26.mlp.up_proj.lora_magnitude_vector,26,up_proj,F32,True,1.0,0.0008874348152728219,0.0016188272085323296,0.005015552043914795
fp32-magnitude,10,500,base_model.model.model.layers.26.mlp.up_proj.lora_magnitude_vector,26,up_proj,F32,True,1.0,0.0014120428698203927,0.0025816702023762667,0.007860660552978516
fp32-magnitude,10,1000,base_model.model.model.layers.26.mlp.up_proj.lora_magnitude_vector,26,up_proj,F32,True,1.0,0.0018413220054104126,0.0033524783446503073,0.01011812686920166
fp32-magnitude,10,2000,base_model.model.model.layers.26.mlp.up_proj.lora_magnitude_vector,26,up_proj,F32,True,1.0,0.0020228982819909497,0.0036855972031749756,0.010902047157287598
fp32-magnitude,10,10,base_model.model.model.layers.26.self_attn.k_proj.lora_magnitude_vector,26,k_proj,F32,False,0.0,0.0,0.0,0.0
fp32-magnitude,10,50,base_model.model.model.layers.26.self_attn.k_proj.lora_magnitude_vector,26,k_proj,F32,True,1.0,0.00043460019514895976,0.00031983655889651066,0.0011538267135620117
fp32-magnitude,10,100,base_model.model.model.layers.26.self_attn.k_proj.lora_magnitude_vector,26,k_proj,F32,True,1.0,0.0006402699800673872,0.0004991092321972594,0.0024580955505371094
fp32-magnitude,10,200,base_model.model.model.layers.26.self_attn.k_proj.lora_magnitude_vector,26,k_proj,F32,True,1.0,0.000922880630241707,0.0007375205222884605,0.0038340091705322266
fp32-magnitude,10,500,base_model.model.model.layers.26.self_attn.k_proj.lora_magnitude_vector,26,k_proj,F32,True,0.9990234375,0.0013578241632785648,0.0010906492924899968,0.006464838981628418
fp32-magnitude,10,1000,base_model.model.model.layers.26.self_attn.k_proj.lora_magnitude_vector,26,k_proj,F32,True,1.0,0.0017213583923876286,0.0013771058336801089,0.008234620094299316
fp32-magnitude,10,2000,base_model.model.model.layers.26.self_attn.k_proj.lora_magnitude_vector,26,k_proj,F32,True,1.0,0.0019379031436983496,0.0015503075903497171,0.010182380676269531
fp32-magnitude,10,10,base_model.model.model.layers.26.self_attn.q_proj.lora_magnitude_vector,26,q_proj,F32,False,0.0,0.0,0.0,0.0
fp32-magnitude,10,50,base_model.model.model.layers.26.self_attn.q_proj.lora_magnitude_vector,26,q_proj,F32,True,1.0,0.00041294249240309,0.00046796336738377396,0.0012898445129394531
fp32-magnitude,10,100,base_model.model.model.layers.26.self_attn.q_proj.lora_magnitude_vector,26,q_proj,F32,True,1.0,0.0006110395552241243,0.0007245674620693505,0.0027881860733032227
fp32-magnitude,10,200,base_model.model.model.layers.26.self_attn.q_proj.lora_magnitude_vector,26,q_proj,F32,True,1.0,0.0008813810491119511,0.0010760121695682211,0.004645049571990967
fp32-magnitude,10,500,base_model.model.model.layers.26.self_attn.q_proj.lora_magnitude_vector,26,q_proj,F32,True,1.0,0.0013876136144972406,0.001699989486092766,0.007401585578918457
fp32-magnitude,10,1000,base_model.model.model.layers.26.self_attn.q_proj.lora_magnitude_vector,26,q_proj,F32,True,1.0,0.0017248701697099023,0.002115644697862648,0.00906825065612793
fp32-magnitude,10,2000,base_model.model.model.layers.26.self_attn.q_proj.lora_magnitude_vector,26,q_proj,F32,True,1.0,0.0019364641993888654,0.0023715809634747478,0.01047581434249878
fp32-magnitude,10,10,base_model.model.model.layers.26.self_attn.v_proj.lora_magnitude_vector,26,v_proj,F32,False,0.0,0.0,0.0,0.0
fp32-magnitude,10,50,base_model.model.model.layers.26.self_attn.v_proj.lora_magnitude_vector,26,v_proj,F32,True,1.0,0.00043690044549293816,0.0006306030178938052,0.001131296157836914
fp32-magnitude,10,100,base_model.model.model.layers.26.self_attn.v_proj.lora_magnitude_vector,26,v_proj,F32,True,1.0,0.0006471120286732912,0.0009833081903038656,0.00295943021774292
fp32-magnitude,10,200,base_model.model.model.layers.26.self_attn.v_proj.lora_magnitude_vector,26,v_proj,F32,True,1.0,0.0009237891354132444,0.0014630973750311821,0.004255712032318115
fp32-magnitude,10,500,base_model.model.model.layers.26.self_attn.v_proj.lora_magnitude_vector,26,v_proj,F32,True,1.0,0.0014018289220985025,0.002272822143398103,0.006361782550811768
fp32-magnitude,10,1000,base_model.model.model.layers.26.self_attn.v_proj.lora_magnitude_vector,26,v_proj,F32,True,1.0,0.001831556553952396,0.0029369472642268232,0.008342206478118896
fp32-magnitude,10,2000,base_model.model.model.layers.26.self_attn.v_proj.lora_magnitude_vector,26,v_proj,F32,True,1.0,0.0019823252223432064,0.00317871643421144,0.008603394031524658
fp32-magnitude,10,10,base_model.model.model.layers.27.mlp.down_proj.lora_magnitude_vector,27,down_proj,F32,False,0.0,0.0,0.0,0.0
fp32-magnitude,10,50,base_model.model.model.layers.27.mlp.down_proj.lora_magnitude_vector,27,down_proj,F32,True,1.0,0.0004073968666489236,0.0003583339765477591,0.0011116266250610352
fp32-magnitude,10,100,base_model.model.model.layers.27.mlp.down_proj.lora_magnitude_vector,27,down_proj,F32,True,1.0,0.0005870987442904152,0.0005449095626700836,0.002214193344116211
fp32-magnitude,10,200,base_model.model.model.layers.27.mlp.down_proj.lora_magnitude_vector,27,down_proj,F32,True,1.0,0.0009089971645153128,0.0008727755412023347,0.005458712577819824
fp32-magnitude,10,500,base_model.model.model.layers.27.mlp.down_proj.lora_magnitude_vector,27,down_proj,F32,True,1.0,0.0014110508709563874,0.0013638141130036005,0.006264448165893555
fp32-magnitude,10,1000,base_model.model.model.layers.27.mlp.down_proj.lora_magnitude_vector,27,down_proj,F32,True,0.999755859375,0.0018245458923047408,0.001759156292549779,0.008184075355529785
fp32-magnitude,10,2000,base_model.model.model.layers.27.mlp.down_proj.lora_magnitude_vector,27,down_proj,F32,True,1.0,0.001994543199543841,0.0019245215656294515,0.009545564651489258
fp32-magnitude,10,10,base_model.model.model.layers.27.mlp.up_proj.lora_magnitude_vector,27,up_proj,F32,False,0.0,0.0,0.0,0.0
fp32-magnitude,10,50,base_model.model.model.layers.27.mlp.up_proj.lora_magnitude_vector,27,up_proj,F32,True,1.0,0.0003995373346177595,0.0006625829290192763,0.0011850595474243164
fp32-magnitude,10,100,base_model.model.model.layers.27.mlp.up_proj.lora_magnitude_vector,27,up_proj,F32,True,1.0,0.0005815547441930643,0.00101408375833333,0.004432082176208496
fp32-magnitude,10,200,base_model.model.model.layers.27.mlp.up_proj.lora_magnitude_vector,27,up_proj,F32,True,1.0,0.0008910634164099715,0.0016013208716497893,0.005981802940368652
fp32-magnitude,10,500,base_model.model.model.layers.27.mlp.up_proj.lora_magnitude_vector,27,up_proj,F32,True,1.0,0.0014246126582812785,0.00258211693960306,0.009624898433685303
fp32-magnitude,10,1000,base_model.model.model.layers.27.mlp.up_proj.lora_magnitude_vector,27,up_proj,F32,True,1.0,0.0018543683025719865,0.003357378225924485,0.012042641639709473
fp32-magnitude,10,2000,base_model.model.model.layers.27.mlp.up_proj.lora_magnitude_vector,27,up_proj,F32,True,0.9999302455357143,0.0020323222478119923,0.003676913880697008,0.013150334358215332
fp32-magnitude,10,10,base_model.model.model.layers.27.self_attn.k_proj.lora_magnitude_vector,27,k_proj,F32,False,0.0,0.0,0.0,0.0
fp32-magnitude,10,50,base_model.model.model.layers.27.self_attn.k_proj.lora_magnitude_vector,27,k_proj,F32,True,1.0,0.00040750400512479246,0.0003044869344906894,0.0010821819305419922
fp32-magnitude,10,100,base_model.model.model.layers.27.self_attn.k_proj.lora_magnitude_vector,27,k_proj,F32,True,1.0,0.0006111805560067296,0.0004806930949721904,0.0028753280639648438
fp32-magnitude,10,200,base_model.model.model.layers.27.self_attn.k_proj.lora_magnitude_vector,27,k_proj,F32,True,1.0,0.0009210004645865411,0.0007701520175986626,0.007303118705749512
fp32-magnitude,10,500,base_model.model.model.layers.27.self_attn.k_proj.lora_magnitude_vector,27,k_proj,F32,True,1.0,0.0013879798352718353,0.0011348066165187737,0.006827354431152344
fp32-magnitude,10,1000,base_model.model.model.layers.27.self_attn.k_proj.lora_magnitude_vector,27,k_proj,F32,True,1.0,0.0018314916815143079,0.0014825225129192242,0.008173108100891113
fp32-magnitude,10,2000,base_model.model.model.layers.27.self_attn.k_proj.lora_magnitude_vector,27,k_proj,F32,True,1.0,0.002008964424021542,0.0016176543212865556,0.008500933647155762
fp32-magnitude,10,10,base_model.model.model.layers.27.self_attn.q_proj.lora_magnitude_vector,27,q_proj,F32,False,0.0,0.0,0.0,0.0
fp32-magnitude,10,50,base_model.model.model.layers.27.self_attn.q_proj.lora_magnitude_vector,27,q_proj,F32,True,1.0,0.0003941339600714855,0.0004562982623801789,0.0011782646179199219
fp32-magnitude,10,100,base_model.model.model.layers.27.self_attn.q_proj.lora_magnitude_vector,27,q_proj,F32,True,1.0,0.0005894092864764389,0.0007128728870002256,0.0033222436904907227
fp32-magnitude,10,200,base_model.model.model.layers.27.self_attn.q_proj.lora_magnitude_vector,27,q_proj,F32,True,1.0,0.0009428823432244826,0.0011847281635698117,0.007220268249511719
fp32-magnitude,10,500,base_model.model.model.layers.27.self_attn.q_proj.lora_magnitude_vector,27,q_proj,F32,True,1.0,0.0014279066526796669,0.0017852262609346315,0.008002996444702148
fp32-magnitude,10,1000,base_model.model.model.layers.27.self_attn.q_proj.lora_magnitude_vector,27,q_proj,F32,True,1.0,0.0018432976648909971,0.00232280252695139,0.009552478790283203
fp32-magnitude,10,2000,base_model.model.model.layers.27.self_attn.q_proj.lora_magnitude_vector,27,q_proj,F32,True,1.0,0.0019778675741690677,0.0024884437311241893,0.010224342346191406
fp32-magnitude,10,10,base_model.model.model.layers.27.self_attn.v_proj.lora_magnitude_vector,27,v_proj,F32,False,0.0,0.0,0.0,0.0
fp32-magnitude,10,50,base_model.model.model.layers.27.self_attn.v_proj.lora_magnitude_vector,27,v_proj,F32,True,1.0,0.0003943918854929507,0.0005401289835128984,0.001093745231628418
fp32-magnitude,10,100,base_model.model.model.layers.27.self_attn.v_proj.lora_magnitude_vector,27,v_proj,F32,True,0.9990234375,0.0005947218742221594,0.0008711210258560164,0.0028891563415527344
fp32-magnitude,10,200,base_model.model.model.layers.27.self_attn.v_proj.lora_magnitude_vector,27,v_proj,F32,True,1.0,0.0009849575581029058,0.0014454273802244927,0.005843043327331543
fp32-magnitude,10,500,base_model.model.model.layers.27.self_attn.v_proj.lora_magnitude_vector,27,v_proj,F32,True,1.0,0.0015084155602380633,0.0022302969246280383,0.007460117340087891
fp32-magnitude,10,1000,base_model.model.model.layers.27.self_attn.v_proj.lora_magnitude_vector,27,v_proj,F32,True,1.0,0.001960446301382035,0.002879279970737192,0.008688926696777344
fp32-magnitude,10,2000,base_model.model.model.layers.27.self_attn.v_proj.lora_magnitude_vector,27,v_proj,F32,True,1.0,0.002127729181665927,0.0031328913295464943,0.009481430053710938
fp32-magnitude,10,10,base_model.model.model.layers.28.mlp.down_proj.lora_magnitude_vector,28,down_proj,F32,False,0.0,0.0,0.0,0.0
fp32-magnitude,10,50,base_model.model.model.layers.28.mlp.down_proj.lora_magnitude_vector,28,down_proj,F32,True,1.0,0.00041424683877266943,0.00035608303678093473,0.0010650157928466797
fp32-magnitude,10,100,base_model.model.model.layers.28.mlp.down_proj.lora_magnitude_vector,28,down_proj,F32,True,1.0,0.0006024840695317835,0.0005472548232988599,0.002266526222229004
fp32-magnitude,10,200,base_model.model.model.layers.28.mlp.down_proj.lora_magnitude_vector,28,down_proj,F32,True,1.0,0.0009047861603903584,0.0008550922041080796,0.0047904253005981445
fp32-magnitude,10,500,base_model.model.model.layers.28.mlp.down_proj.lora_magnitude_vector,28,down_proj,F32,True,1.0,0.0014564456723746844,0.0013845484017876559,0.007538557052612305
fp32-magnitude,10,1000,base_model.model.model.layers.28.mlp.down_proj.lora_magnitude_vector,28,down_proj,F32,True,1.0,0.0018694925602176227,0.0017748002572776094,0.009265899658203125
fp32-magnitude,10,2000,base_model.model.model.layers.28.mlp.down_proj.lora_magnitude_vector,28,down_proj,F32,True,0.999755859375,0.002028263967076782,0.0019351884027045971,0.00955188274383545
fp32-magnitude,10,10,base_model.model.model.layers.28.mlp.up_proj.lora_magnitude_vector,28,up_proj,F32,False,0.0,0.0,0.0,0.0
fp32-magnitude,10,50,base_model.model.model.layers.28.mlp.up_proj.lora_magnitude_vector,28,up_proj,F32,True,1.0,0.0004014084074047527,0.0006490600565670943,0.0011885762214660645
fp32-magnitude,10,100,base_model.model.model.layers.28.mlp.up_proj.lora_magnitude_vector,28,up_proj,F32,True,1.0,0.0005934158938803843,0.0010145489072390863,0.0031351447105407715
fp32-magnitude,10,200,base_model.model.model.layers.28.mlp.up_proj.lora_magnitude_vector,28,up_proj,F32,True,1.0,0.0009204279548222465,0.0016253909059308087,0.005792975425720215
fp32-magnitude,10,500,base_model.model.model.layers.28.mlp.up_proj.lora_magnitude_vector,28,up_proj,F32,True,1.0,0.0014562383709874535,0.002579911046052832,0.008816540241241455
fp32-magnitude,10,1000,base_model.model.model.layers.28.mlp.up_proj.lora_magnitude_vector,28,up_proj,F32,True,1.0,0.0018840355998171227,0.003334668665519784,0.011607706546783447
fp32-magnitude,10,2000,base_model.model.model.layers.28.mlp.up_proj.lora_magnitude_vector,28,up_proj,F32,True,1.0,0.0020630649669328704,0.00364137507843102,0.010832667350769043
fp32-magnitude,10,10,base_model.model.model.layers.28.self_attn.k_proj.lora_magnitude_vector,28,k_proj,F32,False,0.0,0.0,0.0,0.0
fp32-magnitude,10,50,base_model.model.model.layers.28.self_attn.k_proj.lora_magnitude_vector,28,k_proj,F32,True,1.0,0.0004149059241171926,0.00032169602739192494,0.0010378360748291016
fp32-magnitude,10,100,base_model.model.model.layers.28.self_attn.k_proj.lora_magnitude_vector,28,k_proj,F32,True,1.0,0.0005806880071759224,0.00048196931904872636,0.002414703369140625
fp32-magnitude,10,200,base_model.model.model.layers.28.self_attn.k_proj.lora_magnitude_vector,28,k_proj,F32,True,1.0,0.0008922608976718038,0.0007748548380646285,0.004288434982299805
fp32-magnitude,10,500,base_model.model.model.layers.28.self_attn.k_proj.lora_magnitude_vector,28,k_proj,F32,True,0.9990234375,0.0013535840553231537,0.0011840162656661353,0.007184147834777832
fp32-magnitude,10,1000,base_model.model.model.layers.28.self_attn.k_proj.lora_magnitude_vector,28,k_proj,F32,True,1.0,0.001738135702908039,0.0015268029993480005,0.00847715139389038
fp32-magnitude,10,2000,base_model.model.model.layers.28.self_attn.k_proj.lora_magnitude_vector,28,k_proj,F32,True,1.0,0.0018652844883035868,0.00162666117105565,0.008682012557983398
fp32-magnitude,10,10,base_model.model.model.layers.28.self_attn.q_proj.lora_magnitude_vector,28,q_proj,F32,False,0.0,0.0,0.0,0.0
fp32-magnitude,10,50,base_model.model.model.layers.28.self_attn.q_proj.lora_magnitude_vector,28,q_proj,F32,True,0.999755859375,0.0003941517170460429,0.0004532144406470707,0.0011339187622070312
fp32-magnitude,10,100,base_model.model.model.layers.28.self_attn.q_proj.lora_magnitude_vector,28,q_proj,F32,True,1.0,0.0006002919653838035,0.0007219450030884592,0.002542853355407715
fp32-magnitude,10,200,base_model.model.model.layers.28.self_attn.q_proj.lora_magnitude_vector,28,q_proj,F32,True,0.99951171875,0.0009328152027592296,0.001155593431005955,0.00454556941986084
fp32-magnitude,10,500,base_model.model.model.layers.28.self_attn.q_proj.lora_magnitude_vector,28,q_proj,F32,True,1.0,0.0013630517260025954,0.0017234902969366233,0.007848978042602539
fp32-magnitude,10,1000,base_model.model.model.layers.28.self_attn.q_proj.lora_magnitude_vector,28,q_proj,F32,True,1.0,0.0017199229696416296,0.0021667964755209177,0.010202288627624512
fp32-magnitude,10,2000,base_model.model.model.layers.28.self_attn.q_proj.lora_magnitude_vector,28,q_proj,F32,True,1.0,0.0018765312033792725,0.00235831451164437,0.011208176612854004
fp32-magnitude,10,10,base_model.model.model.layers.28.self_attn.v_proj.lora_magnitude_vector,28,v_proj,F32,False,0.0,0.0,0.0,0.0
fp32-magnitude,10,50,base_model.model.model.layers.28.self_attn.v_proj.lora_magnitude_vector,28,v_proj,F32,True,1.0,0.0003968266537413001,0.0005180811447349755,0.0010176301002502441
fp32-magnitude,10,100,base_model.model.model.layers.28.self_attn.v_proj.lora_magnitude_vector,28,v_proj,F32,True,1.0,0.0005564647144638002,0.0007678938032110047,0.002027153968811035
fp32-magnitude,10,200,base_model.model.model.layers.28.self_attn.v_proj.lora_magnitude_vector,28,v_proj,F32,True,1.0,0.0008622713503427804,0.0012156230327636144,0.0033265352249145508
fp32-magnitude,10,500,base_model.model.model.layers.28.self_attn.v_proj.lora_magnitude_vector,28,v_proj,F32,True,1.0,0.0014072231715545058,0.0020109622444475163,0.005745530128479004
fp32-magnitude,10,1000,base_model.model.model.layers.28.self_attn.v_proj.lora_magnitude_vector,28,v_proj,F32,True,1.0,0.001822949678171426,0.002602946797673987,0.007438540458679199
fp32-magnitude,10,2000,base_model.model.model.layers.28.self_attn.v_proj.lora_magnitude_vector,28,v_proj,F32,True,1.0,0.0019908244139514863,0.00286086116733565,0.009145379066467285
fp32-magnitude,10,10,base_model.model.model.layers.29.mlp.down_proj.lora_magnitude_vector,29,down_proj,F32,False,0.0,0.0,0.0,0.0
fp32-magnitude,10,50,base_model.model.model.layers.29.mlp.down_proj.lora_magnitude_vector,29,down_proj,F32,True,0.999755859375,0.0004373182018753141,0.00037126409383872564,0.0011752843856811523
fp32-magnitude,10,100,base_model.model.model.layers.29.mlp.down_proj.lora_magnitude_vector,29,down_proj,F32,True,0.999755859375,0.0006460874719778076,0.0005818231733944846,0.0027369260787963867
fp32-magnitude,10,200,base_model.model.model.layers.29.mlp.down_proj.lora_magnitude_vector,29,down_proj,F32,True,0.999755859375,0.0009717943612486124,0.0008955132516253475,0.004119396209716797
fp32-magnitude,10,500,base_model.model.model.layers.29.mlp.down_proj.lora_magnitude_vector,29,down_proj,F32,True,1.0,0.001479686536185909,0.001370360715976585,0.007426619529724121
fp32-magnitude,10,1000,base_model.model.model.layers.29.mlp.down_proj.lora_magnitude_vector,29,down_proj,F32,True,1.0,0.0018628993930178694,0.0017505030218475958,0.009961843490600586
fp32-magnitude,10,2000,base_model.model.model.layers.29.mlp.down_proj.lora_magnitude_vector,29,down_proj,F32,True,1.0,0.0020255232811905444,0.0019107193438145486,0.011330485343933105
fp32-magnitude,10,10,base_model.model.model.layers.29.mlp.up_proj.lora_magnitude_vector,29,up_proj,F32,False,0.0,0.0,0.0,0.0
fp32-magnitude,10,50,base_model.model.model.layers.29.mlp.up_proj.lora_magnitude_vector,29,up_proj,F32,True,0.9999302455357143,0.00039502093152675243,0.0006234955769588791,0.001363992691040039
fp32-magnitude,10,100,base_model.model.model.layers.29.mlp.up_proj.lora_magnitude_vector,29,up_proj,F32,True,1.0,0.0006066486281010189,0.0010100972704536093,0.004961788654327393
fp32-magnitude,10,200,base_model.model.model.layers.29.mlp.up_proj.lora_magnitude_vector,29,up_proj,F32,True,0.9999302455357143,0.0009486278494088245,0.0016259567364582939,0.0064241886138916016
fp32-magnitude,10,500,base_model.model.model.layers.29.mlp.up_proj.lora_magnitude_vector,29,up_proj,F32,True,1.0,0.0014970018777863256,0.0025716894937496755,0.008809089660644531
fp32-magnitude,10,1000,base_model.model.model.layers.29.mlp.up_proj.lora_magnitude_vector,29,up_proj,F32,True,1.0,0.001920535570077066,0.0032887047077993854,0.012571513652801514
fp32-magnitude,10,2000,base_model.model.model.layers.29.mlp.up_proj.lora_magnitude_vector,29,up_proj,F32,True,1.0,0.0021027694165240973,0.003603458631627426,0.014737904071807861
fp32-magnitude,10,10,base_model.model.model.layers.29.self_attn.k_proj.lora_magnitude_vector,29,k_proj,F32,False,0.0,0.0,0.0,0.0
fp32-magnitude,10,50,base_model.model.model.layers.29.self_attn.k_proj.lora_magnitude_vector,29,k_proj,F32,True,1.0,0.0003935270942747593,0.00029811347211375534,0.0010895729064941406
fp32-magnitude,10,100,base_model.model.model.layers.29.self_attn.k_proj.lora_magnitude_vector,29,k_proj,F32,True,1.0,0.0006277972715906799,0.0004963535918402854,0.0024929046630859375
fp32-magnitude,10,200,base_model.model.model.layers.29.self_attn.k_proj.lora_magnitude_vector,29,k_proj,F32,True,1.0,0.0009270761511288583,0.0007713331523131947,0.00486147403717041
fp32-magnitude,10,500,base_model.model.model.layers.29.self_attn.k_proj.lora_magnitude_vector,29,k_proj,F32,True,1.0,0.001457642880268395,0.001200731615318848,0.0071479082107543945
fp32-magnitude,10,1000,base_model.model.model.layers.29.self_attn.k_proj.lora_magnitude_vector,29,k_proj,F32,True,1.0,0.0018234050367027521,0.0014945336937780677,0.008584022521972656
fp32-magnitude,10,2000,base_model.model.model.layers.29.self_attn.k_proj.lora_magnitude_vector,29,k_proj,F32,True,1.0,0.0019487208337523043,0.0015907260935070888,0.009297847747802734
fp32-magnitude,10,10,base_model.model.model.layers.29.self_attn.q_proj.lora_magnitude_vector,29,q_proj,F32,False,0.0,0.0,0.0,0.0
fp32-magnitude,10,50,base_model.model.model.layers.29.self_attn.q_proj.lora_magnitude_vector,29,q_proj,F32,True,1.0,0.0003939352900488302,0.0004562909040781461,0.0012018680572509766
fp32-magnitude,10,100,base_model.model.model.layers.29.self_attn.q_proj.lora_magnitude_vector,29,q_proj,F32,True,1.0,0.0006248725039768033,0.0007669352640925483,0.003558039665222168
fp32-magnitude,10,200,base_model.model.model.layers.29.self_attn.q_proj.lora_magnitude_vector,29,q_proj,F32,True,1.0,0.0009622475336072966,0.0012159563938105552,0.005489230155944824
fp32-magnitude,10,500,base_model.model.model.layers.29.self_attn.q_proj.lora_magnitude_vector,29,q_proj,F32,True,1.0,0.0014873097388772294,0.0018535911422701053,0.007937729358673096
fp32-magnitude,10,1000,base_model.model.model.layers.29.self_attn.q_proj.lora_magnitude_vector,29,q_proj,F32,True,1.0,0.0018354021885897964,0.002310105670773555,0.009829223155975342
fp32-magnitude,10,2000,base_model.model.model.layers.29.self_attn.q_proj.lora_magnitude_vector,29,q_proj,F32,True,1.0,0.001954889179614838,0.002466704606089912,0.010411322116851807
fp32-magnitude,10,10,base_model.model.model.layers.29.self_attn.v_proj.lora_magnitude_vector,29,v_proj,F32,False,0.0,0.0,0.0,0.0
fp32-magnitude,10,50,base_model.model.model.layers.29.self_attn.v_proj.lora_magnitude_vector,29,v_proj,F32,True,1.0,0.0004068762355018407,0.0005165973849432133,0.0012424886226654053
fp32-magnitude,10,100,base_model.model.model.layers.29.self_attn.v_proj.lora_magnitude_vector,29,v_proj,F32,True,1.0,0.0006120488687884063,0.0008114384937496104,0.002188265323638916
fp32-magnitude,10,200,base_model.model.model.layers.29.self_attn.v_proj.lora_magnitude_vector,29,v_proj,F32,True,1.0,0.0009185904636979103,0.0012592072433099265,0.00426328182220459
fp32-magnitude,10,500,base_model.model.model.layers.29.self_attn.v_proj.lora_magnitude_vector,29,v_proj,F32,True,1.0,0.0014668600051663816,0.0020083202009506932,0.007030606269836426
fp32-magnitude,10,1000,base_model.model.model.layers.29.self_attn.v_proj.lora_magnitude_vector,29,v_proj,F32,True,1.0,0.0019044444197788835,0.0025964124336131126,0.008913159370422363
fp32-magnitude,10,2000,base_model.model.model.layers.29.self_attn.v_proj.lora_magnitude_vector,29,v_proj,F32,True,1.0,0.0020635817490983754,0.00281867922758574,0.009459614753723145
fp32-magnitude,10,10,base_model.model.model.layers.3.mlp.down_proj.lora_magnitude_vector,3,down_proj,F32,False,0.0,0.0,0.0,0.0
fp32-magnitude,10,50,base_model.model.model.layers.3.mlp.down_proj.lora_magnitude_vector,3,down_proj,F32,True,1.0,0.0003053154578083195,0.000290044822288967,0.000920414924621582
fp32-magnitude,10,100,base_model.model.model.layers.3.mlp.down_proj.lora_magnitude_vector,3,down_proj,F32,True,1.0,0.0004605949216056615,0.0004572515681297444,0.0021452903747558594
fp32-magnitude,10,200,base_model.model.model.layers.3.mlp.down_proj.lora_magnitude_vector,3,down_proj,F32,True,1.0,0.0007201648622867651,0.0007307163565636421,0.003996014595031738
fp32-magnitude,10,500,base_model.model.model.layers.3.mlp.down_proj.lora_magnitude_vector,3,down_proj,F32,True,1.0,0.0011584942039917223,0.0011815972824286293,0.006397843360900879
fp32-magnitude,10,1000,base_model.model.model.layers.3.mlp.down_proj.lora_magnitude_vector,3,down_proj,F32,True,1.0,0.0015391299457405694,0.001561744730734236,0.008910775184631348
fp32-magnitude,10,2000,base_model.model.model.layers.3.mlp.down_proj.lora_magnitude_vector,3,down_proj,F32,True,0.999755859375,0.001707528906990774,0.0017332764976576616,0.01131141185760498
fp32-magnitude,10,10,base_model.model.model.layers.3.mlp.up_proj.lora_magnitude_vector,3,up_proj,F32,False,0.0,0.0,0.0,0.0
fp32-magnitude,10,50,base_model.model.model.layers.3.mlp.up_proj.lora_magnitude_vector,3,up_proj,F32,True,0.9998604910714286,0.00029466371259851646,0.0005265326976810841,0.0009941458702087402
fp32-magnitude,10,100,base_model.model.model.layers.3.mlp.up_proj.lora_magnitude_vector,3,up_proj,F32,True,1.0,0.00046296450974685807,0.0008678625079059861,0.002504706382751465
fp32-magnitude,10,200,base_model.model.model.layers.3.mlp.up_proj.lora_magnitude_vector,3,up_proj,F32,True,1.0,0.0007514966751581856,0.001436712281280532,0.004439890384674072
fp32-magnitude,10,500,base_model.model.model.layers.3.mlp.up_proj.lora_magnitude_vector,3,up_proj,F32,True,1.0,0.0012269245656040897,0.0023511397090011338,0.007050573825836182
fp32-magnitude,10,1000,base_model.model.model.layers.3.mlp.up_proj.lora_magnitude_vector,3,up_proj,F32,True,1.0,0.0016392452255656411,0.003124391074747633,0.00927799940109253
fp32-magnitude,10,2000,base_model.model.model.layers.3.mlp.up_proj.lora_magnitude_vector,3,up_proj,F32,True,1.0,0.0018153923322513168,0.003451796029256117,0.009174942970275879
fp32-magnitude,10,10,base_model.model.model.layers.3.self_attn.k_proj.lora_magnitude_vector,3,k_proj,F32,False,0.0,0.0,0.0,0.0
fp32-magnitude,10,50,base_model.model.model.layers.3.self_attn.k_proj.lora_magnitude_vector,3,k_proj,F32,True,1.0,0.0002839207008946687,0.00019756469998544318,0.0009303092956542969
fp32-magnitude,10,100,base_model.model.model.layers.3.self_attn.k_proj.lora_magnitude_vector,3,k_proj,F32,True,1.0,0.0004279230488464236,0.0003061992710693489,0.001986384391784668
fp32-magnitude,10,200,base_model.model.model.layers.3.self_attn.k_proj.lora_magnitude_vector,3,k_proj,F32,True,1.0,0.0007226372545119375,0.0005459114792237177,0.0037686824798583984
fp32-magnitude,10,500,base_model.model.model.layers.3.self_attn.k_proj.lora_magnitude_vector,3,k_proj,F32,True,1.0,0.0012202420621179044,0.0009141315078390729,0.005232810974121094
fp32-magnitude,10,1000,base_model.model.model.layers.3.self_attn.k_proj.lora_magnitude_vector,3,k_proj,F32,True,1.0,0.0015601901395712048,0.0011661677487723094,0.006640195846557617
fp32-magnitude,10,2000,base_model.model.model.layers.3.self_attn.k_proj.lora_magnitude_vector,3,k_proj,F32,True,1.0,0.0017185528995469213,0.0012805128440408716,0.007059454917907715
fp32-magnitude,10,10,base_model.model.model.layers.3.self_attn.q_proj.lora_magnitude_vector,3,q_proj,F32,False,0.0,0.0,0.0,0.0
fp32-magnitude,10,50,base_model.model.model.layers.3.self_attn.q_proj.lora_magnitude_vector,3,q_proj,F32,True,1.0,0.0002770575010799803,0.00029308267362192843,0.0010672807693481445
fp32-magnitude,10,100,base_model.model.model.layers.3.self_attn.q_proj.lora_magnitude_vector,3,q_proj,F32,True,1.0,0.0004395433497847989,0.0004910090819212418,0.0022869110107421875
fp32-magnitude,10,200,base_model.model.model.layers.3.self_attn.q_proj.lora_magnitude_vector,3,q_proj,F32,True,1.0,0.0007651620107935742,0.0008805609208144885,0.004160165786743164
fp32-magnitude,10,500,base_model.model.model.layers.3.self_attn.q_proj.lora_magnitude_vector,3,q_proj,F32,True,1.0,0.001230715904966928,0.0014075568512238626,0.006105184555053711
fp32-magnitude,10,1000,base_model.model.model.layers.3.self_attn.q_proj.lora_magnitude_vector,3,q_proj,F32,True,1.0,0.0016156658020918258,0.0018319957006321247,0.008641242980957031
fp32-magnitude,10,2000,base_model.model.model.layers.3.self_attn.q_proj.lora_magnitude_vector,3,q_proj,F32,True,1.0,0.001759224345732946,0.0020009510286944027,0.0093461275100708
fp32-magnitude,10,10,base_model.model.model.layers.3.self_attn.v_proj.lora_magnitude_vector,3,v_proj,F32,False,0.0,0.0,0.0,0.0
fp32-magnitude,10,50,base_model.model.model.layers.3.self_attn.v_proj.lora_magnitude_vector,3,v_proj,F32,True,1.0,0.0002793136809486896,0.0006667297344783322,0.0009055137634277344
fp32-magnitude,10,100,base_model.model.model.layers.3.self_attn.v_proj.lora_magnitude_vector,3,v_proj,F32,True,1.0,0.0004229469341225922,0.001066078835237708,0.0017129778861999512
fp32-magnitude,10,200,base_model.model.model.layers.3.self_attn.v_proj.lora_magnitude_vector,3,v_proj,F32,True,1.0,0.0006984856154303998,0.0018157487293287665,0.0037285685539245605
fp32-magnitude,10,500,base_model.model.model.layers.3.self_attn.v_proj.lora_magnitude_vector,3,v_proj,F32,True,1.0,0.0011766470270231366,0.003016483935207187,0.005178779363632202
fp32-magnitude,10,1000,base_model.model.model.layers.3.self_attn.v_proj.lora_magnitude_vector,3,v_proj,F32,True,1.0,0.001522834791103378,0.003913233896560319,0.0089283287525177
fp32-magnitude,10,2000,base_model.model.model.layers.3.self_attn.v_proj.lora_magnitude_vector,3,v_proj,F32,True,1.0,0.0017152692016679794,0.004428447872414142,0.009030908346176147
fp32-magnitude,10,10,base_model.model.model.layers.30.mlp.down_proj.lora_magnitude_vector,30,down_proj,F32,False,0.0,0.0,0.0,0.0
fp32-magnitude,10,50,base_model.model.model.layers.30.mlp.down_proj.lora_magnitude_vector,30,down_proj,F32,True,0.99951171875,0.0004670927010010928,0.0003951730798361107,0.0013391971588134766
fp32-magnitude,10,100,base_model.model.model.layers.30.mlp.down_proj.lora_magnitude_vector,30,down_proj,F32,True,0.999755859375,0.0007160754612414166,0.0006390016475566286,0.0028035640716552734
fp32-magnitude,10,200,base_model.model.model.layers.30.mlp.down_proj.lora_magnitude_vector,30,down_proj,F32,True,1.0,0.0009989854152081534,0.0009179556633448616,0.00444793701171875
fp32-magnitude,10,500,base_model.model.model.layers.30.mlp.down_proj.lora_magnitude_vector,30,down_proj,F32,True,0.999755859375,0.0015312941250158474,0.0014141375696975357,0.007270336151123047
fp32-magnitude,10,1000,base_model.model.model.layers.30.mlp.down_proj.lora_magnitude_vector,30,down_proj,F32,True,1.0,0.001898948583402671,0.0017526627718209389,0.010635137557983398
fp32-magnitude,10,2000,base_model.model.model.layers.30.mlp.down_proj.lora_magnitude_vector,30,down_proj,F32,True,1.0,0.002067072768113576,0.0019095516983051754,0.011414289474487305
fp32-magnitude,10,10,base_model.model.model.layers.30.mlp.up_proj.lora_magnitude_vector,30,up_proj,F32,False,0.0,0.0,0.0,0.0
fp32-magnitude,10,50,base_model.model.model.layers.30.mlp.up_proj.lora_magnitude_vector,30,up_proj,F32,True,0.9998604910714286,0.0003937095150052171,0.0006065686965241456,0.001553177833557129
fp32-magnitude,10,100,base_model.model.model.layers.30.mlp.up_proj.lora_magnitude_vector,30,up_proj,F32,True,1.0,0.0006095339319602187,0.0009907620840968081,0.0031740665435791016
fp32-magnitude,10,200,base_model.model.model.layers.30.mlp.up_proj.lora_magnitude_vector,30,up_proj,F32,True,0.9999302455357143,0.000971833782386966,0.0016225282727757597,0.005532443523406982
fp32-magnitude,10,500,base_model.model.model.layers.30.mlp.up_proj.lora_magnitude_vector,30,up_proj,F32,True,1.0,0.0015442003599933482,0.0025892442074029838,0.010203123092651367
fp32-magnitude,10,1000,base_model.model.model.layers.30.mlp.up_proj.lora_magnitude_vector,30,up_proj,F32,True,1.0,0.001971133824554272,0.003306140308800443,0.012527048587799072
fp32-magnitude,10,2000,base_model.model.model.layers.30.mlp.up_proj.lora_magnitude_vector,30,up_proj,F32,True,1.0,0.0021607099396143375,0.0036212807559121564,0.013993024826049805
fp32-magnitude,10,10,base_model.model.model.layers.30.self_attn.k_proj.lora_magnitude_vector,30,k_proj,F32,False,0.0,0.0,0.0,0.0
fp32-magnitude,10,50,base_model.model.model.layers.30.self_attn.k_proj.lora_magnitude_vector,30,k_proj,F32,True,1.0,0.00039734833990223706,0.0003421986213334302,0.001112222671508789
fp32-magnitude,10,100,base_model.model.model.layers.30.self_attn.k_proj.lora_magnitude_vector,30,k_proj,F32,True,1.0,0.0005863196565769613,0.0005311140861472041,0.0024611949920654297
fp32-magnitude,10,200,base_model.model.model.layers.30.self_attn.k_proj.lora_magnitude_vector,30,k_proj,F32,True,1.0,0.0008899531967472285,0.0008309097774808168,0.0040738582611083984
fp32-magnitude,10,500,base_model.model.model.layers.30.self_attn.k_proj.lora_magnitude_vector,30,k_proj,F32,True,1.0,0.0013440162874758244,0.0012572195263351664,0.006465792655944824
fp32-magnitude,10,1000,base_model.model.model.layers.30.self_attn.k_proj.lora_magnitude_vector,30,k_proj,F32,True,1.0,0.0017164823366329074,0.0016119009895704396,0.008032917976379395
fp32-magnitude,10,2000,base_model.model.model.layers.30.self_attn.k_proj.lora_magnitude_vector,30,k_proj,F32,True,1.0,0.0018617905443534255,0.0017335410864132764,0.008039116859436035
fp32-magnitude,10,10,base_model.model.model.layers.30.self_attn.q_proj.lora_magnitude_vector,30,q_proj,F32,False,0.0,0.0,0.0,0.0
fp32-magnitude,10,50,base_model.model.model.layers.30.self_attn.q_proj.lora_magnitude_vector,30,q_proj,F32,True,1.0,0.00039938650661497377,0.0004845909810324892,0.001278996467590332
fp32-magnitude,10,100,base_model.model.model.layers.30.self_attn.q_proj.lora_magnitude_vector,30,q_proj,F32,True,1.0,0.0006171434797579423,0.0007873368793787198,0.0029309988021850586
fp32-magnitude,10,200,base_model.model.model.layers.30.self_attn.q_proj.lora_magnitude_vector,30,q_proj,F32,True,1.0,0.000916161407076288,0.0012040837912569513,0.004943251609802246
fp32-magnitude,10,500,base_model.model.model.layers.30.self_attn.q_proj.lora_magnitude_vector,30,q_proj,F32,True,1.0,0.0013806100687361322,0.0018168941795391478,0.007049918174743652
fp32-magnitude,10,1000,base_model.model.model.layers.30.self_attn.q_proj.lora_magnitude_vector,30,q_proj,F32,True,1.0,0.0017428542814741377,0.0022929069060839127,0.008549094200134277
fp32-magnitude,10,2000,base_model.model.model.layers.30.self_attn.q_proj.lora_magnitude_vector,30,q_proj,F32,True,1.0,0.0018973160076711792,0.0025062867668873283,0.009558916091918945
fp32-magnitude,10,10,base_model.model.model.layers.30.self_attn.v_proj.lora_magnitude_vector,30,v_proj,F32,False,0.0,0.0,0.0,0.0
fp32-magnitude,10,50,base_model.model.model.layers.30.self_attn.v_proj.lora_magnitude_vector,30,v_proj,F32,True,0.9990234375,0.0004276459803804755,0.00044167166168400705,0.0010682344436645508
fp32-magnitude,10,100,base_model.model.model.layers.30.self_attn.v_proj.lora_magnitude_vector,30,v_proj,F32,True,1.0,0.0006131199770607054,0.0006761304353542551,0.0022333860397338867
fp32-magnitude,10,200,base_model.model.model.layers.30.self_attn.v_proj.lora_magnitude_vector,30,v_proj,F32,True,1.0,0.0009255834738723934,0.0010569299807645818,0.004961252212524414
fp32-magnitude,10,500,base_model.model.model.layers.30.self_attn.v_proj.lora_magnitude_vector,30,v_proj,F32,True,1.0,0.001381527166813612,0.0015663923526080168,0.006539702415466309
fp32-magnitude,10,1000,base_model.model.model.layers.30.self_attn.v_proj.lora_magnitude_vector,30,v_proj,F32,True,1.0,0.001732268778141588,0.001984078813145487,0.007905960083007812
fp32-magnitude,10,2000,base_model.model.model.layers.30.self_attn.v_proj.lora_magnitude_vector,30,v_proj,F32,True,1.0,0.001953966566361487,0.0022395512407991057,0.008282005786895752
fp32-magnitude,10,10,base_model.model.model.layers.31.mlp.down_proj.lora_magnitude_vector,31,down_proj,F32,False,0.0,0.0,0.0,0.0
fp32-magnitude,10,50,base_model.model.model.layers.31.mlp.down_proj.lora_magnitude_vector,31,down_proj,F32,True,0.999755859375,0.0005145138420630246,0.00041684733621053795,0.0015447139739990234
fp32-magnitude,10,100,base_model.model.model.layers.31.mlp.down_proj.lora_magnitude_vector,31,down_proj,F32,True,1.0,0.0007897205068729818,0.000678274380453797,0.0028342008590698242
fp32-magnitude,10,200,base_model.model.model.layers.31.mlp.down_proj.lora_magnitude_vector,31,down_proj,F32,True,1.0,0.001042311341734603,0.0009209050405083568,0.004323601722717285
fp32-magnitude,10,500,base_model.model.model.layers.31.mlp.down_proj.lora_magnitude_vector,31,down_proj,F32,True,1.0,0.0015212990110740066,0.001355623698994578,0.007132768630981445
fp32-magnitude,10,1000,base_model.model.model.layers.31.mlp.down_proj.lora_magnitude_vector,31,down_proj,F32,True,1.0,0.001864336954895407,0.0016673221589418373,0.00950479507446289
fp32-magnitude,10,2000,base_model.model.model.layers.31.mlp.down_proj.lora_magnitude_vector,31,down_proj,F32,True,1.0,0.001996540668187663,0.0017895993497589531,0.010355710983276367
fp32-magnitude,10,10,base_model.model.model.layers.31.mlp.up_proj.lora_magnitude_vector,31,up_proj,F32,False,0.0,0.0,0.0,0.0
fp32-magnitude,10,50,base_model.model.model.layers.31.mlp.up_proj.lora_magnitude_vector,31,up_proj,F32,True,1.0,0.00040848653173140647,0.0005394354648914459,0.0015665292739868164
fp32-magnitude,10,100,base_model.model.model.layers.31.mlp.up_proj.lora_magnitude_vector,31,up_proj,F32,True,0.9999302455357143,0.0006292473907316369,0.0008836657203977606,0.003634154796600342
fp32-magnitude,10,200,base_model.model.model.layers.31.mlp.up_proj.lora_magnitude_vector,31,up_proj,F32,True,1.0,0.000996257783429298,0.0014303056542796617,0.005655467510223389
fp32-magnitude,10,500,base_model.model.model.layers.31.mlp.up_proj.lora_magnitude_vector,31,up_proj,F32,True,1.0,0.0015494342327916197,0.0022280924262228215,0.007880210876464844
fp32-magnitude,10,1000,base_model.model.model.layers.31.mlp.up_proj.lora_magnitude_vector,31,up_proj,F32,True,1.0,0.001957989243757246,0.002810997185067897,0.011323213577270508
fp32-magnitude,10,2000,base_model.model.model.layers.31.mlp.up_proj.lora_magnitude_vector,31,up_proj,F32,True,1.0,0.002119753395423426,0.0030558620757967806,0.013866424560546875
fp32-magnitude,10,10,base_model.model.model.layers.31.self_attn.k_proj.lora_magnitude_vector,31,k_proj,F32,False,0.0,0.0,0.0,0.0
fp32-magnitude,10,50,base_model.model.model.layers.31.self_attn.k_proj.lora_magnitude_vector,31,k_proj,F32,True,1.0,0.00042329696589149535,0.000329855441888915,0.0009974241256713867
fp32-magnitude,10,100,base_model.model.model.layers.31.self_attn.k_proj.lora_magnitude_vector,31,k_proj,F32,True,1.0,0.0006375108496285975,0.0005278240488932543,0.0024771690368652344
fp32-magnitude,10,200,base_model.model.model.layers.31.self_attn.k_proj.lora_magnitude_vector,31,k_proj,F32,True,1.0,0.000893674761755392,0.0007689830990265526,0.004696249961853027
fp32-magnitude,10,500,base_model.model.model.layers.31.self_attn.k_proj.lora_magnitude_vector,31,k_proj,F32,True,1.0,0.0013696381356567144,0.0011794571061359172,0.0073773860931396484
fp32-magnitude,10,1000,base_model.model.model.layers.31.self_attn.k_proj.lora_magnitude_vector,31,k_proj,F32,True,1.0,0.001694096630671993,0.0014791039861918368,0.008725762367248535
fp32-magnitude,10,2000,base_model.model.model.layers.31.self_attn.k_proj.lora_magnitude_vector,31,k_proj,F32,True,1.0,0.0018488825298845768,0.0016027002940398622,0.010332822799682617
fp32-magnitude,10,10,base_model.model.model.layers.31.self_attn.q_proj.lora_magnitude_vector,31,q_proj,F32,False,0.0,0.0,0.0,0.0
fp32-magnitude,10,50,base_model.model.model.layers.31.self_attn.q_proj.lora_magnitude_vector,31,q_proj,F32,True,1.0,0.00041373451676918194,0.0004515638477867624,0.0011780261993408203
fp32-magnitude,10,100,base_model.model.model.layers.31.self_attn.q_proj.lora_magnitude_vector,31,q_proj,F32,True,1.0,0.0006609083175135311,0.0007563749355474187,0.0031456947326660156
fp32-magnitude,10,200,base_model.model.model.layers.31.self_attn.q_proj.lora_magnitude_vector,31,q_proj,F32,True,1.0,0.0009669205901445821,0.001147757457699082,0.005534648895263672
fp32-magnitude,10,500,base_model.model.model.layers.31.self_attn.q_proj.lora_magnitude_vector,31,q_proj,F32,True,1.0,0.00142366339059663,0.0017161759477182562,0.0065544843673706055
fp32-magnitude,10,1000,base_model.model.model.layers.31.self_attn.q_proj.lora_magnitude_vector,31,q_proj,F32,True,1.0,0.0018257347583130468,0.0021949330747051726,0.00959157943725586
fp32-magnitude,10,2000,base_model.model.model.layers.31.self_attn.q_proj.lora_magnitude_vector,31,q_proj,F32,True,1.0,0.002024954381340649,0.0024365068384246923,0.011198043823242188
fp32-magnitude,10,10,base_model.model.model.layers.31.self_attn.v_proj.lora_magnitude_vector,31,v_proj,F32,False,0.0,0.0,0.0,0.0
fp32-magnitude,10,50,base_model.model.model.layers.31.self_attn.v_proj.lora_magnitude_vector,31,v_proj,F32,True,1.0,0.0004177755326963961,0.00048354475647657147,0.0010640621185302734
fp32-magnitude,10,100,base_model.model.model.layers.31.self_attn.v_proj.lora_magnitude_vector,31,v_proj,F32,True,1.0,0.0006106237415224314,0.000759976123862838,0.0026865005493164062
fp32-magnitude,10,200,base_model.model.model.layers.31.self_attn.v_proj.lora_magnitude_vector,31,v_proj,F32,True,1.0,0.0009503686451353133,0.0012034966635818467,0.0041800737380981445
fp32-magnitude,10,500,base_model.model.model.layers.31.self_attn.v_proj.lora_magnitude_vector,31,v_proj,F32,True,1.0,0.0014464233827311546,0.0018673185043275428,0.005717039108276367
fp32-magnitude,10,1000,base_model.model.model.layers.31.self_attn.v_proj.lora_magnitude_vector,31,v_proj,F32,True,1.0,0.0018327249854337424,0.002346788697414473,0.007922768592834473
fp32-magnitude,10,2000,base_model.model.model.layers.31.self_attn.v_proj.lora_magnitude_vector,31,v_proj,F32,True,1.0,0.0019837635045405477,0.002586809730009673,0.008862972259521484
fp32-magnitude,10,10,base_model.model.model.layers.4.mlp.down_proj.lora_magnitude_vector,4,down_proj,F32,False,0.0,0.0,0.0,0.0
fp32-magnitude,10,50,base_model.model.model.layers.4.mlp.down_proj.lora_magnitude_vector,4,down_proj,F32,True,0.999755859375,0.00031434959964826703,0.0003073685181516759,0.0010590553283691406
fp32-magnitude,10,100,base_model.model.model.layers.4.mlp.down_proj.lora_magnitude_vector,4,down_proj,F32,True,1.0,0.0004758204013342038,0.0004868966254896851,0.0020258426666259766
fp32-magnitude,10,200,base_model.model.model.layers.4.mlp.down_proj.lora_magnitude_vector,4,down_proj,F32,True,1.0,0.0007270881033036858,0.0007540385417656692,0.004187226295471191
fp32-magnitude,10,500,base_model.model.model.layers.4.mlp.down_proj.lora_magnitude_vector,4,down_proj,F32,True,1.0,0.0011706855293596163,0.0012266814744517473,0.006242871284484863
fp32-magnitude,10,1000,base_model.model.model.layers.4.mlp.down_proj.lora_magnitude_vector,4,down_proj,F32,True,1.0,0.001553898342535831,0.001619665842234088,0.008401036262512207
fp32-magnitude,10,2000,base_model.model.model.layers.4.mlp.down_proj.lora_magnitude_vector,4,down_proj,F32,True,1.0,0.001733637516736053,0.0018114852694801383,0.009654879570007324
fp32-magnitude,10,10,base_model.model.model.layers.4.mlp.up_proj.lora_magnitude_vector,4,up_proj,F32,False,0.0,0.0,0.0,0.0
fp32-magnitude,10,50,base_model.model.model.layers.4.mlp.up_proj.lora_magnitude_vector,4,up_proj,F32,True,0.9999302455357143,0.0003083984899733748,0.0005624780289217476,0.0009809136390686035
fp32-magnitude,10,100,base_model.model.model.layers.4.mlp.up_proj.lora_magnitude_vector,4,up_proj,F32,True,1.0,0.0004893059667665511,0.0009361898671006484,0.0025391578674316406
fp32-magnitude,10,200,base_model.model.model.layers.4.mlp.up_proj.lora_magnitude_vector,4,up_proj,F32,True,1.0,0.0007786253596090578,0.0015226011039433378,0.004504382610321045
fp32-magnitude,10,500,base_model.model.model.layers.4.mlp.up_proj.lora_magnitude_vector,4,up_proj,F32,True,1.0,0.001273486137506552,0.0024920993469975507,0.00807654857635498
fp32-magnitude,10,1000,base_model.model.model.layers.4.mlp.up_proj.lora_magnitude_vector,4,up_proj,F32,True,1.0,0.0016654437910931716,0.0032587464965514318,0.009271681308746338
fp32-magnitude,10,2000,base_model.model.model.layers.4.mlp.up_proj.lora_magnitude_vector,4,up_proj,F32,True,1.0,0.001850756984952438,0.0036155303373960053,0.010456264019012451
fp32-magnitude,10,10,base_model.model.model.layers.4.self_attn.k_proj.lora_magnitude_vector,4,k_proj,F32,False,0.0,0.0,0.0,0.0
fp32-magnitude,10,50,base_model.model.model.layers.4.self_attn.k_proj.lora_magnitude_vector,4,k_proj,F32,True,1.0,0.0002921533159678802,0.0002049845252097082,0.0009052753448486328
fp32-magnitude,10,100,base_model.model.model.layers.4.self_attn.k_proj.lora_magnitude_vector,4,k_proj,F32,True,1.0,0.00046319549437612295,0.00033922487726889544,0.0017018318176269531
fp32-magnitude,10,200,base_model.model.model.layers.4.self_attn.k_proj.lora_magnitude_vector,4,k_proj,F32,True,1.0,0.0007447372918250039,0.0005614642358416908,0.003403782844543457
fp32-magnitude,10,500,base_model.model.model.layers.4.self_attn.k_proj.lora_magnitude_vector,4,k_proj,F32,True,0.9990234375,0.0011718266177922487,0.0008770991792450705,0.005279064178466797
fp32-magnitude,10,1000,base_model.model.model.layers.4.self_attn.k_proj.lora_magnitude_vector,4,k_proj,F32,True,1.0,0.0014619801804656163,0.0011143757265662268,0.00638735294342041
fp32-magnitude,10,2000,base_model.model.model.layers.4.self_attn.k_proj.lora_magnitude_vector,4,k_proj,F32,True,1.0,0.0016208206216106191,0.0012065833559034465,0.007139086723327637
fp32-magnitude,10,10,base_model.model.model.layers.4.self_attn.q_proj.lora_magnitude_vector,4,q_proj,F32,False,0.0,0.0,0.0,0.0
fp32-magnitude,10,50,base_model.model.model.layers.4.self_attn.q_proj.lora_magnitude_vector,4,q_proj,F32,True,1.0,0.00028627561550820246,0.00030846433854619926,0.0009999275207519531
fp32-magnitude,10,100,base_model.model.model.layers.4.self_attn.q_proj.lora_magnitude_vector,4,q_proj,F32,True,1.0,0.0004812228726223111,0.0005449183391669845,0.002690434455871582
fp32-magnitude,10,200,base_model.model.model.layers.4.self_attn.q_proj.lora_magnitude_vector,4,q_proj,F32,True,1.0,0.0007501452200813219,0.0008712186831557806,0.00457155704498291
fp32-magnitude,10,500,base_model.model.model.layers.4.self_attn.q_proj.lora_magnitude_vector,4,q_proj,F32,True,1.0,0.001191572820971487,0.0013803874907451256,0.006640315055847168
fp32-magnitude,10,1000,base_model.model.model.layers.4.self_attn.q_proj.lora_magnitude_vector,4,q_proj,F32,True,1.0,0.001549348726257449,0.0017976864835938153,0.009813785552978516
fp32-magnitude,10,2000,base_model.model.model.layers.4.self_attn.q_proj.lora_magnitude_vector,4,q_proj,F32,True,1.0,0.001708720505121164,0.0019637474406238747,0.010661959648132324
fp32-magnitude,10,10,base_model.model.model.layers.4.self_attn.v_proj.lora_magnitude_vector,4,v_proj,F32,False,0.0,0.0,0.0,0.0
fp32-magnitude,10,50,base_model.model.model.layers.4.self_attn.v_proj.lora_magnitude_vector,4,v_proj,F32,True,0.9990234375,0.00029997812816873193,0.0006624159899118151,0.0008996129035949707
fp32-magnitude,10,100,base_model.model.model.layers.4.self_attn.v_proj.lora_magnitude_vector,4,v_proj,F32,True,1.0,0.00044363809865899384,0.0010536892206719174,0.0018755793571472168
fp32-magnitude,10,200,base_model.model.model.layers.4.self_attn.v_proj.lora_magnitude_vector,4,v_proj,F32,True,1.0,0.0007026411185506731,0.0016714662460936584,0.003468334674835205
fp32-magnitude,10,500,base_model.model.model.layers.4.self_attn.v_proj.lora_magnitude_vector,4,v_proj,F32,True,1.0,0.0011788072297349572,0.0028117489005155235,0.008102953433990479
fp32-magnitude,10,1000,base_model.model.model.layers.4.self_attn.v_proj.lora_magnitude_vector,4,v_proj,F32,True,1.0,0.0015403589641209692,0.0037119705128146243,0.008703768253326416
fp32-magnitude,10,2000,base_model.model.model.layers.4.self_attn.v_proj.lora_magnitude_vector,4,v_proj,F32,True,1.0,0.0016887674573808908,0.004049665357428972,0.009011685848236084
fp32-magnitude,10,10,base_model.model.model.layers.5.mlp.down_proj.lora_magnitude_vector,5,down_proj,F32,False,0.0,0.0,0.0,0.0
fp32-magnitude,10,50,base_model.model.model.layers.5.mlp.down_proj.lora_magnitude_vector,5,down_proj,F32,True,0.999755859375,0.00032410502899438143,0.00031435988336330465,0.0009683370590209961
fp32-magnitude,10,100,base_model.model.model.layers.5.mlp.down_proj.lora_magnitude_vector,5,down_proj,F32,True,1.0,0.0004880365086137317,0.0004943758547903596,0.0021120309829711914
fp32-magnitude,10,200,base_model.model.model.layers.5.mlp.down_proj.lora_magnitude_vector,5,down_proj,F32,True,1.0,0.0007270326532307081,0.000750441477799688,0.003384709358215332
fp32-magnitude,10,500,base_model.model.model.layers.5.mlp.down_proj.lora_magnitude_vector,5,down_proj,F32,True,1.0,0.0011591576258069836,0.0012070557746657379,0.0056192874908447266
fp32-magnitude,10,1000,base_model.model.model.layers.5.mlp.down_proj.lora_magnitude_vector,5,down_proj,F32,True,1.0,0.0015706098420196213,0.0016227341796009897,0.008747458457946777
fp32-magnitude,10,2000,base_model.model.model.layers.5.mlp.down_proj.lora_magnitude_vector,5,down_proj,F32,True,1.0,0.0017433595858165063,0.0018026269254907364,0.009107470512390137
fp32-magnitude,10,10,base_model.model.model.layers.5.mlp.up_proj.lora_magnitude_vector,5,up_proj,F32,False,0.0,0.0,0.0,0.0
fp32-magnitude,10,50,base_model.model.model.layers.5.mlp.up_proj.lora_magnitude_vector,5,up_proj,F32,True,0.9999302455357143,0.0003197400552120858,0.0005790338812649091,0.0010986328125
fp32-magnitude,10,100,base_model.model.model.layers.5.mlp.up_proj.lora_magnitude_vector,5,up_proj,F32,True,0.9999302455357143,0.0005055562235481505,0.0009597748982056905,0.002321779727935791
fp32-magnitude,10,200,base_model.model.model.layers.5.mlp.up_proj.lora_magnitude_vector,5,up_proj,F32,True,0.9998604910714286,0.0007810771785443649,0.0015165867715260725,0.0050162672996521
fp32-magnitude,10,500,base_model.model.model.layers.5.mlp.up_proj.lora_magnitude_vector,5,up_proj,F32,True,1.0,0.0012520421691338665,0.0024435500047188447,0.007870018482208252
fp32-magnitude,10,1000,base_model.model.model.layers.5.mlp.up_proj.lora_magnitude_vector,5,up_proj,F32,True,1.0,0.001646977217335786,0.0032114941063918013,0.008514940738677979
fp32-magnitude,10,2000,base_model.model.model.layers.5.mlp.up_proj.lora_magnitude_vector,5,up_proj,F32,True,0.9999302455357143,0.0018343794591990964,0.003565190713964243,0.010330259799957275
fp32-magnitude,10,10,base_model.model.model.layers.5.self_attn.k_proj.lora_magnitude_vector,5,k_proj,F32,False,0.0,0.0,0.0,0.0
fp32-magnitude,10,50,base_model.model.model.layers.5.self_attn.k_proj.lora_magnitude_vector,5,k_proj,F32,True,1.0,0.00029349024407565594,0.00020801921116503879,0.0008587837219238281
fp32-magnitude,10,100,base_model.model.model.layers.5.self_attn.k_proj.lora_magnitude_vector,5,k_proj,F32,True,1.0,0.0005142239097040147,0.0003820679803129257,0.002173185348510742
fp32-magnitude,10,200,base_model.model.model.layers.5.self_attn.k_proj.lora_magnitude_vector,5,k_proj,F32,True,1.0,0.0008486777951475233,0.0006314512530554218,0.0035349130630493164
fp32-magnitude,10,500,base_model.model.model.layers.5.self_attn.k_proj.lora_magnitude_vector,5,k_proj,F32,True,1.0,0.0012930470402352512,0.0009741477335450311,0.009009599685668945
fp32-magnitude,10,1000,base_model.model.model.layers.5.self_attn.k_proj.lora_magnitude_vector,5,k_proj,F32,True,1.0,0.0015628086403012276,0.0011821491915571414,0.00953221321105957
fp32-magnitude,10,2000,base_model.model.model.layers.5.self_attn.k_proj.lora_magnitude_vector,5,k_proj,F32,True,1.0,0.0017237348074559122,0.0013065121731661612,0.009328603744506836
fp32-magnitude,10,10,base_model.model.model.layers.5.self_attn.q_proj.lora_magnitude_vector,5,q_proj,F32,False,0.0,0.0,0.0,0.0
fp32-magnitude,10,50,base_model.model.model.layers.5.self_attn.q_proj.lora_magnitude_vector,5,q_proj,F32,True,1.0,0.0003108278979198076,0.00033647960229916577,0.0010389089584350586
fp32-magnitude,10,100,base_model.model.model.layers.5.self_attn.q_proj.lora_magnitude_vector,5,q_proj,F32,True,1.0,0.0005227100773481652,0.0005927122581379072,0.0021816492080688477
fp32-magnitude,10,200,base_model.model.model.layers.5.self_attn.q_proj.lora_magnitude_vector,5,q_proj,F32,True,1.0,0.0008355712998309173,0.0009596498626368341,0.004264950752258301
fp32-magnitude,10,500,base_model.model.model.layers.5.self_attn.q_proj.lora_magnitude_vector,5,q_proj,F32,True,1.0,0.0013244437213870697,0.001520174113655064,0.009935617446899414
fp32-magnitude,10,1000,base_model.model.model.layers.5.self_attn.q_proj.lora_magnitude_vector,5,q_proj,F32,True,1.0,0.001644780844799243,0.0018885827646727032,0.010519742965698242
fp32-magnitude,10,2000,base_model.model.model.layers.5.self_attn.q_proj.lora_magnitude_vector,5,q_proj,F32,True,1.0,0.0017978644464164972,0.0020604751834817983,0.012348055839538574
fp32-magnitude,10,10,base_model.model.model.layers.5.self_attn.v_proj.lora_magnitude_vector,5,v_proj,F32,False,0.0,0.0,0.0,0.0
fp32-magnitude,10,50,base_model.model.model.layers.5.self_attn.v_proj.lora_magnitude_vector,5,v_proj,F32,True,1.0,0.000321560277370736,0.0008535363897373676,0.0008968710899353027
fp32-magnitude,10,100,base_model.model.model.layers.5.self_attn.v_proj.lora_magnitude_vector,5,v_proj,F32,True,1.0,0.0005373434978537261,0.0015184833600072392,0.002239525318145752
fp32-magnitude,10,200,base_model.model.model.layers.5.self_attn.v_proj.lora_magnitude_vector,5,v_proj,F32,True,1.0,0.0008707996748853475,0.002509088735267213,0.004133105278015137
fp32-magnitude,10,500,base_model.model.model.layers.5.self_attn.v_proj.lora_magnitude_vector,5,v_proj,F32,True,1.0,0.0013505322276614606,0.003922310533119949,0.006764322519302368
fp32-magnitude,10,1000,base_model.model.model.layers.5.self_attn.v_proj.lora_magnitude_vector,5,v_proj,F32,True,1.0,0.0017200366710312665,0.004862079415006611,0.00718998908996582
fp32-magnitude,10,2000,base_model.model.model.layers.5.self_attn.v_proj.lora_magnitude_vector,5,v_proj,F32,True,1.0,0.001942474948009476,0.005512934129617257,0.009576529264450073
fp32-magnitude,10,10,base_model.model.model.layers.6.mlp.down_proj.lora_magnitude_vector,6,down_proj,F32,False,0.0,0.0,0.0,0.0
fp32-magnitude,10,50,base_model.model.model.layers.6.mlp.down_proj.lora_magnitude_vector,6,down_proj,F32,True,1.0,0.00033428080496378243,0.00032254633675939706,0.0009747743606567383
fp32-magnitude,10,100,base_model.model.model.layers.6.mlp.down_proj.lora_magnitude_vector,6,down_proj,F32,True,0.999755859375,0.0005166057380847633,0.000522149912757278,0.0021910667419433594
fp32-magnitude,10,200,base_model.model.model.layers.6.mlp.down_proj.lora_magnitude_vector,6,down_proj,F32,True,1.0,0.000784019153797999,0.0008040328198943312,0.003923535346984863
fp32-magnitude,10,500,base_model.model.model.layers.6.mlp.down_proj.lora_magnitude_vector,6,down_proj,F32,True,1.0,0.0012454571333364584,0.0012793448656915607,0.005365252494812012
fp32-magnitude,10,1000,base_model.model.model.layers.6.mlp.down_proj.lora_magnitude_vector,6,down_proj,F32,True,1.0,0.0016377214196836576,0.0016822690132268655,0.006806373596191406
fp32-magnitude,10,2000,base_model.model.model.layers.6.mlp.down_proj.lora_magnitude_vector,6,down_proj,F32,True,1.0,0.0018309934821445495,0.0018808385489230196,0.007997393608093262
fp32-magnitude,10,10,base_model.model.model.layers.6.mlp.up_proj.lora_magnitude_vector,6,up_proj,F32,False,0.0,0.0,0.0,0.0
fp32-magnitude,10,50,base_model.model.model.layers.6.mlp.up_proj.lora_magnitude_vector,6,up_proj,F32,True,0.9997907366071429,0.0003246343715415735,0.0005876948890242891,0.0010308027267456055
fp32-magnitude,10,100,base_model.model.model.layers.6.mlp.up_proj.lora_magnitude_vector,6,up_proj,F32,True,1.0,0.0005147032539493271,0.0009793270410281064,0.0023545026779174805
fp32-magnitude,10,200,base_model.model.model.layers.6.mlp.up_proj.lora_magnitude_vector,6,up_proj,F32,True,0.9999302455357143,0.0007958655956567132,0.0015440381447087796,0.0056836605072021484
fp32-magnitude,10,500,base_model.model.model.layers.6.mlp.up_proj.lora_magnitude_vector,6,up_proj,F32,True,1.0,0.0012765558369989907,0.0024869199290372896,0.008945643901824951
fp32-magnitude,10,1000,base_model.model.model.layers.6.mlp.up_proj.lora_magnitude_vector,6,up_proj,F32,True,1.0,0.0016818479489302263,0.003256465782489078,0.01142871379852295
fp32-magnitude,10,2000,base_model.model.model.layers.6.mlp.up_proj.lora_magnitude_vector,6,up_proj,F32,True,0.9999302455357143,0.00186383088293951,0.0036050570073750997,0.012934863567352295
fp32-magnitude,10,10,base_model.model.model.layers.6.self_attn.k_proj.lora_magnitude_vector,6,k_proj,F32,False,0.0,0.0,0.0,0.0
fp32-magnitude,10,50,base_model.model.model.layers.6.self_attn.k_proj.lora_magnitude_vector,6,k_proj,F32,True,1.0,0.0003095106512773782,0.00021725873767774098,0.0009415149688720703
fp32-magnitude,10,100,base_model.model.model.layers.6.self_attn.k_proj.lora_magnitude_vector,6,k_proj,F32,True,1.0,0.000513711420353502,0.0003769686957813492,0.001870870590209961
fp32-magnitude,10,200,base_model.model.model.layers.6.self_attn.k_proj.lora_magnitude_vector,6,k_proj,F32,True,1.0,0.0007815239077899605,0.0005862444932998916,0.0037037134170532227
fp32-magnitude,10,500,base_model.model.model.layers.6.self_attn.k_proj.lora_magnitude_vector,6,k_proj,F32,True,1.0,0.001187569898320362,0.0009048898148835771,0.005867362022399902
fp32-magnitude,10,1000,base_model.model.model.layers.6.self_attn.k_proj.lora_magnitude_vector,6,k_proj,F32,True,1.0,0.0015307854337152094,0.0011550154461205063,0.0073833465576171875
fp32-magnitude,10,2000,base_model.model.model.layers.6.self_attn.k_proj.lora_magnitude_vector,6,k_proj,F32,True,0.9990234375,0.0016808172513265163,0.0012663990302656082,0.0071419477462768555
fp32-magnitude,10,10,base_model.model.model.layers.6.self_attn.q_proj.lora_magnitude_vector,6,q_proj,F32,False,0.0,0.0,0.0,0.0
fp32-magnitude,10,50,base_model.model.model.layers.6.self_attn.q_proj.lora_magnitude_vector,6,q_proj,F32,True,1.0,0.0003201367726433091,0.00033641829676410364,0.001032114028930664
fp32-magnitude,10,100,base_model.model.model.layers.6.self_attn.q_proj.lora_magnitude_vector,6,q_proj,F32,True,1.0,0.0005288575630402192,0.000594621545814534,0.002725839614868164
fp32-magnitude,10,200,base_model.model.model.layers.6.self_attn.q_proj.lora_magnitude_vector,6,q_proj,F32,True,1.0,0.0008190811204258353,0.0009315800392806581,0.004508495330810547
fp32-magnitude,10,500,base_model.model.model.layers.6.self_attn.q_proj.lora_magnitude_vector,6,q_proj,F32,True,1.0,0.0012525904312497005,0.0014237451512630526,0.006662607192993164
fp32-magnitude,10,1000,base_model.model.model.layers.6.self_attn.q_proj.lora_magnitude_vector,6,q_proj,F32,True,1.0,0.001655769596254686,0.001854055334551257,0.009363532066345215
fp32-magnitude,10,2000,base_model.model.model.layers.6.self_attn.q_proj.lora_magnitude_vector,6,q_proj,F32,True,1.0,0.0018245668070449028,0.002043020761010897,0.009660348296165466
fp32-magnitude,10,10,base_model.model.model.layers.6.self_attn.v_proj.lora_magnitude_vector,6,v_proj,F32,False,0.0,0.0,0.0,0.0
fp32-magnitude,10,50,base_model.model.model.layers.6.self_attn.v_proj.lora_magnitude_vector,6,v_proj,F32,True,1.0,0.0003208928828826174,0.0007847622531823043,0.001003861427307129
fp32-magnitude,10,100,base_model.model.model.layers.6.self_attn.v_proj.lora_magnitude_vector,6,v_proj,F32,True,1.0,0.0005285467632347718,0.0013616715283386125,0.0021085739135742188
fp32-magnitude,10,200,base_model.model.model.layers.6.self_attn.v_proj.lora_magnitude_vector,6,v_proj,F32,True,1.0,0.0008083366265054792,0.0021391075114107656,0.0038080811500549316
fp32-magnitude,10,500,base_model.model.model.layers.6.self_attn.v_proj.lora_magnitude_vector,6,v_proj,F32,True,1.0,0.0013224988506408408,0.003443691206571062,0.005438745021820068
fp32-magnitude,10,1000,base_model.model.model.layers.6.self_attn.v_proj.lora_magnitude_vector,6,v_proj,F32,True,1.0,0.0017500221147201955,0.004575698242938935,0.009237825870513916
fp32-magnitude,10,2000,base_model.model.model.layers.6.self_attn.v_proj.lora_magnitude_vector,6,v_proj,F32,True,1.0,0.0018951589008793235,0.004917951002529054,0.008683502674102783
fp32-magnitude,10,10,base_model.model.model.layers.7.mlp.down_proj.lora_magnitude_vector,7,down_proj,F32,False,0.0,0.0,0.0,0.0
fp32-magnitude,10,50,base_model.model.model.layers.7.mlp.down_proj.lora_magnitude_vector,7,down_proj,F32,True,1.0,0.0003557168602128513,0.0003364284770453587,0.0009882450103759766
fp32-magnitude,10,100,base_model.model.model.layers.7.mlp.down_proj.lora_magnitude_vector,7,down_proj,F32,True,1.0,0.0005498735627043061,0.0005455257912889757,0.0024052858352661133
fp32-magnitude,10,200,base_model.model.model.layers.7.mlp.down_proj.lora_magnitude_vector,7,down_proj,F32,True,1.0,0.0008003083930816501,0.0008185369285370303,0.0035665035247802734
fp32-magnitude,10,500,base_model.model.model.layers.7.mlp.down_proj.lora_magnitude_vector,7,down_proj,F32,True,1.0,0.0012194284208817407,0.0012512887406938326,0.0057593584060668945
fp32-magnitude,10,1000,base_model.model.model.layers.7.mlp.down_proj.lora_magnitude_vector,7,down_proj,F32,True,1.0,0.0016242023775703274,0.0016512429776754005,0.00854957103729248
fp32-magnitude,10,2000,base_model.model.model.layers.7.mlp.down_proj.lora_magnitude_vector,7,down_proj,F32,True,1.0,0.0018183189240517095,0.0018602445640739512,0.009541511535644531
fp32-magnitude,10,10,base_model.model.model.layers.7.mlp.up_proj.lora_magnitude_vector,7,up_proj,F32,False,0.0,0.0,0.0,0.0
fp32-magnitude,10,50,base_model.model.model.layers.7.mlp.up_proj.lora_magnitude_vector,7,up_proj,F32,True,0.9999302455357143,0.00033664005500863174,0.0005993897358913011,0.0010785460472106934
fp32-magnitude,10,100,base_model.model.model.layers.7.mlp.up_proj.lora_magnitude_vector,7,up_proj,F32,True,1.0,0.0005307556109203558,0.0009917156617281432,0.002771615982055664
fp32-magnitude,10,200,base_model.model.model.layers.7.mlp.up_proj.lora_magnitude_vector,7,up_proj,F32,True,1.0,0.0008180590209251802,0.0015629202103042768,0.005083441734313965
fp32-magnitude,10,500,base_model.model.model.layers.7.mlp.up_proj.lora_magnitude_vector,7,up_proj,F32,True,1.0,0.0012946878206483753,0.0024819523636978916,0.006951093673706055
fp32-magnitude,10,1000,base_model.model.model.layers.7.mlp.up_proj.lora_magnitude_vector,7,up_proj,F32,True,1.0,0.0016905365399517386,0.0032494674837315633,0.011629819869995117
fp32-magnitude,10,2000,base_model.model.model.layers.7.mlp.up_proj.lora_magnitude_vector,7,up_proj,F32,True,1.0,0.0018889990356651001,0.003626465315175281,0.013472557067871094
fp32-magnitude,10,10,base_model.model.model.layers.7.self_attn.k_proj.lora_magnitude_vector,7,k_proj,F32,False,0.0,0.0,0.0,0.0
fp32-magnitude,10,50,base_model.model.model.layers.7.self_attn.k_proj.lora_magnitude_vector,7,k_proj,F32,True,1.0,0.00030683993827551603,0.0002118377783437187,0.0008841753005981445
fp32-magnitude,10,100,base_model.model.model.layers.7.self_attn.k_proj.lora_magnitude_vector,7,k_proj,F32,True,1.0,0.0004982115933671594,0.0003563392199206089,0.002275705337524414
fp32-magnitude,10,200,base_model.model.model.layers.7.self_attn.k_proj.lora_magnitude_vector,7,k_proj,F32,True,1.0,0.0007260604179464281,0.0005509384796401765,0.003373384475708008
fp32-magnitude,10,500,base_model.model.model.layers.7.self_attn.k_proj.lora_magnitude_vector,7,k_proj,F32,True,1.0,0.00114821782335639,0.0008577773085302217,0.004927277565002441
fp32-magnitude,10,1000,base_model.model.model.layers.7.self_attn.k_proj.lora_magnitude_vector,7,k_proj,F32,True,1.0,0.0015568373491987586,0.0011325858475316785,0.006126046180725098
fp32-magnitude,10,2000,base_model.model.model.layers.7.self_attn.k_proj.lora_magnitude_vector,7,k_proj,F32,True,1.0,0.0017077563097700477,0.0012464439400525736,0.00739741325378418
fp32-magnitude,10,10,base_model.model.model.layers.7.self_attn.q_proj.lora_magnitude_vector,7,q_proj,F32,False,0.0,0.0,0.0,0.0
fp32-magnitude,10,50,base_model.model.model.layers.7.self_attn.q_proj.lora_magnitude_vector,7,q_proj,F32,True,1.0,0.0003003469973918982,0.00033014772709512395,0.0010287761688232422
fp32-magnitude,10,100,base_model.model.model.layers.7.self_attn.q_proj.lora_magnitude_vector,7,q_proj,F32,True,1.0,0.0004969225010427181,0.000576810404337869,0.002559661865234375
fp32-magnitude,10,200,base_model.model.model.layers.7.self_attn.q_proj.lora_magnitude_vector,7,q_proj,F32,True,1.0,0.0007564260995422956,0.0008886187478686379,0.003712594509124756
fp32-magnitude,10,500,base_model.model.model.layers.7.self_attn.q_proj.lora_magnitude_vector,7,q_proj,F32,True,1.0,0.0011917598276340868,0.0014119751923764618,0.006768226623535156
fp32-magnitude,10,1000,base_model.model.model.layers.7.self_attn.q_proj.lora_magnitude_vector,7,q_proj,F32,True,1.0,0.0015127022161323112,0.0017822527350479225,0.008474111557006836
fp32-magnitude,10,2000,base_model.model.model.layers.7.self_attn.q_proj.lora_magnitude_vector,7,q_proj,F32,True,1.0,0.0017004215769702569,0.0019884773176461973,0.008701145648956299
fp32-magnitude,10,10,base_model.model.model.layers.7.self_attn.v_proj.lora_magnitude_vector,7,v_proj,F32,False,0.0,0.0,0.0,0.0
fp32-magnitude,10,50,base_model.model.model.layers.7.self_attn.v_proj.lora_magnitude_vector,7,v_proj,F32,True,1.0,0.00032753197592683136,0.0007986780126869727,0.0010354816913604736
fp32-magnitude,10,100,base_model.model.model.layers.7.self_attn.v_proj.lora_magnitude_vector,7,v_proj,F32,True,1.0,0.0005218038568273187,0.0013479410026375795,0.002075374126434326
fp32-magnitude,10,200,base_model.model.model.layers.7.self_attn.v_proj.lora_magnitude_vector,7,v_proj,F32,True,1.0,0.0008011549653019756,0.0021122622761121632,0.003621608018875122
fp32-magnitude,10,500,base_model.model.model.layers.7.self_attn.v_proj.lora_magnitude_vector,7,v_proj,F32,True,1.0,0.0012596964952535927,0.003289972748494782,0.005706191062927246
fp32-magnitude,10,1000,base_model.model.model.layers.7.self_attn.v_proj.lora_magnitude_vector,7,v_proj,F32,True,1.0,0.0016511885914951563,0.004345132128647538,0.0073642730712890625
fp32-magnitude,10,2000,base_model.model.model.layers.7.self_attn.v_proj.lora_magnitude_vector,7,v_proj,F32,True,1.0,0.0018245602259412408,0.0048154185015253466,0.008550465106964111
fp32-magnitude,10,10,base_model.model.model.layers.8.mlp.down_proj.lora_magnitude_vector,8,down_proj,F32,False,0.0,0.0,0.0,0.0
fp32-magnitude,10,50,base_model.model.model.layers.8.mlp.down_proj.lora_magnitude_vector,8,down_proj,F32,True,0.999755859375,0.00036140418524155393,0.0003422896110689116,0.0010678768157958984
fp32-magnitude,10,100,base_model.model.model.layers.8.mlp.down_proj.lora_magnitude_vector,8,down_proj,F32,True,1.0,0.0005483026543515734,0.0005446938072044444,0.0024781227111816406
fp32-magnitude,10,200,base_model.model.model.layers.8.mlp.down_proj.lora_magnitude_vector,8,down_proj,F32,True,1.0,0.0007938135386211798,0.0008064656117201074,0.0037078857421875
fp32-magnitude,10,500,base_model.model.model.layers.8.mlp.down_proj.lora_magnitude_vector,8,down_proj,F32,True,1.0,0.0012304775809752755,0.001257090727038042,0.006103992462158203
fp32-magnitude,10,1000,base_model.model.model.layers.8.mlp.down_proj.lora_magnitude_vector,8,down_proj,F32,True,1.0,0.001617245696252212,0.0016470852436255216,0.009348034858703613
fp32-magnitude,10,2000,base_model.model.model.layers.8.mlp.down_proj.lora_magnitude_vector,8,down_proj,F32,True,1.0,0.0018099390945280902,0.001843247160714028,0.009549617767333984
fp32-magnitude,10,10,base_model.model.model.layers.8.mlp.up_proj.lora_magnitude_vector,8,up_proj,F32,False,0.0,0.0,0.0,0.0
fp32-magnitude,10,50,base_model.model.model.layers.8.mlp.up_proj.lora_magnitude_vector,8,up_proj,F32,True,0.9999302455357143,0.00034655975884691415,0.000619119272932684,0.0010755062103271484
fp32-magnitude,10,100,base_model.model.model.layers.8.mlp.up_proj.lora_magnitude_vector,8,up_proj,F32,True,1.0,0.0005490200544175293,0.0010336426759325675,0.0023999810218811035
fp32-magnitude,10,200,base_model.model.model.layers.8.mlp.up_proj.lora_magnitude_vector,8,up_proj,F32,True,0.9999302455357143,0.0008283288937361379,0.0015874645534602176,0.005533874034881592
fp32-magnitude,10,500,base_model.model.model.layers.8.mlp.up_proj.lora_magnitude_vector,8,up_proj,F32,True,1.0,0.0012899477608568435,0.002485653225858445,0.007693946361541748
fp32-magnitude,10,1000,base_model.model.model.layers.8.mlp.up_proj.lora_magnitude_vector,8,up_proj,F32,True,1.0,0.0017020003870129585,0.0032744603000148856,0.011372566223144531
fp32-magnitude,10,2000,base_model.model.model.layers.8.mlp.up_proj.lora_magnitude_vector,8,up_proj,F32,True,1.0,0.0019018880723576461,0.0036558175371913973,0.012027621269226074
fp32-magnitude,10,10,base_model.model.model.layers.8.self_attn.k_proj.lora_magnitude_vector,8,k_proj,F32,False,0.0,0.0,0.0,0.0
fp32-magnitude,10,50,base_model.model.model.layers.8.self_attn.k_proj.lora_magnitude_vector,8,k_proj,F32,True,1.0,0.0003287297149654478,0.00022779816874141974,0.0009453296661376953
fp32-magnitude,10,100,base_model.model.model.layers.8.self_attn.k_proj.lora_magnitude_vector,8,k_proj,F32,True,1.0,0.0005052216874901205,0.0003717879506888313,0.0025403499603271484
fp32-magnitude,10,200,base_model.model.model.layers.8.self_attn.k_proj.lora_magnitude_vector,8,k_proj,F32,True,1.0,0.0007766368798911572,0.0005797266575029354,0.003461480140686035
fp32-magnitude,10,500,base_model.model.model.layers.8.self_attn.k_proj.lora_magnitude_vector,8,k_proj,F32,True,1.0,0.0011506208684295416,0.0008647427679899463,0.005595207214355469
fp32-magnitude,10,1000,base_model.model.model.layers.8.self_attn.k_proj.lora_magnitude_vector,8,k_proj,F32,True,1.0,0.0014362492656800896,0.001093863026242675,0.006164073944091797
fp32-magnitude,10,2000,base_model.model.model.layers.8.self_attn.k_proj.lora_magnitude_vector,8,k_proj,F32,True,1.0,0.0016018554160837084,0.0012101661122805273,0.007953166961669922
fp32-magnitude,10,10,base_model.model.model.layers.8.self_attn.q_proj.lora_magnitude_vector,8,q_proj,F32,False,0.0,0.0,0.0,0.0
fp32-magnitude,10,50,base_model.model.model.layers.8.self_attn.q_proj.lora_magnitude_vector,8,q_proj,F32,True,1.0,0.00032865819230210036,0.00035690696534855623,0.001051187515258789
fp32-magnitude,10,100,base_model.model.model.layers.8.self_attn.q_proj.lora_magnitude_vector,8,q_proj,F32,True,1.0,0.0005339795170584694,0.0006149987122783118,0.0025353431701660156
fp32-magnitude,10,200,base_model.model.model.layers.8.self_attn.q_proj.lora_magnitude_vector,8,q_proj,F32,True,1.0,0.0008272502163890749,0.0009675362967097957,0.0041353702545166016
fp32-magnitude,10,500,base_model.model.model.layers.8.self_attn.q_proj.lora_magnitude_vector,8,q_proj,F32,True,1.0,0.0012363595742499456,0.0014505030129538547,0.008362174034118652
fp32-magnitude,10,1000,base_model.model.model.layers.8.self_attn.q_proj.lora_magnitude_vector,8,q_proj,F32,True,0.999755859375,0.0016012852429412305,0.001882490667189781,0.00949549674987793
fp32-magnitude,10,2000,base_model.model.model.layers.8.self_attn.q_proj.lora_magnitude_vector,8,q_proj,F32,True,1.0,0.0017545605514897034,0.0020707486193633487,0.009647786617279053
fp32-magnitude,10,10,base_model.model.model.layers.8.self_attn.v_proj.lora_magnitude_vector,8,v_proj,F32,False,0.0,0.0,0.0,0.0
fp32-magnitude,10,50,base_model.model.model.layers.8.self_attn.v_proj.lora_magnitude_vector,8,v_proj,F32,True,1.0,0.0003361344861332327,0.0007896812303067406,0.001063227653503418
fp32-magnitude,10,100,base_model.model.model.layers.8.self_attn.v_proj.lora_magnitude_vector,8,v_proj,F32,True,1.0,0.0005334767629392445,0.0013212980777544657,0.0027942657470703125
fp32-magnitude,10,200,base_model.model.model.layers.8.self_attn.v_proj.lora_magnitude_vector,8,v_proj,F32,True,1.0,0.0008147868793457747,0.002011980800235814,0.003592073917388916
fp32-magnitude,10,500,base_model.model.model.layers.8.self_attn.v_proj.lora_magnitude_vector,8,v_proj,F32,True,1.0,0.0012210166896693408,0.00307173695959069,0.004784256219863892
fp32-magnitude,10,1000,base_model.model.model.layers.8.self_attn.v_proj.lora_magnitude_vector,8,v_proj,F32,True,1.0,0.0015776817745063454,0.004064882801768418,0.00782543420791626
fp32-magnitude,10,2000,base_model.model.model.layers.8.self_attn.v_proj.lora_magnitude_vector,8,v_proj,F32,True,1.0,0.0017641410522628576,0.004530979216405403,0.008375614881515503
fp32-magnitude,10,10,base_model.model.model.layers.9.mlp.down_proj.lora_magnitude_vector,9,down_proj,F32,False,0.0,0.0,0.0,0.0
fp32-magnitude,10,50,base_model.model.model.layers.9.mlp.down_proj.lora_magnitude_vector,9,down_proj,F32,True,1.0,0.00037182210508035496,0.0003501028966909547,0.0010706186294555664
fp32-magnitude,10,100,base_model.model.model.layers.9.mlp.down_proj.lora_magnitude_vector,9,down_proj,F32,True,1.0,0.0005765400346717797,0.0005724847711086106,0.0022498369216918945
fp32-magnitude,10,200,base_model.model.model.layers.9.mlp.down_proj.lora_magnitude_vector,9,down_proj,F32,True,1.0,0.0008407552668359131,0.0008498079770202668,0.004279732704162598
fp32-magnitude,10,500,base_model.model.model.layers.9.mlp.down_proj.lora_magnitude_vector,9,down_proj,F32,True,0.999755859375,0.001296697388170287,0.0013165208802948295,0.006036043167114258
fp32-magnitude,10,1000,base_model.model.model.layers.9.mlp.down_proj.lora_magnitude_vector,9,down_proj,F32,True,1.0,0.0016854416971909814,0.0017102176300328438,0.007630348205566406
fp32-magnitude,10,2000,base_model.model.model.layers.9.mlp.down_proj.lora_magnitude_vector,9,down_proj,F32,True,1.0,0.0018800473189912736,0.001912072859899734,0.008657217025756836
fp32-magnitude,10,10,base_model.model.model.layers.9.mlp.up_proj.lora_magnitude_vector,9,up_proj,F32,False,0.0,0.0,0.0,0.0
fp32-magnitude,10,50,base_model.model.model.layers.9.mlp.up_proj.lora_magnitude_vector,9,up_proj,F32,True,1.0,0.0003634611057350412,0.000638685175887105,0.001110672950744629
fp32-magnitude,10,100,base_model.model.model.layers.9.mlp.up_proj.lora_magnitude_vector,9,up_proj,F32,True,1.0,0.000577946490791094,0.0010693417096851547,0.0033565163612365723
fp32-magnitude,10,200,base_model.model.model.layers.9.mlp.up_proj.lora_magnitude_vector,9,up_proj,F32,True,1.0,0.0008671896004151287,0.0016432727878524871,0.004941999912261963
fp32-magnitude,10,500,base_model.model.model.layers.9.mlp.up_proj.lora_magnitude_vector,9,up_proj,F32,True,1.0,0.0013326339436129534,0.0025437362415880356,0.007887303829193115
fp32-magnitude,10,1000,base_model.model.model.layers.9.mlp.up_proj.lora_magnitude_vector,9,up_proj,F32,True,1.0,0.0017184908439438523,0.0032776588133567996,0.0096055269241333
fp32-magnitude,10,2000,base_model.model.model.layers.9.mlp.up_proj.lora_magnitude_vector,9,up_proj,F32,True,0.9999302455357143,0.001920723925910092,0.0036528151141118153,0.011954724788665771
fp32-magnitude,10,10,base_model.model.model.layers.9.self_attn.k_proj.lora_magnitude_vector,9,k_proj,F32,False,0.0,0.0,0.0,0.0
fp32-magnitude,10,50,base_model.model.model.layers.9.self_attn.k_proj.lora_magnitude_vector,9,k_proj,F32,True,1.0,0.00034426513593643904,0.0002392561672813889,0.0010492801666259766
fp32-magnitude,10,100,base_model.model.model.layers.9.self_attn.k_proj.lora_magnitude_vector,9,k_proj,F32,True,1.0,0.0005320054478943348,0.0003901919573726508,0.0022859573364257812
fp32-magnitude,10,200,base_model.model.model.layers.9.self_attn.k_proj.lora_magnitude_vector,9,k_proj,F32,True,1.0,0.0008434675401076674,0.0006338737653354879,0.0038077831268310547
fp32-magnitude,10,500,base_model.model.model.layers.9.self_attn.k_proj.lora_magnitude_vector,9,k_proj,F32,True,1.0,0.001324322511209175,0.0009944688374529656,0.008649230003356934
fp32-magnitude,10,1000,base_model.model.model.layers.9.self_attn.k_proj.lora_magnitude_vector,9,k_proj,F32,True,1.0,0.0017269378004129976,0.0013105364626209712,0.011439919471740723
fp32-magnitude,10,2000,base_model.model.model.layers.9.self_attn.k_proj.lora_magnitude_vector,9,k_proj,F32,True,1.0,0.0018748629372566938,0.0014321184618188503,0.012368917465209961
fp32-magnitude,10,10,base_model.model.model.layers.9.self_attn.q_proj.lora_magnitude_vector,9,q_proj,F32,False,0.0,0.0,0.0,0.0
fp32-magnitude,10,50,base_model.model.model.layers.9.self_attn.q_proj.lora_magnitude_vector,9,q_proj,F32,True,1.0,0.0003374748339410871,0.00036564164663713706,0.0010770559310913086
fp32-magnitude,10,100,base_model.model.model.layers.9.self_attn.q_proj.lora_magnitude_vector,9,q_proj,F32,True,1.0,0.0005368291240301915,0.0006144744672708781,0.0024917125701904297
fp32-magnitude,10,200,base_model.model.model.layers.9.self_attn.q_proj.lora_magnitude_vector,9,q_proj,F32,True,1.0,0.0008140620848280378,0.0009509543036891611,0.004107117652893066
fp32-magnitude,10,500,base_model.model.model.layers.9.self_attn.q_proj.lora_magnitude_vector,9,q_proj,F32,True,1.0,0.0012644979287870228,0.001495080314483,0.008278906345367432
fp32-magnitude,10,1000,base_model.model.model.layers.9.self_attn.q_proj.lora_magnitude_vector,9,q_proj,F32,True,0.999755859375,0.0016370081721106544,0.0019270607437729323,0.011732637882232666
fp32-magnitude,10,2000,base_model.model.model.layers.9.self_attn.q_proj.lora_magnitude_vector,9,q_proj,F32,True,1.0,0.0018070751684717834,0.0021375163795231116,0.012229621410369873
fp32-magnitude,10,10,base_model.model.model.layers.9.self_attn.v_proj.lora_magnitude_vector,9,v_proj,F32,False,0.0,0.0,0.0,0.0
fp32-magnitude,10,50,base_model.model.model.layers.9.self_attn.v_proj.lora_magnitude_vector,9,v_proj,F32,True,1.0,0.00035596892121247947,0.0007149148611202686,0.0010051727294921875
fp32-magnitude,10,100,base_model.model.model.layers.9.self_attn.v_proj.lora_magnitude_vector,9,v_proj,F32,True,1.0,0.0005825893313158303,0.0012341813194506127,0.0022838711738586426
fp32-magnitude,10,200,base_model.model.model.layers.9.self_attn.v_proj.lora_magnitude_vector,9,v_proj,F32,True,1.0,0.0008677825098857284,0.001871566604916152,0.004175901412963867
fp32-magnitude,10,500,base_model.model.model.layers.9.self_attn.v_proj.lora_magnitude_vector,9,v_proj,F32,True,1.0,0.0013285197201184928,0.002879579560766245,0.00564950704574585
fp32-magnitude,10,1000,base_model.model.model.layers.9.self_attn.v_proj.lora_magnitude_vector,9,v_proj,F32,True,1.0,0.0017409806605428457,0.0037148826442223283,0.007109999656677246
fp32-magnitude,10,2000,base_model.model.model.layers.9.self_attn.v_proj.lora_magnitude_vector,9,v_proj,F32,True,1.0,0.0019505159580148757,0.00418404890581205,0.007660031318664551
