run_id,run,method,seed,snapshot,step,checkpoint_fraction,layer,target_module,quantized_base,delta_direction,delta_magnitude_paper,delta_magnitude_rel,coefficient_update_rel,effective_weight_update_rel,quant_delta_direction,total_delta_direction,quant_delta_magnitude_paper,quant_delta_magnitude_rel,total_delta_magnitude_paper,total_delta_magnitude_rel
dora-seed42,DoRA (seed 42),DoRA,42,fraction_0.25_step_7989,7989,0.25,0,down_proj,False,0.005808744579553604,0.006538359448313713,0.006508946884423494,0.1068350300192833,0.10644195973873138,,,,,,
dora-seed42,DoRA (seed 42),DoRA,42,fraction_0.25_step_7989,7989,0.25,1,down_proj,False,0.005736308638006449,0.006373743526637554,0.006300011184066534,0.10782510042190552,0.10690771043300629,,,,,,
dora-seed42,DoRA (seed 42),DoRA,42,fraction_0.25_step_7989,7989,0.25,2,down_proj,False,0.0048156483098864555,0.0064566247165203094,0.006319517735391855,0.0983162596821785,0.0981067419052124,,,,,,
dora-seed42,DoRA (seed 42),DoRA,42,fraction_0.25_step_7989,7989,0.25,3,down_proj,False,0.00530996872112155,0.006509315222501755,0.006550040561705828,0.10302407294511795,0.10271758586168289,,,,,,
dora-seed42,DoRA (seed 42),DoRA,42,fraction_0.25_step_7989,7989,0.25,4,down_proj,False,0.0049324906431138515,0.006269019562751055,0.006468145176768303,0.0991930365562439,0.09896910935640335,,,,,,
dora-seed42,DoRA (seed 42),DoRA,42,fraction_0.25_step_7989,7989,0.25,5,down_proj,False,0.004736754577606916,0.006445720326155424,0.006633224431425333,0.09697724133729935,0.09674908965826035,,,,,,
dora-seed42,DoRA (seed 42),DoRA,42,fraction_0.25_step_7989,7989,0.25,0,k_proj,False,0.003172453958541155,0.006247597746551037,0.004800575319677591,0.06388873606920242,0.06365218013525009,,,,,,
dora-seed42,DoRA (seed 42),DoRA,42,fraction_0.25_step_7989,7989,0.25,1,k_proj,False,0.0011530796764418483,0.004989877343177795,0.003994225058704615,0.034753575921058655,0.03493950888514519,,,,,,
dora-seed42,DoRA (seed 42),DoRA,42,fraction_0.25_step_7989,7989,0.25,2,k_proj,False,0.0014995045494288206,0.005818500183522701,0.004282321315258741,0.04001855477690697,0.04017915204167366,,,,,,
dora-seed42,DoRA (seed 42),DoRA,42,fraction_0.25_step_7989,7989,0.25,3,k_proj,False,0.001137944171205163,0.005854488350450993,0.004376387223601341,0.0403883196413517,0.040574319660663605,,,,,,
dora-seed42,DoRA (seed 42),DoRA,42,fraction_0.25_step_7989,7989,0.25,4,k_proj,False,0.0009650389547459781,0.005732348654419184,0.004329118877649307,0.03836522251367569,0.038553789258003235,,,,,,
dora-seed42,DoRA (seed 42),DoRA,42,fraction_0.25_step_7989,7989,0.25,5,k_proj,False,0.0018490012735128403,0.006140288431197405,0.004566596820950508,0.047869980335235596,0.04797939583659172,,,,,,
dora-seed42,DoRA (seed 42),DoRA,42,fraction_0.25_step_7989,7989,0.25,0,q_proj,False,0.005146396812051535,0.006024376023560762,0.006725708954036236,0.07701937109231949,0.07676330953836441,,,,,,
dora-seed42,DoRA (seed 42),DoRA,42,fraction_0.25_step_7989,7989,0.25,1,q_proj,False,0.002532312413677573,0.005274882074445486,0.005747450515627861,0.05304428189992905,0.05322554334998131,,,,,,
dora-seed42,DoRA (seed 42),DoRA,42,fraction_0.25_step_7989,7989,0.25,2,q_proj,False,0.002969813998788595,0.0056009660474956036,0.006376267410814762,0.06001744791865349,0.060176871716976166,,,,,,
dora-seed42,DoRA (seed 42),DoRA,42,fraction_0.25_step_7989,7989,0.25,3,q_proj,False,0.002452447544783354,0.005799645092338324,0.0065536643378436565,0.059919822961091995,0.0601423904299736,,,,,,
dora-seed42,DoRA (seed 42),DoRA,42,fraction_0.25_step_7989,7989,0.25,4,q_proj,False,0.002557464875280857,0.005726369097828865,0.006560072768479586,0.059196777641773224,0.05939219892024994,,,,,,
dora-seed42,DoRA (seed 42),DoRA,42,fraction_0.25_step_7989,7989,0.25,5,q_proj,False,0.0032953228801488876,0.0060140276327729225,0.006921110209077597,0.06257573515176773,0.06277335435152054,,,,,,
dora-seed42,DoRA (seed 42),DoRA,42,fraction_0.25_step_7989,7989,0.25,0,up_proj,False,0.00733610475435853,0.0062612369656562805,0.011666953563690186,0.12154179066419601,0.12133786082267761,,,,,,
dora-seed42,DoRA (seed 42),DoRA,42,fraction_0.25_step_7989,7989,0.25,1,up_proj,False,0.007428332231938839,0.006275583058595657,0.011525879614055157,0.12242452055215836,0.12212216854095459,,,,,,
dora-seed42,DoRA (seed 42),DoRA,42,fraction_0.25_step_7989,7989,0.25,2,up_proj,False,0.007931738160550594,0.006232700776308775,0.011568998917937279,0.12657393515110016,0.12609919905662537,,,,,,
dora-seed42,DoRA (seed 42),DoRA,42,fraction_0.25_step_7989,7989,0.25,3,up_proj,False,0.007686522323638201,0.006271089427173138,0.011846109293401241,0.1245756596326828,0.12418295443058014,,,,,,
dora-seed42,DoRA (seed 42),DoRA,42,fraction_0.25_step_7989,7989,0.25,4,up_proj,False,0.006697893142700195,0.006353509146720171,0.012313797138631344,0.11600818485021591,0.11591842770576477,,,,,,
dora-seed42,DoRA (seed 42),DoRA,42,fraction_0.25_step_7989,7989,0.25,5,up_proj,False,0.006504330784082413,0.006348512601107359,0.012168127112090588,0.1141628548502922,0.1140892505645752,,,,,,
dora-seed42,DoRA (seed 42),DoRA,42,fraction_0.25_step_7989,7989,0.25,0,v_proj,False,0.010069029405713081,0.0063009425066411495,0.018950754776597023,0.14021773636341095,0.13993927836418152,,,,,,
dora-seed42,DoRA (seed 42),DoRA,42,fraction_0.25_step_7989,7989,0.25,1,v_proj,False,0.008730420842766762,0.006068190094083548,0.01512940600514412,0.12740835547447205,0.12715865671634674,,,,,,
dora-seed42,DoRA (seed 42),DoRA,42,fraction_0.25_step_7989,7989,0.25,2,v_proj,False,0.014942876063287258,0.00594227435067296,0.017906880006194115,0.16006051003932953,0.1586882770061493,,,,,,
dora-seed42,DoRA (seed 42),DoRA,42,fraction_0.25_step_7989,7989,0.25,3,v_proj,False,0.009328288957476616,0.006227871403098106,0.015592641197144985,0.13296055793762207,0.13261643052101135,,,,,,
dora-seed42,DoRA (seed 42),DoRA,42,fraction_0.25_step_7989,7989,0.25,4,v_proj,False,0.008378654718399048,0.006028139963746071,0.014030787162482738,0.12072131037712097,0.12044167518615723,,,,,,
dora-seed42,DoRA (seed 42),DoRA,42,fraction_0.25_step_7989,7989,0.25,5,v_proj,False,0.0106507558375597,0.006187718827277422,0.017376983538269997,0.1424000859260559,0.1419154703617096,,,,,,
dora-seed42,DoRA (seed 42),DoRA,42,fraction_0.5_step_15978,15978,0.5,0,down_proj,False,0.0105180274695158,0.008304756134748459,0.008296781219542027,0.14450892806053162,0.1433953195810318,,,,,,
dora-seed42,DoRA (seed 42),DoRA,42,fraction_0.5_step_15978,15978,0.5,1,down_proj,False,0.008679023943841457,0.008077115751802921,0.008049768395721912,0.13291886448860168,0.13150377571582794,,,,,,
dora-seed42,DoRA (seed 42),DoRA,42,fraction_0.5_step_15978,15978,0.5,2,down_proj,False,0.009266255423426628,0.008198155090212822,0.008083590306341648,0.13686200976371765,0.1360168159008026,,,,,,
dora-seed42,DoRA (seed 42),DoRA,42,fraction_0.5_step_15978,15978,0.5,3,down_proj,False,0.00991910696029663,0.00834710244089365,0.008391493000090122,0.14123782515525818,0.1402561515569687,,,,,,
dora-seed42,DoRA (seed 42),DoRA,42,fraction_0.5_step_15978,15978,0.5,4,down_proj,False,0.009233884513378143,0.008291169069707394,0.008550339378416538,0.13607172667980194,0.1352713704109192,,,,,,
dora-seed42,DoRA (seed 42),DoRA,42,fraction_0.5_step_15978,15978,0.5,5,down_proj,False,0.008763759396970272,0.008280417881906033,0.008547540754079819,0.13209174573421478,0.13131959736347198,,,,,,
dora-seed42,DoRA (seed 42),DoRA,42,fraction_0.5_step_15978,15978,0.5,0,k_proj,False,0.006232288666069508,0.007397501263767481,0.005594114772975445,0.08802107721567154,0.08713503926992416,,,,,,
dora-seed42,DoRA (seed 42),DoRA,42,fraction_0.5_step_15978,15978,0.5,1,k_proj,False,0.001686569768935442,0.0059427423402667046,0.004715126473456621,0.04614584892988205,0.046306733042001724,,,,,,
dora-seed42,DoRA (seed 42),DoRA,42,fraction_0.5_step_15978,15978,0.5,2,k_proj,False,0.002843508729711175,0.006911573465913534,0.00513208145275712,0.05555730313062668,0.05562209337949753,,,,,,
dora-seed42,DoRA (seed 42),DoRA,42,fraction_0.5_step_15978,15978,0.5,3,k_proj,False,0.002128844615072012,0.007182477042078972,0.005319096148014069,0.05586555600166321,0.05600834637880325,,,,,,
dora-seed42,DoRA (seed 42),DoRA,42,fraction_0.5_step_15978,15978,0.5,4,k_proj,False,0.0018963883630931377,0.00700866524130106,0.005351339466869831,0.054097309708595276,0.0542440190911293,,,,,,
dora-seed42,DoRA (seed 42),DoRA,42,fraction_0.5_step_15978,15978,0.5,5,k_proj,False,0.003560626646503806,0.007684670388698578,0.00576826324686408,0.06619423627853394,0.06618300080299377,,,,,,
dora-seed42,DoRA (seed 42),DoRA,42,fraction_0.5_step_15978,15978,0.5,0,q_proj,False,0.009144608862698078,0.007233028765767813,0.00815540086477995,0.10264226794242859,0.10181120783090591,,,,,,
dora-seed42,DoRA (seed 42),DoRA,42,fraction_0.5_step_15978,15978,0.5,1,q_proj,False,0.004069843795150518,0.006291611585766077,0.007061106618493795,0.07013456523418427,0.07023743540048599,,,,,,
dora-seed42,DoRA (seed 42),DoRA,42,fraction_0.5_step_15978,15978,0.5,2,q_proj,False,0.005624088458716869,0.007097348570823669,0.008114747703075409,0.0828055590391159,0.08275505900382996,,,,,,
dora-seed42,DoRA (seed 42),DoRA,42,fraction_0.5_step_15978,15978,0.5,3,q_proj,False,0.0045763663947582245,0.007227527443319559,0.00821568351238966,0.08276782929897308,0.08285219222307205,,,,,,
dora-seed42,DoRA (seed 42),DoRA,42,fraction_0.5_step_15978,15978,0.5,4,q_proj,False,0.0048719290643930435,0.007310069631785154,0.008409533649682999,0.08252278715372086,0.08254749327898026,,,,,,
dora-seed42,DoRA (seed 42),DoRA,42,fraction_0.5_step_15978,15978,0.5,5,q_proj,False,0.006219237111508846,0.007688228040933609,0.008892220444977283,0.08657088130712509,0.08654049038887024,,,,,,
dora-seed42,DoRA (seed 42),DoRA,42,fraction_0.5_step_15978,15978,0.5,0,up_proj,False,0.014543379656970501,0.008140378631651402,0.01519389171153307,0.17224912345409393,0.170828178524971,,,,,,
dora-seed42,DoRA (seed 42),DoRA,42,fraction_0.5_step_15978,15978,0.5,1,up_proj,False,0.014016186818480492,0.008224260993301868,0.01505684107542038,0.1691541075706482,0.16775020956993103,,,,,,
dora-seed42,DoRA (seed 42),DoRA,42,fraction_0.5_step_15978,15978,0.5,2,up_proj,False,0.014419673942029476,0.00804767943918705,0.014881858602166176,0.1716640591621399,0.1700480729341507,,,,,,
dora-seed42,DoRA (seed 42),DoRA,42,fraction_0.5_step_15978,15978,0.5,3,up_proj,False,0.013938570395112038,0.008109699003398418,0.015320858918130398,0.16874440014362335,0.16731330752372742,,,,,,
dora-seed42,DoRA (seed 42),DoRA,42,fraction_0.5_step_15978,15978,0.5,4,up_proj,False,0.012224622070789337,0.008205311372876167,0.015870409086346626,0.15752489864826202,0.15664121508598328,,,,,,
dora-seed42,DoRA (seed 42),DoRA,42,fraction_0.5_step_15978,15978,0.5,5,up_proj,False,0.011952385306358337,0.008299234323203564,0.015854738652706146,0.15559840202331543,0.15475994348526,,,,,,
dora-seed42,DoRA (seed 42),DoRA,42,fraction_0.5_step_15978,15978,0.5,0,v_proj,False,0.016042837873101234,0.008197396993637085,0.025166550651192665,0.17848503589630127,0.177121102809906,,,,,,
dora-seed42,DoRA (seed 42),DoRA,42,fraction_0.5_step_15978,15978,0.5,1,v_proj,False,0.014166153967380524,0.007813182659447193,0.01971706934273243,0.16264866292476654,0.1615491360425949,,,,,,
dora-seed42,DoRA (seed 42),DoRA,42,fraction_0.5_step_15978,15978,0.5,2,v_proj,False,0.024964788928627968,0.007698000408709049,0.023227963596582413,0.20729565620422363,0.2034424990415573,,,,,,
dora-seed42,DoRA (seed 42),DoRA,42,fraction_0.5_step_15978,15978,0.5,3,v_proj,False,0.01566932164132595,0.008047378621995449,0.020289788022637367,0.17349517345428467,0.17203649878501892,,,,,,
dora-seed42,DoRA (seed 42),DoRA,42,fraction_0.5_step_15978,15978,0.5,4,v_proj,False,0.014560016803443432,0.007852474227547646,0.018328683450818062,0.16021043062210083,0.15893439948558807,,,,,,
dora-seed42,DoRA (seed 42),DoRA,42,fraction_0.5_step_15978,15978,0.5,5,v_proj,False,0.01852794736623764,0.008044755086302757,0.022707801312208176,0.18857695162296295,0.18644356727600098,,,,,,
dora-seed42,DoRA (seed 42),DoRA,42,fraction_0.75_step_23967,23967,0.75,0,down_proj,False,0.01268856506794691,0.009011434391140938,0.009003459475934505,0.15894758701324463,0.15742728114128113,,,,,,
dora-seed42,DoRA (seed 42),DoRA,42,fraction_0.75_step_23967,23967,0.75,1,down_proj,False,0.009891009889543056,0.00874307844787836,0.008719370700418949,0.14192244410514832,0.14042647182941437,,,,,,
dora-seed42,DoRA (seed 42),DoRA,42,fraction_0.75_step_23967,23967,0.75,2,down_proj,False,0.011409456841647625,0.008882426656782627,0.008759352378547192,0.15196141600608826,0.15077106654644012,,,,,,
dora-seed42,DoRA (seed 42),DoRA,42,fraction_0.75_step_23967,23967,0.75,3,down_proj,False,0.012201600708067417,0.008994085714221,0.009073416702449322,0.15666747093200684,0.1553003191947937,,,,,,
dora-seed42,DoRA (seed 42),DoRA,42,fraction_0.75_step_23967,23967,0.75,4,down_proj,False,0.011235462501645088,0.00895756110548973,0.00926245003938675,0.1502600610256195,0.14914749562740326,,,,,,
dora-seed42,DoRA (seed 42),DoRA,42,fraction_0.75_step_23967,23967,0.75,5,down_proj,False,0.01070362888276577,0.009074685163795948,0.00931659433990717,0.14614562690258026,0.14507818222045898,,,,,,
dora-seed42,DoRA (seed 42),DoRA,42,fraction_0.75_step_23967,23967,0.75,0,k_proj,False,0.007203022018074989,0.007573636248707771,0.00575638934969902,0.09564701467752457,0.09447015821933746,,,,,,
dora-seed42,DoRA (seed 42),DoRA,42,fraction_0.75_step_23967,23967,0.75,1,k_proj,False,0.0020526216831058264,0.006468025967478752,0.005066622979938984,0.051826443523168564,0.051964931190013885,,,,,,
dora-seed42,DoRA (seed 42),DoRA,42,fraction_0.75_step_23967,23967,0.75,2,k_proj,False,0.00355825899168849,0.007327589672058821,0.00544468779116869,0.06239894777536392,0.06240066885948181,,,,,,
dora-seed42,DoRA (seed 42),DoRA,42,fraction_0.75_step_23967,23967,0.75,3,k_proj,False,0.002804272109642625,0.0077491095289587975,0.005713861435651779,0.0636318027973175,0.06373261660337448,,,,,,
dora-seed42,DoRA (seed 42),DoRA,42,fraction_0.75_step_23967,23967,0.75,4,k_proj,False,0.00248840544372797,0.007479835767298937,0.005704810377210379,0.0617607906460762,0.06185927614569664,,,,,,
dora-seed42,DoRA (seed 42),DoRA,42,fraction_0.75_step_23967,23967,0.75,5,k_proj,False,0.004567015450447798,0.008327526040375233,0.006208638194948435,0.07420293986797333,0.07409907132387161,,,,,,
dora-seed42,DoRA (seed 42),DoRA,42,fraction_0.75_step_23967,23967,0.75,0,q_proj,False,0.011374957859516144,0.0076654995791614056,0.00862141139805317,0.11492820084095001,0.11363514512777328,,,,,,
dora-seed42,DoRA (seed 42),DoRA,42,fraction_0.75_step_23967,23967,0.75,1,q_proj,False,0.004854379687458277,0.0068415626883506775,0.007674441672861576,0.07769321650266647,0.07772800326347351,,,,,,
dora-seed42,DoRA (seed 42),DoRA,42,fraction_0.75_step_23967,23967,0.75,2,q_proj,False,0.007188600022345781,0.007666096556931734,0.008814815431833267,0.09354916960000992,0.09332463890314102,,,,,,
dora-seed42,DoRA (seed 42),DoRA,42,fraction_0.75_step_23967,23967,0.75,3,q_proj,False,0.005735987331718206,0.007764948066323996,0.008871511556208134,0.0928657278418541,0.09284873306751251,,,,,,
dora-seed42,DoRA (seed 42),DoRA,42,fraction_0.75_step_23967,23967,0.75,4,q_proj,False,0.006011232268065214,0.007851600646972656,0.009076879359781742,0.09237755835056305,0.0922863706946373,,,,,,
dora-seed42,DoRA (seed 42),DoRA,42,fraction_0.75_step_23967,23967,0.75,5,q_proj,False,0.007875122129917145,0.008340857923030853,0.0097291748970747,0.09764160215854645,0.09745178371667862,,,,,,
dora-seed42,DoRA (seed 42),DoRA,42,fraction_0.75_step_23967,23967,0.75,0,up_proj,False,0.01842789724469185,0.008931375108659267,0.016657518222928047,0.19469131529331207,0.1924385279417038,,,,,,
dora-seed42,DoRA (seed 42),DoRA,42,fraction_0.75_step_23967,23967,0.75,1,up_proj,False,0.017405059188604355,0.00895640254020691,0.016421671956777573,0.1891413927078247,0.18704254925251007,,,,,,
dora-seed42,DoRA (seed 42),DoRA,42,fraction_0.75_step_23967,23967,0.75,2,up_proj,False,0.017582379281520844,0.00881690252572298,0.01628277450799942,0.19022004306316376,0.187954381108284,,,,,,
dora-seed42,DoRA (seed 42),DoRA,42,fraction_0.75_step_23967,23967,0.75,3,up_proj,False,0.016819488257169724,0.008852328173816204,0.016720730811357498,0.18591658771038055,0.18393199145793915,,,,,,
dora-seed42,DoRA (seed 42),DoRA,42,fraction_0.75_step_23967,23967,0.75,4,up_proj,False,0.014855916611850262,0.008950742892920971,0.017260991036891937,0.17403991520404816,0.17267917096614838,,,,,,
dora-seed42,DoRA (seed 42),DoRA,42,fraction_0.75_step_23967,23967,0.75,5,up_proj,False,0.014493828639388084,0.008992508985102177,0.01724819280207157,0.1716882288455963,0.17041483521461487,,,,,,
dora-seed42,DoRA (seed 42),DoRA,42,fraction_0.75_step_23967,23967,0.75,0,v_proj,False,0.018565179780125618,0.008845318108797073,0.02707020565867424,0.192738339304924,0.19081957638263702,,,,,,
dora-seed42,DoRA (seed 42),DoRA,42,fraction_0.75_step_23967,23967,0.75,1,v_proj,False,0.01652616262435913,0.008322367444634438,0.021050572395324707,0.17595911026000977,0.17438995838165283,,,,,,
dora-seed42,DoRA (seed 42),DoRA,42,fraction_0.75_step_23967,23967,0.75,2,v_proj,False,0.029326537624001503,0.008354485966265202,0.024939443916082382,0.22519239783287048,0.22008590400218964,,,,,,
dora-seed42,DoRA (seed 42),DoRA,42,fraction_0.75_step_23967,23967,0.75,3,v_proj,False,0.01853753626346588,0.00875997543334961,0.021982887759804726,0.18891118466854095,0.18687649071216583,,,,,,
dora-seed42,DoRA (seed 42),DoRA,42,fraction_0.75_step_23967,23967,0.75,4,v_proj,False,0.017275705933570862,0.00854973029345274,0.01995571330189705,0.17454025149345398,0.1727016568183899,,,,,,
dora-seed42,DoRA (seed 42),DoRA,42,fraction_0.75_step_23967,23967,0.75,5,v_proj,False,0.02253248542547226,0.008475061506032944,0.023993391543626785,0.2081192433834076,0.2049385905265808,,,,,,
dora-seed42,DoRA (seed 42),DoRA,42,final_step_31956,31956,1.0,0,down_proj,False,0.013382570818066597,0.009193100966513157,0.009185956791043282,0.16332799196243286,0.16167494654655457,,,,,,
dora-seed42,DoRA (seed 42),DoRA,42,final_step_31956,31956,1.0,1,down_proj,False,0.010373820550739765,0.00891133677214384,0.008885590359568596,0.14532434940338135,0.14374811947345734,,,,,,
dora-seed42,DoRA (seed 42),DoRA,42,final_step_31956,31956,1.0,2,down_proj,False,0.01208193227648735,0.009063560515642166,0.00893953163176775,0.1564250886440277,0.15511180460453033,,,,,,
dora-seed42,DoRA (seed 42),DoRA,42,final_step_31956,31956,1.0,3,down_proj,False,0.012902889400720596,0.00918385200202465,0.009254897944629192,0.16112810373306274,0.1596258282661438,,,,,,
dora-seed42,DoRA (seed 42),DoRA,42,final_step_31956,31956,1.0,4,down_proj,False,0.01186634972691536,0.00915400218218565,0.009470146149396896,0.1543920934200287,0.1531645953655243,,,,,,
dora-seed42,DoRA (seed 42),DoRA,42,final_step_31956,31956,1.0,5,down_proj,False,0.011336885392665863,0.00922967866063118,0.009506965056061745,0.15032297372817993,0.14915867149829865,,,,,,
dora-seed42,DoRA (seed 42),DoRA,42,final_step_31956,31956,1.0,0,k_proj,False,0.007323681842535734,0.00757147092372179,0.005770439747720957,0.09706974029541016,0.09586380422115326,,,,,,
dora-seed42,DoRA (seed 42),DoRA,42,final_step_31956,31956,1.0,1,k_proj,False,0.0023283339105546474,0.006519237998872995,0.005091069266200066,0.053681373596191406,0.053805477917194366,,,,,,
dora-seed42,DoRA (seed 42),DoRA,42,final_step_31956,31956,1.0,2,k_proj,False,0.003907591104507446,0.007489483337849379,0.005557795986533165,0.06503651291131973,0.06501484662294388,,,,,,
dora-seed42,DoRA (seed 42),DoRA,42,final_step_31956,31956,1.0,3,k_proj,False,0.0029638756532222033,0.007899237796664238,0.005807159468531609,0.06554989516735077,0.06564339250326157,,,,,,
dora-seed42,DoRA (seed 42),DoRA,42,final_step_31956,31956,1.0,4,k_proj,False,0.0026342542842030525,0.007559140678495169,0.00576282711699605,0.06366948038339615,0.06375868618488312,,,,,,
dora-seed42,DoRA (seed 42),DoRA,42,final_step_31956,31956,1.0,5,k_proj,False,0.004875705577433109,0.008469715714454651,0.00634234631434083,0.07646636664867401,0.07634003460407257,,,,,,
dora-seed42,DoRA (seed 42),DoRA,42,final_step_31956,31956,1.0,0,q_proj,False,0.012085270136594772,0.0077974614687263966,0.00876208208501339,0.11876217275857925,0.1173330694437027,,,,,,
dora-seed42,DoRA (seed 42),DoRA,42,final_step_31956,31956,1.0,1,q_proj,False,0.005195871461182833,0.006898117251694202,0.00775387417525053,0.08003159612417221,0.08003458380699158,,,,,,
dora-seed42,DoRA (seed 42),DoRA,42,final_step_31956,31956,1.0,2,q_proj,False,0.007650635205209255,0.007820195518434048,0.00900684017688036,0.09639828652143478,0.09612785279750824,,,,,,
dora-seed42,DoRA (seed 42),DoRA,42,final_step_31956,31956,1.0,3,q_proj,False,0.006063815206289291,0.007915675640106201,0.009035014547407627,0.09560002386569977,0.09555421024560928,,,,,,
dora-seed42,DoRA (seed 42),DoRA,42,final_step_31956,31956,1.0,4,q_proj,False,0.0064456891268491745,0.007972601801156998,0.00921518262475729,0.09561845660209656,0.09547791630029678,,,,,,
dora-seed42,DoRA (seed 42),DoRA,42,final_step_31956,31956,1.0,5,q_proj,False,0.008455775678157806,0.008486319333314896,0.009912874549627304,0.10108225792646408,0.10082351416349411,,,,,,
dora-seed42,DoRA (seed 42),DoRA,42,final_step_31956,31956,1.0,0,up_proj,False,0.019649764522910118,0.00910447258502245,0.01698126457631588,0.20126084983348846,0.19875553250312805,,,,,,
dora-seed42,DoRA (seed 42),DoRA,42,final_step_31956,31956,1.0,1,up_proj,False,0.018436461687088013,0.00912020355463028,0.01673106849193573,0.19486382603645325,0.19254091382026672,,,,,,
dora-seed42,DoRA (seed 42),DoRA,42,final_step_31956,31956,1.0,2,up_proj,False,0.018562065437436104,0.008979850448668003,0.016571104526519775,0.19565537571907043,0.1931699514389038,,,,,,
dora-seed42,DoRA (seed 42),DoRA,42,final_step_31956,31956,1.0,3,up_proj,False,0.017714979127049446,0.009023957885801792,0.017034657299518585,0.1909971386194229,0.18882006406784058,,,,,,
dora-seed42,DoRA (seed 42),DoRA,42,final_step_31956,31956,1.0,4,up_proj,False,0.0156851839274168,0.009117226116359234,0.017583107575774193,0.17898741364479065,0.17745718359947205,,,,,,
dora-seed42,DoRA (seed 42),DoRA,42,final_step_31956,31956,1.0,5,up_proj,False,0.015252393670380116,0.009154894389212132,0.017574520781636238,0.1762460619211197,0.17482644319534302,,,,,,
dora-seed42,DoRA (seed 42),DoRA,42,final_step_31956,31956,1.0,0,v_proj,False,0.01923832669854164,0.008975573815405369,0.027431907132267952,0.19645845890045166,0.1943846493959427,,,,,,
dora-seed42,DoRA (seed 42),DoRA,42,final_step_31956,31956,1.0,1,v_proj,False,0.01722295768558979,0.00844193808734417,0.02140556275844574,0.17975643277168274,0.17803597450256348,,,,,,
dora-seed42,DoRA (seed 42),DoRA,42,final_step_31956,31956,1.0,2,v_proj,False,0.030947377905249596,0.008497409522533417,0.025311367586255074,0.23111124336719513,0.22551530599594116,,,,,,
dora-seed42,DoRA (seed 42),DoRA,42,final_step_31956,31956,1.0,3,v_proj,False,0.019509371370077133,0.00889368075877428,0.02231748215854168,0.1938851773738861,0.19162145256996155,,,,,,
dora-seed42,DoRA (seed 42),DoRA,42,final_step_31956,31956,1.0,4,v_proj,False,0.018273837864398956,0.00871613621711731,0.020310143008828163,0.1793506145477295,0.17730101943016052,,,,,,
dora-seed42,DoRA (seed 42),DoRA,42,final_step_31956,31956,1.0,5,v_proj,False,0.023730285465717316,0.008551963604986668,0.024281904101371765,0.2137211263179779,0.21021315455436707,,,,,,
dora-seed43,DoRA (seed 43),DoRA,43,fraction_0.25_step_7989,7989,0.25,0,down_proj,False,0.00569838797673583,0.006442176643759012,0.006487690377980471,0.10576249659061432,0.10539454221725464,,,,,,
dora-seed43,DoRA (seed 43),DoRA,43,fraction_0.25_step_7989,7989,0.25,1,down_proj,False,0.005532340612262487,0.006444674450904131,0.006340168882161379,0.10574921220541,0.10498522222042084,,,,,,
dora-seed43,DoRA (seed 43),DoRA,43,fraction_0.25_step_7989,7989,0.25,2,down_proj,False,0.004879211075603962,0.006404354237020016,0.006315140053629875,0.0990057960152626,0.09877537935972214,,,,,,
dora-seed43,DoRA (seed 43),DoRA,43,fraction_0.25_step_7989,7989,0.25,3,down_proj,False,0.004860030021518469,0.0063210525549948215,0.006390286609530449,0.09850107878446579,0.09829272329807281,,,,,,
dora-seed43,DoRA (seed 43),DoRA,43,fraction_0.25_step_7989,7989,0.25,4,down_proj,False,0.005005648359656334,0.006392603274434805,0.006615997292101383,0.10001478344202042,0.09977757930755615,,,,,,
dora-seed43,DoRA (seed 43),DoRA,43,fraction_0.25_step_7989,7989,0.25,5,down_proj,False,0.00475184665992856,0.006465338636189699,0.006636584643274546,0.0970536544919014,0.09684649854898453,,,,,,
dora-seed43,DoRA (seed 43),DoRA,43,fraction_0.25_step_7989,7989,0.25,0,k_proj,False,0.004469402600079775,0.005713591352105141,0.004407341592013836,0.07395561039447784,0.07334613054990768,,,,,,
dora-seed43,DoRA (seed 43),DoRA,43,fraction_0.25_step_7989,7989,0.25,1,k_proj,False,0.0012029006611555815,0.005093622952699661,0.003993540536612272,0.0348668098449707,0.03504537045955658,,,,,,
dora-seed43,DoRA (seed 43),DoRA,43,fraction_0.25_step_7989,7989,0.25,2,k_proj,False,0.0014207863714545965,0.005646706558763981,0.004162545781582594,0.03914811462163925,0.03930540010333061,,,,,,
dora-seed43,DoRA (seed 43),DoRA,43,fraction_0.25_step_7989,7989,0.25,3,k_proj,False,0.0010245409794151783,0.005765637382864952,0.004289311822503805,0.03877037391066551,0.03895489498972893,,,,,,
dora-seed43,DoRA (seed 43),DoRA,43,fraction_0.25_step_7989,7989,0.25,4,k_proj,False,0.000929706497117877,0.0059139663353562355,0.004436304327100515,0.03724909573793411,0.03746863454580307,,,,,,
dora-seed43,DoRA (seed 43),DoRA,43,fraction_0.25_step_7989,7989,0.25,5,k_proj,False,0.0017170237842947245,0.0060564507730305195,0.004553025122731924,0.044659871608018875,0.04479149356484413,,,,,,
dora-seed43,DoRA (seed 43),DoRA,43,fraction_0.25_step_7989,7989,0.25,0,q_proj,False,0.005498839542269707,0.005751300603151321,0.006483811419457197,0.07755959779024124,0.07724380493164062,,,,,,
dora-seed43,DoRA (seed 43),DoRA,43,fraction_0.25_step_7989,7989,0.25,1,q_proj,False,0.002580143278464675,0.0052117896266281605,0.005797720514237881,0.053656548261642456,0.05382772907614708,,,,,,
dora-seed43,DoRA (seed 43),DoRA,43,fraction_0.25_step_7989,7989,0.25,2,q_proj,False,0.0031118348706513643,0.005515762604773045,0.006238582544028759,0.060447659343481064,0.06057550758123398,,,,,,
dora-seed43,DoRA (seed 43),DoRA,43,fraction_0.25_step_7989,7989,0.25,3,q_proj,False,0.002388371853157878,0.005723032634705305,0.0064788381569087505,0.05927150696516037,0.05949218571186066,,,,,,
dora-seed43,DoRA (seed 43),DoRA,43,fraction_0.25_step_7989,7989,0.25,4,q_proj,False,0.0026704666670411825,0.005995598621666431,0.006856994237750769,0.060043640434741974,0.06026126444339752,,,,,,
dora-seed43,DoRA (seed 43),DoRA,43,fraction_0.25_step_7989,7989,0.25,5,q_proj,False,0.003291658591479063,0.005867901258170605,0.006808428093791008,0.06256029009819031,0.06273243576288223,,,,,,
dora-seed43,DoRA (seed 43),DoRA,43,fraction_0.25_step_7989,7989,0.25,0,up_proj,False,0.007274247705936432,0.006356316152960062,0.011839279904961586,0.12100262194871902,0.12082552164793015,,,,,,
dora-seed43,DoRA (seed 43),DoRA,43,fraction_0.25_step_7989,7989,0.25,1,up_proj,False,0.0075698792934417725,0.006307435221970081,0.011557548306882381,0.12359541654586792,0.12325993180274963,,,,,,
dora-seed43,DoRA (seed 43),DoRA,43,fraction_0.25_step_7989,7989,0.25,2,up_proj,False,0.00801786221563816,0.006225602235645056,0.011469289660453796,0.12737073004245758,0.1268436461687088,,,,,,
dora-seed43,DoRA (seed 43),DoRA,43,fraction_0.25_step_7989,7989,0.25,3,up_proj,False,0.007886501960456371,0.006208612583577633,0.011686652898788452,0.12636391818523407,0.12584596872329712,,,,,,
dora-seed43,DoRA (seed 43),DoRA,43,fraction_0.25_step_7989,7989,0.25,4,up_proj,False,0.006714000832289457,0.006298352032899857,0.012215664610266685,0.11615586280822754,0.11606574803590775,,,,,,
dora-seed43,DoRA (seed 43),DoRA,43,fraction_0.25_step_7989,7989,0.25,5,up_proj,False,0.006332728546112776,0.0062874616123735905,0.012071831151843071,0.11259385943412781,0.11257903277873993,,,,,,
dora-seed43,DoRA (seed 43),DoRA,43,fraction_0.25_step_7989,7989,0.25,0,v_proj,False,0.010210906155407429,0.0062513332813978195,0.018810903653502464,0.14104439318180084,0.1407698690891266,,,,,,
dora-seed43,DoRA (seed 43),DoRA,43,fraction_0.25_step_7989,7989,0.25,1,v_proj,False,0.008767081424593925,0.0060364678502082825,0.015248351730406284,0.12725989520549774,0.12701980769634247,,,,,,
dora-seed43,DoRA (seed 43),DoRA,43,fraction_0.25_step_7989,7989,0.25,2,v_proj,False,0.014944457449018955,0.005853830836713314,0.017528174445033073,0.15984472632408142,0.15852446854114532,,,,,,
dora-seed43,DoRA (seed 43),DoRA,43,fraction_0.25_step_7989,7989,0.25,3,v_proj,False,0.009385221637785435,0.006139996461570263,0.015551240183413029,0.1328803300857544,0.13255548477172852,,,,,,
dora-seed43,DoRA (seed 43),DoRA,43,fraction_0.25_step_7989,7989,0.25,4,v_proj,False,0.008637971244752407,0.005829824134707451,0.013802225701510906,0.12305346876382828,0.1226571798324585,,,,,,
dora-seed43,DoRA (seed 43),DoRA,43,fraction_0.25_step_7989,7989,0.25,5,v_proj,False,0.010538696311414242,0.006307218689471483,0.01782311499118805,0.14156043529510498,0.14109711349010468,,,,,,
dora-seed43,DoRA (seed 43),DoRA,43,fraction_0.5_step_15978,15978,0.5,0,down_proj,False,0.010461595840752125,0.008160249330103397,0.00817396491765976,0.14402009546756744,0.14291544258594513,,,,,,
dora-seed43,DoRA (seed 43),DoRA,43,fraction_0.5_step_15978,15978,0.5,1,down_proj,False,0.008471139706671238,0.008361485786736012,0.00818945374339819,0.13124234974384308,0.1300250142812729,,,,,,
dora-seed43,DoRA (seed 43),DoRA,43,fraction_0.5_step_15978,15978,0.5,2,down_proj,False,0.009361126460134983,0.008299008943140507,0.008143738843500614,0.13762646913528442,0.13674230873584747,,,,,,
dora-seed43,DoRA (seed 43),DoRA,43,fraction_0.5_step_15978,15978,0.5,3,down_proj,False,0.009573740884661674,0.008297200314700603,0.00830936711281538,0.1386738121509552,0.13780376315116882,,,,,,
dora-seed43,DoRA (seed 43),DoRA,43,fraction_0.5_step_15978,15978,0.5,4,down_proj,False,0.009472668170928955,0.008378928527235985,0.008610046468675137,0.1379246860742569,0.13707910478115082,,,,,,
dora-seed43,DoRA (seed 43),DoRA,43,fraction_0.5_step_15978,15978,0.5,5,down_proj,False,0.008911360055208206,0.00835895910859108,0.008623475208878517,0.13321423530578613,0.13245005905628204,,,,,,
dora-seed43,DoRA (seed 43),DoRA,43,fraction_0.5_step_15978,15978,0.5,0,k_proj,False,0.0070734815672039986,0.007043471559882164,0.005466028116643429,0.09434457868337631,0.09303586184978485,,,,,,
dora-seed43,DoRA (seed 43),DoRA,43,fraction_0.5_step_15978,15978,0.5,1,k_proj,False,0.0019790465012192726,0.006228307727724314,0.004901053383946419,0.047525662928819656,0.04766860976815224,,,,,,
dora-seed43,DoRA (seed 43),DoRA,43,fraction_0.5_step_15978,15978,0.5,2,k_proj,False,0.0027538472786545753,0.006872647441923618,0.005081727169454098,0.054406918585300446,0.054484445601701736,,,,,,
dora-seed43,DoRA (seed 43),DoRA,43,fraction_0.5_step_15978,15978,0.5,3,k_proj,False,0.0020770400296896696,0.007334605325013399,0.005433432757854462,0.05519837141036987,0.05534577742218971,,,,,,
dora-seed43,DoRA (seed 43),DoRA,43,fraction_0.5_step_15978,15978,0.5,4,k_proj,False,0.0018226687097921968,0.00718372268602252,0.005403553135693073,0.05315408483147621,0.05332689359784126,,,,,,
dora-seed43,DoRA (seed 43),DoRA,43,fraction_0.5_step_15978,15978,0.5,5,k_proj,False,0.0033627180382609367,0.007689388003200293,0.005732412450015545,0.06317063421010971,0.06318970769643784,,,,,,
dora-seed43,DoRA (seed 43),DoRA,43,fraction_0.5_step_15978,15978,0.5,0,q_proj,False,0.010434766300022602,0.0072951000183820724,0.008296998217701912,0.10901978611946106,0.10788963735103607,,,,,,
dora-seed43,DoRA (seed 43),DoRA,43,fraction_0.5_step_15978,15978,0.5,1,q_proj,False,0.004156589973717928,0.006326103582978249,0.007146227639168501,0.071391761302948,0.07146419584751129,,,,,,
dora-seed43,DoRA (seed 43),DoRA,43,fraction_0.5_step_15978,15978,0.5,2,q_proj,False,0.00574486842378974,0.007067084312438965,0.00805647298693657,0.08269938081502914,0.08261307328939438,,,,,,
dora-seed43,DoRA (seed 43),DoRA,43,fraction_0.5_step_15978,15978,0.5,3,q_proj,False,0.004419802222400904,0.007240226957947016,0.008266590535640717,0.08154687285423279,0.08166011422872543,,,,,,
dora-seed43,DoRA (seed 43),DoRA,43,fraction_0.5_step_15978,15978,0.5,4,q_proj,False,0.004993631038814783,0.007566728629171848,0.008727005682885647,0.08280453830957413,0.08285870403051376,,,,,,
dora-seed43,DoRA (seed 43),DoRA,43,fraction_0.5_step_15978,15978,0.5,5,q_proj,False,0.006236526649445295,0.007501848042011261,0.008733171969652176,0.08696527779102325,0.08692111819982529,,,,,,
dora-seed43,DoRA (seed 43),DoRA,43,fraction_0.5_step_15978,15978,0.5,0,up_proj,False,0.01472237054258585,0.008231918327510357,0.015367912128567696,0.1732889711856842,0.17184068262577057,,,,,,
dora-seed43,DoRA (seed 43),DoRA,43,fraction_0.5_step_15978,15978,0.5,1,up_proj,False,0.014255351386964321,0.008163406513631344,0.015015100128948689,0.1706327348947525,0.16914702951908112,,,,,,
dora-seed43,DoRA (seed 43),DoRA,43,fraction_0.5_step_15978,15978,0.5,2,up_proj,False,0.014312835410237312,0.008026816882193089,0.014856956899166107,0.1711580604314804,0.16954897344112396,,,,,,
dora-seed43,DoRA (seed 43),DoRA,43,fraction_0.5_step_15978,15978,0.5,3,up_proj,False,0.014081409201025963,0.00805311556905508,0.015166626311838627,0.16977007687091827,0.16819655895233154,,,,,,
dora-seed43,DoRA (seed 43),DoRA,43,fraction_0.5_step_15978,15978,0.5,4,up_proj,False,0.012435637414455414,0.008176544681191444,0.01575957052409649,0.15892508625984192,0.157992884516716,,,,,,
dora-seed43,DoRA (seed 43),DoRA,43,fraction_0.5_step_15978,15978,0.5,5,up_proj,False,0.011853714473545551,0.008202572353184223,0.015758028253912926,0.15487542748451233,0.15409541130065918,,,,,,
dora-seed43,DoRA (seed 43),DoRA,43,fraction_0.5_step_15978,15978,0.5,0,v_proj,False,0.016629207879304886,0.008347244001924992,0.025025203824043274,0.18245241045951843,0.18097329139709473,,,,,,
dora-seed43,DoRA (seed 43),DoRA,43,fraction_0.5_step_15978,15978,0.5,1,v_proj,False,0.01440936978906393,0.0077951829880476,0.01962997391819954,0.16388042271137238,0.16270524263381958,,,,,,
dora-seed43,DoRA (seed 43),DoRA,43,fraction_0.5_step_15978,15978,0.5,2,v_proj,False,0.025241684168577194,0.007659419439733028,0.022851647809147835,0.20891156792640686,0.20509208738803864,,,,,,
dora-seed43,DoRA (seed 43),DoRA,43,fraction_0.5_step_15978,15978,0.5,3,v_proj,False,0.015682008117437363,0.0080586401745677,0.020309053361415863,0.1728229522705078,0.1714477837085724,,,,,,
dora-seed43,DoRA (seed 43),DoRA,43,fraction_0.5_step_15978,15978,0.5,4,v_proj,False,0.014735518023371696,0.007811577524989843,0.01823333464562893,0.16079573333263397,0.15930500626564026,,,,,,
dora-seed43,DoRA (seed 43),DoRA,43,fraction_0.5_step_15978,15978,0.5,5,v_proj,False,0.018893960863351822,0.008191421627998352,0.023039167746901512,0.18964461982250214,0.18748348951339722,,,,,,
dora-seed43,DoRA (seed 43),DoRA,43,fraction_0.75_step_23967,23967,0.75,0,down_proj,False,0.012670348398387432,0.008913383819162846,0.008926529437303543,0.15869875252246857,0.15720127522945404,,,,,,
dora-seed43,DoRA (seed 43),DoRA,43,fraction_0.75_step_23967,23967,0.75,1,down_proj,False,0.00975063256919384,0.009137989021837711,0.008930675685405731,0.1409836709499359,0.13963980972766876,,,,,,
dora-seed43,DoRA (seed 43),DoRA,43,fraction_0.75_step_23967,23967,0.75,2,down_proj,False,0.011375009082257748,0.009023403748869896,0.008860106579959393,0.15183590352535248,0.15062730014324188,,,,,,
dora-seed43,DoRA (seed 43),DoRA,43,fraction_0.75_step_23967,23967,0.75,3,down_proj,False,0.011873619630932808,0.00898109283298254,0.008998243138194084,0.15444311499595642,0.1532021313905716,,,,,,
dora-seed43,DoRA (seed 43),DoRA,43,fraction_0.75_step_23967,23967,0.75,4,down_proj,False,0.011461633257567883,0.00903212558478117,0.009299916215240955,0.15178997814655304,0.15063384175300598,,,,,,
dora-seed43,DoRA (seed 43),DoRA,43,fraction_0.75_step_23967,23967,0.75,5,down_proj,False,0.010887638665735722,0.009081428870558739,0.009369500912725925,0.1474374234676361,0.14638088643550873,,,,,,
dora-seed43,DoRA (seed 43),DoRA,43,fraction_0.75_step_23967,23967,0.75,0,k_proj,False,0.008004806004464626,0.007328759413212538,0.005680871661752462,0.10107913613319397,0.09959880262613297,,,,,,
dora-seed43,DoRA (seed 43),DoRA,43,fraction_0.75_step_23967,23967,0.75,1,k_proj,False,0.0024611763656139374,0.006628726609051228,0.005224927794188261,0.0527784638106823,0.05290250852704048,,,,,,
dora-seed43,DoRA (seed 43),DoRA,43,fraction_0.75_step_23967,23967,0.75,2,k_proj,False,0.0036584206391125917,0.007467715069651604,0.0055517046712338924,0.062386903911828995,0.06239921227097511,,,,,,
dora-seed43,DoRA (seed 43),DoRA,43,fraction_0.75_step_23967,23967,0.75,3,k_proj,False,0.002598886378109455,0.007757422048598528,0.005823609884828329,0.06218746304512024,0.06230498477816582,,,,,,
dora-seed43,DoRA (seed 43),DoRA,43,fraction_0.75_step_23967,23967,0.75,4,k_proj,False,0.0024023542646318674,0.007568099536001682,0.005693348590284586,0.060871876776218414,0.06100029870867729,,,,,,
dora-seed43,DoRA (seed 43),DoRA,43,fraction_0.75_step_23967,23967,0.75,5,k_proj,False,0.004333898425102234,0.008242251351475716,0.006177421193569899,0.07151305675506592,0.07146475464105606,,,,,,
dora-seed43,DoRA (seed 43),DoRA,43,fraction_0.75_step_23967,23967,0.75,0,q_proj,False,0.012898738496005535,0.007786465808749199,0.00881029013544321,0.12116236239671707,0.11949389427900314,,,,,,
dora-seed43,DoRA (seed 43),DoRA,43,fraction_0.75_step_23967,23967,0.75,1,q_proj,False,0.005215483717620373,0.006706420332193375,0.007608685176819563,0.07964436709880829,0.07961345463991165,,,,,,
dora-seed43,DoRA (seed 43),DoRA,43,fraction_0.75_step_23967,23967,0.75,2,q_proj,False,0.007339999545365572,0.007719791028648615,0.008840631693601608,0.09340663999319077,0.09314920008182526,,,,,,
dora-seed43,DoRA (seed 43),DoRA,43,fraction_0.75_step_23967,23967,0.75,3,q_proj,False,0.005442887078970671,0.007821372710168362,0.008973059244453907,0.09097123146057129,0.09100313484668732,,,,,,
dora-seed43,DoRA (seed 43),DoRA,43,fraction_0.75_step_23967,23967,0.75,4,q_proj,False,0.006177515722811222,0.008135168813169003,0.009367319755256176,0.09260422736406326,0.0925317034125328,,,,,,
dora-seed43,DoRA (seed 43),DoRA,43,fraction_0.75_step_23967,23967,0.75,5,q_proj,False,0.007975452579557896,0.00821790099143982,0.009559973143041134,0.09801269322633743,0.09778030216693878,,,,,,
dora-seed43,DoRA (seed 43),DoRA,43,fraction_0.75_step_23967,23967,0.75,0,up_proj,False,0.018704578280448914,0.008953760378062725,0.016705749556422234,0.1961299180984497,0.19381150603294373,,,,,,
dora-seed43,DoRA (seed 43),DoRA,43,fraction_0.75_step_23967,23967,0.75,1,up_proj,False,0.017502978444099426,0.008945384994149208,0.016415249556303024,0.18967114388942719,0.1875363439321518,,,,,,
dora-seed43,DoRA (seed 43),DoRA,43,fraction_0.75_step_23967,23967,0.75,2,up_proj,False,0.01716310903429985,0.00874961819499731,0.016180861741304398,0.1879575103521347,0.1857975870370865,,,,,,
dora-seed43,DoRA (seed 43),DoRA,43,fraction_0.75_step_23967,23967,0.75,3,up_proj,False,0.01685219630599022,0.008800080046057701,0.0165166724473238,0.18621684610843658,0.18413016200065613,,,,,,
dora-seed43,DoRA (seed 43),DoRA,43,fraction_0.75_step_23967,23967,0.75,4,up_proj,False,0.015074766241014004,0.008893711492419243,0.017157137393951416,0.17541496455669403,0.1739935278892517,,,,,,
dora-seed43,DoRA (seed 43),DoRA,43,fraction_0.75_step_23967,23967,0.75,5,up_proj,False,0.014520534314215183,0.008909253403544426,0.017142238095402718,0.17177799344062805,0.17051470279693604,,,,,,
dora-seed43,DoRA (seed 43),DoRA,43,fraction_0.75_step_23967,23967,0.75,0,v_proj,False,0.01928658038377762,0.008805433288216591,0.02664584293961525,0.19716647267341614,0.19495853781700134,,,,,,
dora-seed43,DoRA (seed 43),DoRA,43,fraction_0.75_step_23967,23967,0.75,1,v_proj,False,0.016690388321876526,0.00840094592422247,0.02111084572970867,0.176864355802536,0.1752021461725235,,,,,,
dora-seed43,DoRA (seed 43),DoRA,43,fraction_0.75_step_23967,23967,0.75,2,v_proj,False,0.029910095036029816,0.008195260539650917,0.024631639942526817,0.22718872129917145,0.22201061248779297,,,,,,
dora-seed43,DoRA (seed 43),DoRA,43,fraction_0.75_step_23967,23967,0.75,3,v_proj,False,0.018676823005080223,0.008695121854543686,0.022037724032998085,0.1891244649887085,0.1871068775653839,,,,,,
dora-seed43,DoRA (seed 43),DoRA,43,fraction_0.75_step_23967,23967,0.75,4,v_proj,False,0.01768018864095211,0.008433785289525986,0.019661838188767433,0.1765582263469696,0.17447689175605774,,,,,,
dora-seed43,DoRA (seed 43),DoRA,43,fraction_0.75_step_23967,23967,0.75,5,v_proj,False,0.02284456230700016,0.008788911625742912,0.024702388793230057,0.20876432955265045,0.2055361568927765,,,,,,
dora-seed43,DoRA (seed 43),DoRA,43,final_step_31956,31956,1.0,0,down_proj,False,0.013354522176086903,0.009083020500838757,0.009101949632167816,0.16301439702510834,0.16138310730457306,,,,,,
dora-seed43,DoRA (seed 43),DoRA,43,final_step_31956,31956,1.0,1,down_proj,False,0.010267305187880993,0.009320253506302834,0.009100239723920822,0.14466509222984314,0.14322462677955627,,,,,,
dora-seed43,DoRA (seed 43),DoRA,43,final_step_31956,31956,1.0,2,down_proj,False,0.012020628899335861,0.009218386374413967,0.00905325822532177,0.15613146126270294,0.15480667352676392,,,,,,
dora-seed43,DoRA (seed 43),DoRA,43,final_step_31956,31956,1.0,3,down_proj,False,0.012556974776089191,0.009146436117589474,0.00918557122349739,0.15886321663856506,0.15749190747737885,,,,,,
dora-seed43,DoRA (seed 43),DoRA,43,final_step_31956,31956,1.0,4,down_proj,False,0.012109094299376011,0.009225488640367985,0.009498395025730133,0.15600426495075226,0.15473246574401855,,,,,,
dora-seed43,DoRA (seed 43),DoRA,43,final_step_31956,31956,1.0,5,down_proj,False,0.011501472443342209,0.009293613024055958,0.009576848708093166,0.15149037539958954,0.15033330023288727,,,,,,
dora-seed43,DoRA (seed 43),DoRA,43,final_step_31956,31956,1.0,0,k_proj,False,0.008702529594302177,0.0074847484938800335,0.005782891996204853,0.10539353638887405,0.1036846712231636,,,,,,
dora-seed43,DoRA (seed 43),DoRA,43,final_step_31956,31956,1.0,1,k_proj,False,0.002553673693910241,0.006671116687357426,0.0052665891125798225,0.054049983620643616,0.05416591838002205,,,,,,
dora-seed43,DoRA (seed 43),DoRA,43,final_step_31956,31956,1.0,2,k_proj,False,0.003949730657041073,0.007658799644559622,0.005688562989234924,0.06457644701004028,0.06456787139177322,,,,,,
dora-seed43,DoRA (seed 43),DoRA,43,final_step_31956,31956,1.0,3,k_proj,False,0.0027877134270966053,0.00788486935198307,0.00590951694175601,0.064364954829216,0.06447181850671768,,,,,,
dora-seed43,DoRA (seed 43),DoRA,43,final_step_31956,31956,1.0,4,k_proj,False,0.0026026535779237747,0.007712928578257561,0.005805370397865772,0.06320515275001526,0.06332092732191086,,,,,,
dora-seed43,DoRA (seed 43),DoRA,43,final_step_31956,31956,1.0,5,k_proj,False,0.004643844906240702,0.008360354229807854,0.00626913458108902,0.07397118955850601,0.07389472424983978,,,,,,
dora-seed43,DoRA (seed 43),DoRA,43,final_step_31956,31956,1.0,0,q_proj,False,0.013653144240379333,0.008043664507567883,0.009051098488271236,0.1244310587644577,0.12261815369129181,,,,,,
dora-seed43,DoRA (seed 43),DoRA,43,final_step_31956,31956,1.0,1,q_proj,False,0.005559511482715607,0.006838788278400898,0.007764954119920731,0.08203218132257462,0.08197221159934998,,,,,,
dora-seed43,DoRA (seed 43),DoRA,43,final_step_31956,31956,1.0,2,q_proj,False,0.007833844050765038,0.007884985767304897,0.009012797847390175,0.09650951623916626,0.09618930518627167,,,,,,
dora-seed43,DoRA (seed 43),DoRA,43,final_step_31956,31956,1.0,3,q_proj,False,0.005791616626083851,0.007987149059772491,0.009143823757767677,0.0937589630484581,0.09376149624586105,,,,,,
dora-seed43,DoRA (seed 43),DoRA,43,final_step_31956,31956,1.0,4,q_proj,False,0.006556706037372351,0.008250865153968334,0.009498970583081245,0.0954437255859375,0.09532946348190308,,,,,,
dora-seed43,DoRA (seed 43),DoRA,43,final_step_31956,31956,1.0,5,q_proj,False,0.008466911502182484,0.008357923477888107,0.00972339604049921,0.1011277511715889,0.10083816200494766,,,,,,
dora-seed43,DoRA (seed 43),DoRA,43,final_step_31956,31956,1.0,0,up_proj,False,0.01985870487987995,0.009127167984843254,0.017030352726578712,0.2022751122713089,0.19972626864910126,,,,,,
dora-seed43,DoRA (seed 43),DoRA,43,final_step_31956,31956,1.0,1,up_proj,False,0.018489642068743706,0.009128882549703121,0.016738157719373703,0.19514644145965576,0.19279636442661285,,,,,,
dora-seed43,DoRA (seed 43),DoRA,43,final_step_31956,31956,1.0,2,up_proj,False,0.01808912679553032,0.008908168412744999,0.01647331193089485,0.19315221905708313,0.1907830834388733,,,,,,
dora-seed43,DoRA (seed 43),DoRA,43,final_step_31956,31956,1.0,3,up_proj,False,0.017706209793686867,0.008973593823611736,0.01683330535888672,0.19103936851024628,0.18877461552619934,,,,,,
dora-seed43,DoRA (seed 43),DoRA,43,final_step_31956,31956,1.0,4,up_proj,False,0.015880005434155464,0.00907136220484972,0.017503496259450912,0.1801815778017044,0.1786016970872879,,,,,,
dora-seed43,DoRA (seed 43),DoRA,43,final_step_31956,31956,1.0,5,up_proj,False,0.015332232229411602,0.009084293618798256,0.01748812012374401,0.1766534000635147,0.17523327469825745,,,,,,
dora-seed43,DoRA (seed 43),DoRA,43,final_step_31956,31956,1.0,0,v_proj,False,0.02003863826394081,0.008858975023031235,0.026803040876984596,0.2012011706829071,0.19878673553466797,,,,,,
dora-seed43,DoRA (seed 43),DoRA,43,final_step_31956,31956,1.0,1,v_proj,False,0.017441412433981895,0.008533427491784096,0.021420113742351532,0.18093256652355194,0.1790972203016281,,,,,,
dora-seed43,DoRA (seed 43),DoRA,43,final_step_31956,31956,1.0,2,v_proj,False,0.031590066850185394,0.008292709477245808,0.02501804195344448,0.23348034918308258,0.22778713703155518,,,,,,
dora-seed43,DoRA (seed 43),DoRA,43,final_step_31956,31956,1.0,3,v_proj,False,0.01964588835835457,0.00881123449653387,0.022324705496430397,0.1940183937549591,0.19175653159618378,,,,,,
dora-seed43,DoRA (seed 43),DoRA,43,final_step_31956,31956,1.0,4,v_proj,False,0.018811793997883797,0.008573424071073532,0.020042279735207558,0.1819385290145874,0.17959748208522797,,,,,,
dora-seed43,DoRA (seed 43),DoRA,43,final_step_31956,31956,1.0,5,v_proj,False,0.024063125252723694,0.008918851613998413,0.02498694323003292,0.2143508791923523,0.2108033001422882,,,,,,
lora-match-seed42,LoRA lr-match (seed 42),LoRA lr-match,42,fraction_0.25_step_7989,7989,0.25,0,down_proj,False,0.005503073334693909,0.006838886067271233,0.006287014577537775,0.10396585613489151,0.1039658710360527,,,,,,
lora-match-seed42,LoRA lr-match (seed 42),LoRA lr-match,42,fraction_0.25_step_7989,7989,0.25,1,down_proj,False,0.00548166036605835,0.007020820863544941,0.008383844047784805,0.10539091378450394,0.10539091378450394,,,,,,
lora-match-seed42,LoRA lr-match (seed 42),LoRA lr-match,42,fraction_0.25_step_7989,7989,0.25,2,down_proj,False,0.004756059963256121,0.006053885444998741,0.00525878369808197,0.0977248102426529,0.0977248102426529,,,,,,
lora-match-seed42,LoRA lr-match (seed 42),LoRA lr-match,42,fraction_0.25_step_7989,7989,0.25,3,down_proj,False,0.00504969572648406,0.00628722133114934,0.005622019991278648,0.10038784146308899,0.10038784146308899,,,,,,
lora-match-seed42,LoRA lr-match (seed 42),LoRA lr-match,42,fraction_0.25_step_7989,7989,0.25,4,down_proj,False,0.004875561688095331,0.005848088301718235,0.0054084500297904015,0.09853246062994003,0.09853246062994003,,,,,,
lora-match-seed42,LoRA lr-match (seed 42),LoRA lr-match,42,fraction_0.25_step_7989,7989,0.25,5,down_proj,False,0.004763056058436632,0.005710587836802006,0.005522529128938913,0.09717552363872528,0.09717551618814468,,,,,,
lora-match-seed42,LoRA lr-match (seed 42),LoRA lr-match,42,fraction_0.25_step_7989,7989,0.25,0,k_proj,False,0.003585096215829253,0.004858698230236769,0.004883820191025734,0.06603676080703735,0.06603676080703735,,,,,,
lora-match-seed42,LoRA lr-match (seed 42),LoRA lr-match,42,fraction_0.25_step_7989,7989,0.25,1,k_proj,False,0.001112252939492464,0.0014234194532036781,0.001127417548559606,0.035698052495718,0.035698052495718,,,,,,
lora-match-seed42,LoRA lr-match (seed 42),LoRA lr-match,42,fraction_0.25_step_7989,7989,0.25,2,k_proj,False,0.0014590180944651365,0.0018325014971196651,0.0014464843552559614,0.03968644514679909,0.03968644514679909,,,,,,
lora-match-seed42,LoRA lr-match (seed 42),LoRA lr-match,42,fraction_0.25_step_7989,7989,0.25,3,k_proj,False,0.0009639126365073025,0.0014265134232118726,0.0010720761492848396,0.037767037749290466,0.037767037749290466,,,,,,
lora-match-seed42,LoRA lr-match (seed 42),LoRA lr-match,42,fraction_0.25_step_7989,7989,0.25,4,k_proj,False,0.001066443626768887,0.0015692597953602672,0.0012414196971803904,0.03979244455695152,0.03979244828224182,,,,,,
lora-match-seed42,LoRA lr-match (seed 42),LoRA lr-match,42,fraction_0.25_step_7989,7989,0.25,5,k_proj,False,0.001629805425181985,0.002089182147756219,0.0017457660287618637,0.04515976086258888,0.045159757137298584,,,,,,
lora-match-seed42,LoRA lr-match (seed 42),LoRA lr-match,42,fraction_0.25_step_7989,7989,0.25,0,q_proj,False,0.006829699967056513,0.005806393455713987,0.008160443045198917,0.086548812687397,0.086548812687397,,,,,,
lora-match-seed42,LoRA lr-match (seed 42),LoRA lr-match,42,fraction_0.25_step_7989,7989,0.25,1,q_proj,False,0.00277032982558012,0.0021324094850569963,0.0024418476969003677,0.05407899245619774,0.05407899245619774,,,,,,
lora-match-seed42,LoRA lr-match (seed 42),LoRA lr-match,42,fraction_0.25_step_7989,7989,0.25,2,q_proj,False,0.002978627337142825,0.0023972676135599613,0.002770858583971858,0.0595947802066803,0.0595947802066803,,,,,,
lora-match-seed42,LoRA lr-match (seed 42),LoRA lr-match,42,fraction_0.25_step_7989,7989,0.25,3,q_proj,False,0.002509956480935216,0.002314432058483362,0.002552302787080407,0.06073526293039322,0.060735270380973816,,,,,,
lora-match-seed42,LoRA lr-match (seed 42),LoRA lr-match,42,fraction_0.25_step_7989,7989,0.25,4,q_proj,False,0.0027295455802232027,0.002318537561222911,0.0027626636438071728,0.06081392243504524,0.06081392243504524,,,,,,
lora-match-seed42,LoRA lr-match (seed 42),LoRA lr-match,42,fraction_0.25_step_7989,7989,0.25,5,q_proj,False,0.0034128662664443254,0.002657489851117134,0.003164802212268114,0.06347441673278809,0.06347441673278809,,,,,,
lora-match-seed42,LoRA lr-match (seed 42),LoRA lr-match,42,fraction_0.25_step_7989,7989,0.25,0,up_proj,False,0.007491076830774546,0.005053222645074129,0.00838373601436615,0.12281367927789688,0.12281367182731628,,,,,,
lora-match-seed42,LoRA lr-match (seed 42),LoRA lr-match,42,fraction_0.25_step_7989,7989,0.25,1,up_proj,False,0.007283075712621212,0.0050300853326916695,0.00848088413476944,0.12116899341344833,0.12116899341344833,,,,,,
lora-match-seed42,LoRA lr-match (seed 42),LoRA lr-match,42,fraction_0.25_step_7989,7989,0.25,2,up_proj,False,0.007706311531364918,0.005257518030703068,0.009011293761432171,0.12469668686389923,0.12469668686389923,,,,,,
lora-match-seed42,LoRA lr-match (seed 42),LoRA lr-match,42,fraction_0.25_step_7989,7989,0.25,3,up_proj,False,0.007996049709618092,0.0053641898557543755,0.009978792630136013,0.12725260853767395,0.12725260853767395,,,,,,
lora-match-seed42,LoRA lr-match (seed 42),LoRA lr-match,42,fraction_0.25_step_7989,7989,0.25,4,up_proj,False,0.006638103164732456,0.0043036239221692085,0.007605264429003,0.11549285054206848,0.11549285054206848,,,,,,
lora-match-seed42,LoRA lr-match (seed 42),LoRA lr-match,42,fraction_0.25_step_7989,7989,0.25,5,up_proj,False,0.006512870080769062,0.004242739640176296,0.007740235887467861,0.11423175781965256,0.11423175781965256,,,,,,
lora-match-seed42,LoRA lr-match (seed 42),LoRA lr-match,42,fraction_0.25_step_7989,7989,0.25,0,v_proj,False,0.01014073844999075,0.004050087183713913,0.011416313238441944,0.14077027142047882,0.14077027142047882,,,,,,
lora-match-seed42,LoRA lr-match (seed 42),LoRA lr-match,42,fraction_0.25_step_7989,7989,0.25,1,v_proj,False,0.00892159529030323,0.004157546442002058,0.009945561178028584,0.1282043606042862,0.1282043606042862,,,,,,
lora-match-seed42,LoRA lr-match (seed 42),LoRA lr-match,42,fraction_0.25_step_7989,7989,0.25,2,v_proj,False,0.014599278569221497,0.005364027805626392,0.015041406266391277,0.15740486979484558,0.15740486979484558,,,,,,
lora-match-seed42,LoRA lr-match (seed 42),LoRA lr-match,42,fraction_0.25_step_7989,7989,0.25,3,v_proj,False,0.009421039372682571,0.0044374773278832436,0.010479317978024483,0.13344021141529083,0.13344021141529083,,,,,,
lora-match-seed42,LoRA lr-match (seed 42),LoRA lr-match,42,fraction_0.25_step_7989,7989,0.25,4,v_proj,False,0.008654105477035046,0.004125279374420643,0.009151950478553772,0.12271380424499512,0.12271380424499512,,,,,,
lora-match-seed42,LoRA lr-match (seed 42),LoRA lr-match,42,fraction_0.25_step_7989,7989,0.25,5,v_proj,False,0.010601475834846497,0.004529646597802639,0.011820385232567787,0.14281460642814636,0.14281460642814636,,,,,,
lora-match-seed42,LoRA lr-match (seed 42),LoRA lr-match,42,fraction_0.5_step_15978,15978,0.5,0,down_proj,False,0.010178128257393837,0.012702560052275658,0.011227760463953018,0.14201073348522186,0.14201073348522186,,,,,,
lora-match-seed42,LoRA lr-match (seed 42),LoRA lr-match,42,fraction_0.5_step_15978,15978,0.5,1,down_proj,False,0.008522044867277145,0.010948626324534416,0.011676580645143986,0.1317892223596573,0.1317892223596573,,,,,,
lora-match-seed42,LoRA lr-match (seed 42),LoRA lr-match,42,fraction_0.5_step_15978,15978,0.5,2,down_proj,False,0.009126010350883007,0.011669130064547062,0.009903951548039913,0.13584598898887634,0.13584598898887634,,,,,,
lora-match-seed42,LoRA lr-match (seed 42),LoRA lr-match,42,fraction_0.5_step_15978,15978,0.5,3,down_proj,False,0.009799852967262268,0.012185347266495228,0.010647095739841461,0.14021757245063782,0.14021757245063782,,,,,,
lora-match-seed42,LoRA lr-match (seed 42),LoRA lr-match,42,fraction_0.5_step_15978,15978,0.5,4,down_proj,False,0.00936411414295435,0.011263410560786724,0.010173873975872993,0.1369737684726715,0.13697375357151031,,,,,,
lora-match-seed42,LoRA lr-match (seed 42),LoRA lr-match,42,fraction_0.5_step_15978,15978,0.5,5,down_proj,False,0.008890843950212002,0.010712794028222561,0.009851844981312752,0.13296887278556824,0.13296888768672943,,,,,,
lora-match-seed42,LoRA lr-match (seed 42),LoRA lr-match,42,fraction_0.5_step_15978,15978,0.5,0,k_proj,False,0.006403869017958641,0.008284155279397964,0.00859957654029131,0.09029410779476166,0.09029410779476166,,,,,,
lora-match-seed42,LoRA lr-match (seed 42),LoRA lr-match,42,fraction_0.5_step_15978,15978,0.5,1,k_proj,False,0.002309138188138604,0.002487300429493189,0.001977092819288373,0.048724886029958725,0.048724886029958725,,,,,,
lora-match-seed42,LoRA lr-match (seed 42),LoRA lr-match,42,fraction_0.5_step_15978,15978,0.5,2,k_proj,False,0.002630770206451416,0.0031561641953885555,0.0025815453846007586,0.05474677309393883,0.05474677309393883,,,,,,
lora-match-seed42,LoRA lr-match (seed 42),LoRA lr-match,42,fraction_0.5_step_15978,15978,0.5,3,k_proj,False,0.0019291047938168049,0.0027462162543088198,0.0020566792227327824,0.053732313215732574,0.05373232066631317,,,,,,
lora-match-seed42,LoRA lr-match (seed 42),LoRA lr-match,42,fraction_0.5_step_15978,15978,0.5,4,k_proj,False,0.0020232070237398148,0.0028380071744322777,0.002147895051166415,0.05568275600671768,0.05568275228142738,,,,,,
lora-match-seed42,LoRA lr-match (seed 42),LoRA lr-match,42,fraction_0.5_step_15978,15978,0.5,5,k_proj,False,0.003370271297171712,0.004095098003745079,0.0034451487008482218,0.06413890421390533,0.06413890421390533,,,,,,
lora-match-seed42,LoRA lr-match (seed 42),LoRA lr-match,42,fraction_0.5_step_15978,15978,0.5,0,q_proj,False,0.0113043999299407,0.009075508452951908,0.012366179376840591,0.11294452846050262,0.11294452846050262,,,,,,
lora-match-seed42,LoRA lr-match (seed 42),LoRA lr-match,42,fraction_0.5_step_15978,15978,0.5,1,q_proj,False,0.004471634514629841,0.003586276900023222,0.004162237048149109,0.07267064601182938,0.07267064601182938,,,,,,
lora-match-seed42,LoRA lr-match (seed 42),LoRA lr-match,42,fraction_0.5_step_15978,15978,0.5,2,q_proj,False,0.0056260330602526665,0.004497918765991926,0.00513651454821229,0.08281806856393814,0.08281806856393814,,,,,,
lora-match-seed42,LoRA lr-match (seed 42),LoRA lr-match,42,fraction_0.5_step_15978,15978,0.5,3,q_proj,False,0.004575129132717848,0.0042339772917330265,0.004590985830873251,0.08301669359207153,0.08301668614149094,,,,,,
lora-match-seed42,LoRA lr-match (seed 42),LoRA lr-match,42,fraction_0.5_step_15978,15978,0.5,4,q_proj,False,0.004883692134171724,0.004208591766655445,0.004794302396476269,0.08255088329315186,0.08255087584257126,,,,,,
lora-match-seed42,LoRA lr-match (seed 42),LoRA lr-match,42,fraction_0.5_step_15978,15978,0.5,5,q_proj,False,0.006383897736668587,0.005007532425224781,0.0058160340413451195,0.08794515579938889,0.08794517070055008,,,,,,
lora-match-seed42,LoRA lr-match (seed 42),LoRA lr-match,42,fraction_0.5_step_15978,15978,0.5,0,up_proj,False,0.014723733067512512,0.00999188981950283,0.01612258143723011,0.17331790924072266,0.17331789433956146,,,,,,
lora-match-seed42,LoRA lr-match (seed 42),LoRA lr-match,42,fraction_0.5_step_15978,15978,0.5,1,up_proj,False,0.013948783278465271,0.009660745970904827,0.015616667456924915,0.1686890572309494,0.1686890572309494,,,,,,
lora-match-seed42,LoRA lr-match (seed 42),LoRA lr-match,42,fraction_0.5_step_15978,15978,0.5,2,up_proj,False,0.014273920096457005,0.009834319353103638,0.01615431345999241,0.17076990008354187,0.17076990008354187,,,,,,
lora-match-seed42,LoRA lr-match (seed 42),LoRA lr-match,42,fraction_0.5_step_15978,15978,0.5,3,up_proj,False,0.014059552922844887,0.009493307210505009,0.016504976898431778,0.16964541375637054,0.16964539885520935,,,,,,
lora-match-seed42,LoRA lr-match (seed 42),LoRA lr-match,42,fraction_0.5_step_15978,15978,0.5,4,up_proj,False,0.012121060863137245,0.007922452874481678,0.013396459631621838,0.15685585141181946,0.15685583651065826,,,,,,
lora-match-seed42,LoRA lr-match (seed 42),LoRA lr-match,42,fraction_0.5_step_15978,15978,0.5,5,up_proj,False,0.011857174336910248,0.007771269418299198,0.013373869471251965,0.15494349598884583,0.15494349598884583,,,,,,
lora-match-seed42,LoRA lr-match (seed 42),LoRA lr-match,42,fraction_0.5_step_15978,15978,0.5,0,v_proj,False,0.016390416771173477,0.006708997301757336,0.01832743175327778,0.18077965080738068,0.18077965080738068,,,,,,
lora-match-seed42,LoRA lr-match (seed 42),LoRA lr-match,42,fraction_0.5_step_15978,15978,0.5,1,v_proj,False,0.01444713119417429,0.006840393878519535,0.01579681783914566,0.16413074731826782,0.16413073241710663,,,,,,
lora-match-seed42,LoRA lr-match (seed 42),LoRA lr-match,42,fraction_0.5_step_15978,15978,0.5,2,v_proj,False,0.024348046630620956,0.009161321446299553,0.025361010804772377,0.20487399399280548,0.20487399399280548,,,,,,
lora-match-seed42,LoRA lr-match (seed 42),LoRA lr-match,42,fraction_0.5_step_15978,15978,0.5,3,v_proj,False,0.015696872025728226,0.00744031835347414,0.016833841800689697,0.17320616543293,0.17320616543293,,,,,,
lora-match-seed42,LoRA lr-match (seed 42),LoRA lr-match,42,fraction_0.5_step_15978,15978,0.5,4,v_proj,False,0.014955364167690277,0.007150017656385899,0.015275302343070507,0.1619381457567215,0.1619381457567215,,,,,,
lora-match-seed42,LoRA lr-match (seed 42),LoRA lr-match,42,fraction_0.5_step_15978,15978,0.5,5,v_proj,False,0.01842258684337139,0.00785030610859394,0.019921233877539635,0.18855434656143188,0.18855434656143188,,,,,,
lora-match-seed42,LoRA lr-match (seed 42),LoRA lr-match,42,fraction_0.75_step_23967,23967,0.75,0,down_proj,False,0.012433448806405067,0.015553389675915241,0.013610371388494968,0.15715914964675903,0.15715914964675903,,,,,,
lora-match-seed42,LoRA lr-match (seed 42),LoRA lr-match,42,fraction_0.75_step_23967,23967,0.75,1,down_proj,False,0.009700478985905647,0.01245749369263649,0.012606726959347725,0.140658438205719,0.140658438205719,,,,,,
lora-match-seed42,LoRA lr-match (seed 42),LoRA lr-match,42,fraction_0.75_step_23967,23967,0.75,2,down_proj,False,0.011220946907997131,0.014352744445204735,0.012076161801815033,0.1507023274898529,0.1507023274898529,,,,,,
lora-match-seed42,LoRA lr-match (seed 42),LoRA lr-match,42,fraction_0.75_step_23967,23967,0.75,3,down_proj,False,0.012071170844137669,0.01501571573317051,0.013015509583055973,0.15564332902431488,0.15564332902431488,,,,,,
lora-match-seed42,LoRA lr-match (seed 42),LoRA lr-match,42,fraction_0.75_step_23967,23967,0.75,4,down_proj,False,0.011422487907111645,0.013771400786936283,0.012324152514338493,0.1514028012752533,0.1514028012752533,,,,,,
lora-match-seed42,LoRA lr-match (seed 42),LoRA lr-match,42,fraction_0.75_step_23967,23967,0.75,5,down_proj,False,0.010816311463713646,0.013058803975582123,0.011847646906971931,0.14693064987659454,0.14693064987659454,,,,,,
lora-match-seed42,LoRA lr-match (seed 42),LoRA lr-match,42,fraction_0.75_step_23967,23967,0.75,0,k_proj,False,0.008183259516954422,0.010376561433076859,0.010998125188052654,0.10073123127222061,0.10073123127222061,,,,,,
lora-match-seed42,LoRA lr-match (seed 42),LoRA lr-match,42,fraction_0.75_step_23967,23967,0.75,1,k_proj,False,0.002644271356984973,0.002884259447455406,0.0023246915079653263,0.053677093237638474,0.05367709696292877,,,,,,
lora-match-seed42,LoRA lr-match (seed 42),LoRA lr-match,42,fraction_0.75_step_23967,23967,0.75,2,k_proj,False,0.0034751947969198227,0.004079937003552914,0.003351224586367607,0.06228827312588692,0.062288276851177216,,,,,,
lora-match-seed42,LoRA lr-match (seed 42),LoRA lr-match,42,fraction_0.75_step_23967,23967,0.75,3,k_proj,False,0.0025010372046381235,0.003511406248435378,0.002609152812510729,0.060859564691782,0.060859564691782,,,,,,
lora-match-seed42,LoRA lr-match (seed 42),LoRA lr-match,42,fraction_0.75_step_23967,23967,0.75,4,k_proj,False,0.002687957603484392,0.0037427698262035847,0.002804857911542058,0.0638093426823616,0.0638093426823616,,,,,,
lora-match-seed42,LoRA lr-match (seed 42),LoRA lr-match,42,fraction_0.75_step_23967,23967,0.75,5,k_proj,False,0.004410664085298777,0.005316925700753927,0.004485426936298609,0.07262412458658218,0.07262412458658218,,,,,,
lora-match-seed42,LoRA lr-match (seed 42),LoRA lr-match,42,fraction_0.75_step_23967,23967,0.75,0,q_proj,False,0.013406984508037567,0.010736432857811451,0.014952363446354866,0.12376329302787781,0.12376327812671661,,,,,,
lora-match-seed42,LoRA lr-match (seed 42),LoRA lr-match,42,fraction_0.75_step_23967,23967,0.75,1,q_proj,False,0.005428372882306576,0.004417829681187868,0.005077477544546127,0.08100719749927521,0.08100719749927521,,,,,,
lora-match-seed42,LoRA lr-match (seed 42),LoRA lr-match,42,fraction_0.75_step_23967,23967,0.75,2,q_proj,False,0.00712221534922719,0.0056930892169475555,0.0065168216824531555,0.0931638702750206,0.0931638702750206,,,,,,
lora-match-seed42,LoRA lr-match (seed 42),LoRA lr-match,42,fraction_0.75_step_23967,23967,0.75,3,q_proj,False,0.005750457756221294,0.0053446926176548,0.0057163722813129425,0.09319408237934113,0.09319408237934113,,,,,,
lora-match-seed42,LoRA lr-match (seed 42),LoRA lr-match,42,fraction_0.75_step_23967,23967,0.75,4,q_proj,False,0.006191689055413008,0.005345587152987719,0.006086909212172031,0.09311264008283615,0.09311264008283615,,,,,,
lora-match-seed42,LoRA lr-match (seed 42),LoRA lr-match,42,fraction_0.75_step_23967,23967,0.75,5,q_proj,False,0.008013232611119747,0.006290995515882969,0.007345693185925484,0.09858629107475281,0.09858629107475281,,,,,,
lora-match-seed42,LoRA lr-match (seed 42),LoRA lr-match,42,fraction_0.75_step_23967,23967,0.75,0,up_proj,False,0.01851974055171013,0.012638762593269348,0.02023233473300934,0.19517356157302856,0.19517357647418976,,,,,,
lora-match-seed42,LoRA lr-match (seed 42),LoRA lr-match,42,fraction_0.75_step_23967,23967,0.75,1,up_proj,False,0.017421599477529526,0.012109423987567425,0.019313834607601166,0.1892148107290268,0.1892147958278656,,,,,,
lora-match-seed42,LoRA lr-match (seed 42),LoRA lr-match,42,fraction_0.75_step_23967,23967,0.75,2,up_proj,False,0.017410507425665855,0.012024329975247383,0.019405093044042587,0.18921132385730743,0.18921132385730743,,,,,,
lora-match-seed42,LoRA lr-match (seed 42),LoRA lr-match,42,fraction_0.75_step_23967,23967,0.75,3,up_proj,False,0.01679679937660694,0.011364331468939781,0.019281255081295967,0.18591557443141937,0.18591557443141937,,,,,,
lora-match-seed42,LoRA lr-match (seed 42),LoRA lr-match,42,fraction_0.75_step_23967,23967,0.75,4,up_proj,False,0.014843383803963661,0.009727897122502327,0.0162908136844635,0.1739729344844818,0.1739729344844818,,,,,,
lora-match-seed42,LoRA lr-match (seed 42),LoRA lr-match,42,fraction_0.75_step_23967,23967,0.75,5,up_proj,False,0.014463132247328758,0.009523563086986542,0.01615334488451481,0.1714809685945511,0.1714809685945511,,,,,,
lora-match-seed42,LoRA lr-match (seed 42),LoRA lr-match,42,fraction_0.75_step_23967,23967,0.75,0,v_proj,False,0.018696200102567673,0.0077107870019972324,0.02082553692162037,0.19357573986053467,0.19357575476169586,,,,,,
lora-match-seed42,LoRA lr-match (seed 42),LoRA lr-match,42,fraction_0.75_step_23967,23967,0.75,1,v_proj,False,0.017050035297870636,0.008081152103841305,0.018488431349396706,0.17857269942760468,0.17857269942760468,,,,,,
lora-match-seed42,LoRA lr-match (seed 42),LoRA lr-match,42,fraction_0.75_step_23967,23967,0.75,2,v_proj,False,0.0288582444190979,0.010907351039350033,0.02987542189657688,0.22370071709156036,0.22370071709156036,,,,,,
lora-match-seed42,LoRA lr-match (seed 42),LoRA lr-match,42,fraction_0.75_step_23967,23967,0.75,3,v_proj,False,0.01861553266644478,0.008854727260768414,0.01990162953734398,0.18915235996246338,0.18915235996246338,,,,,,
lora-match-seed42,LoRA lr-match (seed 42),LoRA lr-match,42,fraction_0.75_step_23967,23967,0.75,4,v_proj,False,0.018256161361932755,0.008754282258450985,0.01863287016749382,0.17898644506931305,0.17898644506931305,,,,,,
lora-match-seed42,LoRA lr-match (seed 42),LoRA lr-match,42,fraction_0.75_step_23967,23967,0.75,5,v_proj,False,0.022584911435842514,0.009643010795116425,0.024362271651625633,0.20888862013816833,0.20888863503932953,,,,,,
lora-match-seed42,LoRA lr-match (seed 42),LoRA lr-match,42,final_step_31956,31956,1.0,0,down_proj,False,0.013083647936582565,0.016375232487916946,0.014289946295320988,0.16129782795906067,0.16129782795906067,,,,,,
lora-match-seed42,LoRA lr-match (seed 42),LoRA lr-match,42,final_step_31956,31956,1.0,1,down_proj,False,0.010175731033086777,0.013060104101896286,0.013001023791730404,0.1440420150756836,0.1440420150756836,,,,,,
lora-match-seed42,LoRA lr-match (seed 42),LoRA lr-match,42,final_step_31956,31956,1.0,2,down_proj,False,0.011935696937143803,0.01527378335595131,0.012835458852350712,0.15548968315124512,0.15548966825008392,,,,,,
lora-match-seed42,LoRA lr-match (seed 42),LoRA lr-match,42,final_step_31956,31956,1.0,3,down_proj,False,0.012763850390911102,0.015881672501564026,0.013749923557043076,0.1600578874349594,0.1600578874349594,,,,,,
lora-match-seed42,LoRA lr-match (seed 42),LoRA lr-match,42,final_step_31956,31956,1.0,4,down_proj,False,0.01205237302929163,0.01453594584017992,0.012981550768017769,0.15551216900348663,0.15551216900348663,,,,,,
lora-match-seed42,LoRA lr-match (seed 42),LoRA lr-match,42,final_step_31956,31956,1.0,5,down_proj,False,0.011435398831963539,0.013807272538542747,0.012474553659558296,0.15099093317985535,0.15099093317985535,,,,,,
lora-match-seed42,LoRA lr-match (seed 42),LoRA lr-match,42,final_step_31956,31956,1.0,0,k_proj,False,0.008402697741985321,0.010577789507806301,0.01100416760891676,0.1029127761721611,0.1029127761721611,,,,,,
lora-match-seed42,LoRA lr-match (seed 42),LoRA lr-match,42,final_step_31956,31956,1.0,1,k_proj,False,0.0028002336621284485,0.0030620787292718887,0.002398341428488493,0.05524863675236702,0.05524863302707672,,,,,,
lora-match-seed42,LoRA lr-match (seed 42),LoRA lr-match,42,final_step_31956,31956,1.0,2,k_proj,False,0.0037140969652682543,0.004370932467281818,0.003569388994947076,0.06439690291881561,0.06439690291881561,,,,,,
lora-match-seed42,LoRA lr-match (seed 42),LoRA lr-match,42,final_step_31956,31956,1.0,3,k_proj,False,0.002684763167053461,0.003767717396840453,0.002787433099001646,0.06289802491664886,0.06289802491664886,,,,,,
lora-match-seed42,LoRA lr-match (seed 42),LoRA lr-match,42,final_step_31956,31956,1.0,4,k_proj,False,0.0028483420610427856,0.003977812360972166,0.0029610965866595507,0.06575378030538559,0.06575378030538559,,,,,,
lora-match-seed42,LoRA lr-match (seed 42),LoRA lr-match,42,final_step_31956,31956,1.0,5,k_proj,False,0.0047376989386975765,0.005671369377523661,0.004774588625878096,0.07504940032958984,0.07504941523075104,,,,,,
lora-match-seed42,LoRA lr-match (seed 42),LoRA lr-match,42,final_step_31956,31956,1.0,0,q_proj,False,0.014137035235762596,0.011356150731444359,0.015716858208179474,0.1273929625749588,0.1273929625749588,,,,,,
lora-match-seed42,LoRA lr-match (seed 42),LoRA lr-match,42,final_step_31956,31956,1.0,1,q_proj,False,0.005704405717551708,0.004648125730454922,0.0053345561027526855,0.08308501541614532,0.08308502286672592,,,,,,
lora-match-seed42,LoRA lr-match (seed 42),LoRA lr-match,42,final_step_31956,31956,1.0,2,q_proj,False,0.007597924675792456,0.006061760243028402,0.006951945833861828,0.09607069194316864,0.09607068449258804,,,,,,
lora-match-seed42,LoRA lr-match (seed 42),LoRA lr-match,42,final_step_31956,31956,1.0,3,q_proj,False,0.006113139446824789,0.005682553630322218,0.006063052453100681,0.09609872847795486,0.09609873592853546,,,,,,
lora-match-seed42,LoRA lr-match (seed 42),LoRA lr-match,42,final_step_31956,31956,1.0,4,q_proj,False,0.006576123181730509,0.005691078025847673,0.006452290806919336,0.09606503695249557,0.09606505185365677,,,,,,
lora-match-seed42,LoRA lr-match (seed 42),LoRA lr-match,42,final_step_31956,31956,1.0,5,q_proj,False,0.008495091460645199,0.006674787029623985,0.007775463629513979,0.10157277435064316,0.10157277435064316,,,,,,
lora-match-seed42,LoRA lr-match (seed 42),LoRA lr-match,42,final_step_31956,31956,1.0,0,up_proj,False,0.019735367968678474,0.013479648157954216,0.02153771184384823,0.20168079435825348,0.20168079435825348,,,,,,
lora-match-seed42,LoRA lr-match (seed 42),LoRA lr-match,42,final_step_31956,31956,1.0,1,up_proj,False,0.018490958958864212,0.012863588519394398,0.020449217408895493,0.1951524317264557,0.1951524317264557,,,,,,
lora-match-seed42,LoRA lr-match (seed 42),LoRA lr-match,42,final_step_31956,31956,1.0,2,up_proj,False,0.0183781236410141,0.012702921405434608,0.020432306453585625,0.19460012018680573,0.19460012018680573,,,,,,
lora-match-seed42,LoRA lr-match (seed 42),LoRA lr-match,42,final_step_31956,31956,1.0,3,up_proj,False,0.017649350687861443,0.011953288689255714,0.020155735313892365,0.190738245844841,0.190738245844841,,,,,,
lora-match-seed42,LoRA lr-match (seed 42),LoRA lr-match,42,final_step_31956,31956,1.0,4,up_proj,False,0.015672951936721802,0.010279607959091663,0.01717347651720047,0.1789182871580124,0.1789182871580124,,,,,,
lora-match-seed42,LoRA lr-match (seed 42),LoRA lr-match,42,final_step_31956,31956,1.0,5,up_proj,False,0.015251608565449715,0.010047725401818752,0.016973402351140976,0.17621874809265137,0.17621876299381256,,,,,,
lora-match-seed42,LoRA lr-match (seed 42),LoRA lr-match,42,final_step_31956,31956,1.0,0,v_proj,False,0.019316354766488075,0.007975110784173012,0.021550403907895088,0.19688235223293304,0.19688235223293304,,,,,,
lora-match-seed42,LoRA lr-match (seed 42),LoRA lr-match,42,final_step_31956,31956,1.0,1,v_proj,False,0.01783640868961811,0.008449864573776722,0.019287994131445885,0.18275579810142517,0.18275578320026398,,,,,,
lora-match-seed42,LoRA lr-match (seed 42),LoRA lr-match,42,final_step_31956,31956,1.0,2,v_proj,False,0.030264101922512054,0.01146488543599844,0.03141307458281517,0.22926586866378784,0.22926586866378784,,,,,,
lora-match-seed42,LoRA lr-match (seed 42),LoRA lr-match,42,final_step_31956,31956,1.0,3,v_proj,False,0.019578494131565094,0.009311179630458355,0.020878206938505173,0.19402113556861877,0.19402113556861877,,,,,,
lora-match-seed42,LoRA lr-match (seed 42),LoRA lr-match,42,final_step_31956,31956,1.0,4,v_proj,False,0.019235044717788696,0.009212516248226166,0.01962030678987503,0.1836359053850174,0.1836359053850174,,,,,,
lora-match-seed42,LoRA lr-match (seed 42),LoRA lr-match,42,final_step_31956,31956,1.0,5,v_proj,False,0.023707866668701172,0.010120602324604988,0.025529880076646805,0.21397340297698975,0.21397340297698975,,,,,,
lora-match-seed43,LoRA lr-match (seed 43),LoRA lr-match,43,fraction_0.25_step_7989,7989,0.25,0,down_proj,False,0.0057906499132514,0.007189066149294376,0.006669475231319666,0.10662860423326492,0.10662861168384552,,,,,,
lora-match-seed43,LoRA lr-match (seed 43),LoRA lr-match,43,fraction_0.25_step_7989,7989,0.25,1,down_proj,False,0.005666317418217659,0.0072867004200816154,0.008586492389440536,0.1070558950304985,0.1070558950304985,,,,,,
lora-match-seed43,LoRA lr-match (seed 43),LoRA lr-match,43,fraction_0.25_step_7989,7989,0.25,2,down_proj,False,0.004783276468515396,0.006115599535405636,0.005356239154934883,0.09799641370773315,0.09799642115831375,,,,,,
lora-match-seed43,LoRA lr-match (seed 43),LoRA lr-match,43,fraction_0.25_step_7989,7989,0.25,3,down_proj,False,0.004958749748766422,0.006103594787418842,0.0054134163074195385,0.0994425117969513,0.09944251924753189,,,,,,
lora-match-seed43,LoRA lr-match (seed 43),LoRA lr-match,43,fraction_0.25_step_7989,7989,0.25,4,down_proj,False,0.005119816865772009,0.006179329939186573,0.005726667121052742,0.10109903663396835,0.10109903663396835,,,,,,
lora-match-seed43,LoRA lr-match (seed 43),LoRA lr-match,43,fraction_0.25_step_7989,7989,0.25,5,down_proj,False,0.004756174050271511,0.005720583721995354,0.005497382953763008,0.0971217080950737,0.0971217080950737,,,,,,
lora-match-seed43,LoRA lr-match (seed 43),LoRA lr-match,43,fraction_0.25_step_7989,7989,0.25,0,k_proj,False,0.004287750460207462,0.005796839948743582,0.006035138387233019,0.07164733856916428,0.07164733856916428,,,,,,
lora-match-seed43,LoRA lr-match (seed 43),LoRA lr-match,43,fraction_0.25_step_7989,7989,0.25,1,k_proj,False,0.001504497486166656,0.0015426977770403028,0.0012416942045092583,0.0360952652990818,0.0360952652990818,,,,,,
lora-match-seed43,LoRA lr-match (seed 43),LoRA lr-match,43,fraction_0.25_step_7989,7989,0.25,2,k_proj,False,0.0013650404289364815,0.0016720429994165897,0.0013176272623240948,0.038796983659267426,0.038796983659267426,,,,,,
lora-match-seed43,LoRA lr-match (seed 43),LoRA lr-match,43,fraction_0.25_step_7989,7989,0.25,3,k_proj,False,0.0010840839240700006,0.0015936759300529957,0.0012056202394887805,0.039657339453697205,0.039657339453697205,,,,,,
lora-match-seed43,LoRA lr-match (seed 43),LoRA lr-match,43,fraction_0.25_step_7989,7989,0.25,4,k_proj,False,0.0010635147336870432,0.0015606204979121685,0.0012443260056897998,0.04043729975819588,0.04043729975819588,,,,,,
lora-match-seed43,LoRA lr-match (seed 43),LoRA lr-match,43,fraction_0.25_step_7989,7989,0.25,5,k_proj,False,0.0015955277485772967,0.0020522307604551315,0.0016852993285283446,0.0438467301428318,0.0438467301428318,,,,,,
lora-match-seed43,LoRA lr-match (seed 43),LoRA lr-match,43,fraction_0.25_step_7989,7989,0.25,0,q_proj,False,0.00599665055051446,0.005096384324133396,0.006804763805121183,0.08127453178167343,0.08127453178167343,,,,,,
lora-match-seed43,LoRA lr-match (seed 43),LoRA lr-match,43,fraction_0.25_step_7989,7989,0.25,1,q_proj,False,0.0030066994950175285,0.002354392083361745,0.002771061612293124,0.05764540657401085,0.05764539912343025,,,,,,
lora-match-seed43,LoRA lr-match (seed 43),LoRA lr-match,43,fraction_0.25_step_7989,7989,0.25,2,q_proj,False,0.0029877545312047005,0.002397545613348484,0.0028554261662065983,0.06057123467326164,0.06057123467326164,,,,,,
lora-match-seed43,LoRA lr-match (seed 43),LoRA lr-match,43,fraction_0.25_step_7989,7989,0.25,3,q_proj,False,0.0025764647871255875,0.002417850075289607,0.00269600679166615,0.06169387325644493,0.06169386953115463,,,,,,
lora-match-seed43,LoRA lr-match (seed 43),LoRA lr-match,43,fraction_0.25_step_7989,7989,0.25,4,q_proj,False,0.0025924863293766975,0.0022291308268904686,0.0026053013280034065,0.05901996046304703,0.05901996046304703,,,,,,
lora-match-seed43,LoRA lr-match (seed 43),LoRA lr-match,43,fraction_0.25_step_7989,7989,0.25,5,q_proj,False,0.003276573494076729,0.0025813321117311716,0.003067917190492153,0.06222261115908623,0.062222618609666824,,,,,,
lora-match-seed43,LoRA lr-match (seed 43),LoRA lr-match,43,fraction_0.25_step_7989,7989,0.25,0,up_proj,False,0.007258518598973751,0.004891006741672754,0.008125584572553635,0.12086257338523865,0.12086255848407745,,,,,,
lora-match-seed43,LoRA lr-match (seed 43),LoRA lr-match,43,fraction_0.25_step_7989,7989,0.25,1,up_proj,False,0.007433163467794657,0.005105421878397465,0.008695324882864952,0.12248160690069199,0.12248159945011139,,,,,,
lora-match-seed43,LoRA lr-match (seed 43),LoRA lr-match,43,fraction_0.25_step_7989,7989,0.25,2,up_proj,False,0.00739761907607317,0.005072603467851877,0.008667966350913048,0.12214449793100357,0.12214449793100357,,,,,,
lora-match-seed43,LoRA lr-match (seed 43),LoRA lr-match,43,fraction_0.25_step_7989,7989,0.25,3,up_proj,False,0.007845552638173103,0.0052353511564433575,0.009677515365183353,0.12597185373306274,0.12597185373306274,,,,,,
lora-match-seed43,LoRA lr-match (seed 43),LoRA lr-match,43,fraction_0.25_step_7989,7989,0.25,4,up_proj,False,0.006812516134232283,0.0044112419709563255,0.007873518392443657,0.11699827760457993,0.11699827760457993,,,,,,
lora-match-seed43,LoRA lr-match (seed 43),LoRA lr-match,43,fraction_0.25_step_7989,7989,0.25,5,up_proj,False,0.0064917695708572865,0.004244728945195675,0.00763264624401927,0.11395570635795593,0.11395570635795593,,,,,,
lora-match-seed43,LoRA lr-match (seed 43),LoRA lr-match,43,fraction_0.25_step_7989,7989,0.25,0,v_proj,False,0.009736080653965473,0.003940909169614315,0.010905230417847633,0.1380646824836731,0.1380646824836731,,,,,,
lora-match-seed43,LoRA lr-match (seed 43),LoRA lr-match,43,fraction_0.25_step_7989,7989,0.25,1,v_proj,False,0.008971265517175198,0.004198042675852776,0.009936569258570671,0.12929511070251465,0.12929509580135345,,,,,,
lora-match-seed43,LoRA lr-match (seed 43),LoRA lr-match,43,fraction_0.25_step_7989,7989,0.25,2,v_proj,False,0.0144659373909235,0.005429528653621674,0.015081583522260189,0.15818069875240326,0.15818069875240326,,,,,,
lora-match-seed43,LoRA lr-match (seed 43),LoRA lr-match,43,fraction_0.25_step_7989,7989,0.25,3,v_proj,False,0.009243590757250786,0.004351151641458273,0.01005457527935505,0.13219211995601654,0.13219211995601654,,,,,,
lora-match-seed43,LoRA lr-match (seed 43),LoRA lr-match,43,fraction_0.25_step_7989,7989,0.25,4,v_proj,False,0.008833766914904118,0.004256200511008501,0.009443490765988827,0.12475523352622986,0.12475523352622986,,,,,,
lora-match-seed43,LoRA lr-match (seed 43),LoRA lr-match,43,fraction_0.25_step_7989,7989,0.25,5,v_proj,False,0.01096067950129509,0.0045836507342755795,0.01213260181248188,0.14422164857387543,0.14422164857387543,,,,,,
lora-match-seed43,LoRA lr-match (seed 43),LoRA lr-match,43,fraction_0.5_step_15978,15978,0.5,0,down_proj,False,0.010464255698025227,0.013063370250165462,0.011675774119794369,0.1440017968416214,0.1440017819404602,,,,,,
lora-match-seed43,LoRA lr-match (seed 43),LoRA lr-match,43,fraction_0.5_step_15978,15978,0.5,1,down_proj,False,0.008792703039944172,0.011347657069563866,0.01205072645097971,0.1339464634656906,0.1339464634656906,,,,,,
lora-match-seed43,LoRA lr-match (seed 43),LoRA lr-match,43,fraction_0.5_step_15978,15978,0.5,2,down_proj,False,0.009283903986215591,0.011864066123962402,0.010137987323105335,0.13697876036167145,0.13697876036167145,,,,,,
lora-match-seed43,LoRA lr-match (seed 43),LoRA lr-match,43,fraction_0.5_step_15978,15978,0.5,3,down_proj,False,0.009755613282322884,0.012057913467288017,0.010486824437975883,0.13990463316440582,0.13990464806556702,,,,,,
lora-match-seed43,LoRA lr-match (seed 43),LoRA lr-match,43,fraction_0.5_step_15978,15978,0.5,4,down_proj,False,0.009560622274875641,0.011568677611649036,0.010433926247060299,0.13855300843715668,0.13855300843715668,,,,,,
lora-match-seed43,LoRA lr-match (seed 43),LoRA lr-match,43,fraction_0.5_step_15978,15978,0.5,5,down_proj,False,0.008986114524304867,0.010855271480977535,0.009943927638232708,0.13382142782211304,0.13382142782211304,,,,,,
lora-match-seed43,LoRA lr-match (seed 43),LoRA lr-match,43,fraction_0.5_step_15978,15978,0.5,0,k_proj,False,0.006940638180822134,0.008944345638155937,0.009816809557378292,0.09461744874715805,0.09461744874715805,,,,,,
lora-match-seed43,LoRA lr-match (seed 43),LoRA lr-match,43,fraction_0.5_step_15978,15978,0.5,1,k_proj,False,0.001982949674129486,0.0022436680737882853,0.0017743116477504373,0.04686843603849411,0.04686843603849411,,,,,,
lora-match-seed43,LoRA lr-match (seed 43),LoRA lr-match,43,fraction_0.5_step_15978,15978,0.5,2,k_proj,False,0.00263332505710423,0.003059772774577141,0.0024122868198901415,0.05337567627429962,0.05337567627429962,,,,,,
lora-match-seed43,LoRA lr-match (seed 43),LoRA lr-match,43,fraction_0.5_step_15978,15978,0.5,3,k_proj,False,0.0020923474803566933,0.002994297305122018,0.0022350186482071877,0.05579286441206932,0.05579286813735962,,,,,,
lora-match-seed43,LoRA lr-match (seed 43),LoRA lr-match,43,fraction_0.5_step_15978,15978,0.5,4,k_proj,False,0.00203284015879035,0.002901308936998248,0.0022205642890185118,0.05644424632191658,0.05644424632191658,,,,,,
lora-match-seed43,LoRA lr-match (seed 43),LoRA lr-match,43,fraction_0.5_step_15978,15978,0.5,5,k_proj,False,0.003357851877808571,0.004072598647326231,0.003309663850814104,0.06289777159690857,0.06289777159690857,,,,,,
lora-match-seed43,LoRA lr-match (seed 43),LoRA lr-match,43,fraction_0.5_step_15978,15978,0.5,0,q_proj,False,0.010653607547283173,0.008398817852139473,0.010987973771989346,0.10839064419269562,0.10839064419269562,,,,,,
lora-match-seed43,LoRA lr-match (seed 43),LoRA lr-match,43,fraction_0.5_step_15978,15978,0.5,1,q_proj,False,0.0048203300684690475,0.003930301871150732,0.004570165183395147,0.07616345584392548,0.07616345584392548,,,,,,
lora-match-seed43,LoRA lr-match (seed 43),LoRA lr-match,43,fraction_0.5_step_15978,15978,0.5,2,q_proj,False,0.005666687153279781,0.004530739970505238,0.005352013278752565,0.08332470059394836,0.08332470059394836,,,,,,
lora-match-seed43,LoRA lr-match (seed 43),LoRA lr-match,43,fraction_0.5_step_15978,15978,0.5,3,q_proj,False,0.004644411616027355,0.004357876256108284,0.004801132250577211,0.08376195281744003,0.08376195281744003,,,,,,
lora-match-seed43,LoRA lr-match (seed 43),LoRA lr-match,43,fraction_0.5_step_15978,15978,0.5,4,q_proj,False,0.004865399561822414,0.004233771003782749,0.0048029241152107716,0.08176826685667038,0.08176826685667038,,,,,,
lora-match-seed43,LoRA lr-match (seed 43),LoRA lr-match,43,fraction_0.5_step_15978,15978,0.5,5,q_proj,False,0.006207682192325592,0.004906669724732637,0.005719550885260105,0.08646778762340546,0.08646778762340546,,,,,,
lora-match-seed43,LoRA lr-match (seed 43),LoRA lr-match,43,fraction_0.5_step_15978,15978,0.5,0,up_proj,False,0.01458229124546051,0.009898798540234566,0.015973983332514763,0.17245693504810333,0.17245693504810333,,,,,,
lora-match-seed43,LoRA lr-match (seed 43),LoRA lr-match,43,fraction_0.5_step_15978,15978,0.5,1,up_proj,False,0.014028902165591717,0.009692003019154072,0.015828296542167664,0.16925527155399323,0.16925527155399323,,,,,,
lora-match-seed43,LoRA lr-match (seed 43),LoRA lr-match,43,fraction_0.5_step_15978,15978,0.5,2,up_proj,False,0.013790247961878777,0.009499686770141125,0.015487655997276306,0.16769590973854065,0.16769590973854065,,,,,,
lora-match-seed43,LoRA lr-match (seed 43),LoRA lr-match,43,fraction_0.5_step_15978,15978,0.5,3,up_proj,False,0.013792422600090504,0.009274435229599476,0.0159418024122715,0.16787727177143097,0.16787728667259216,,,,,,
lora-match-seed43,LoRA lr-match (seed 43),LoRA lr-match,43,fraction_0.5_step_15978,15978,0.5,4,up_proj,False,0.012478256598114967,0.008137285709381104,0.013924633152782917,0.15915749967098236,0.15915749967098236,,,,,,
lora-match-seed43,LoRA lr-match (seed 43),LoRA lr-match,43,fraction_0.5_step_15978,15978,0.5,5,up_proj,False,0.011903731152415276,0.007841276936233044,0.013418748043477535,0.15513333678245544,0.15513333678245544,,,,,,
lora-match-seed43,LoRA lr-match (seed 43),LoRA lr-match,43,fraction_0.5_step_15978,15978,0.5,0,v_proj,False,0.015874642878770828,0.006544611882418394,0.01777178794145584,0.17831049859523773,0.17831049859523773,,,,,,
lora-match-seed43,LoRA lr-match (seed 43),LoRA lr-match,43,fraction_0.5_step_15978,15978,0.5,1,v_proj,False,0.014367855153977871,0.006808189675211906,0.01555961836129427,0.16408485174179077,0.16408485174179077,,,,,,
lora-match-seed43,LoRA lr-match (seed 43),LoRA lr-match,43,fraction_0.5_step_15978,15978,0.5,2,v_proj,False,0.024892909452319145,0.00937990564852953,0.026054413989186287,0.2076229453086853,0.2076229304075241,,,,,,
lora-match-seed43,LoRA lr-match (seed 43),LoRA lr-match,43,fraction_0.5_step_15978,15978,0.5,3,v_proj,False,0.015846168622374535,0.007468495052307844,0.016685884445905685,0.173822820186615,0.173822820186615,,,,,,
lora-match-seed43,LoRA lr-match (seed 43),LoRA lr-match,43,fraction_0.5_step_15978,15978,0.5,4,v_proj,False,0.015207533724606037,0.0073388926684856415,0.015886366367340088,0.16313618421554565,0.16313618421554565,,,,,,
lora-match-seed43,LoRA lr-match (seed 43),LoRA lr-match,43,fraction_0.5_step_15978,15978,0.5,5,v_proj,False,0.019099853932857513,0.00808373000472784,0.020725548267364502,0.19088618457317352,0.19088618457317352,,,,,,
lora-match-seed43,LoRA lr-match (seed 43),LoRA lr-match,43,fraction_0.75_step_23967,23967,0.75,0,down_proj,False,0.012603742070496082,0.015758797526359558,0.013881105929613113,0.1582401543855667,0.1582401543855667,,,,,,
lora-match-seed43,LoRA lr-match (seed 43),LoRA lr-match,43,fraction_0.75_step_23967,23967,0.75,1,down_proj,False,0.010047941468656063,0.012959999032318592,0.012962420471012592,0.14320380985736847,0.14320380985736847,,,,,,
lora-match-seed43,LoRA lr-match (seed 43),LoRA lr-match,43,fraction_0.75_step_23967,23967,0.75,2,down_proj,False,0.011419654823839664,0.014625802636146545,0.012393406592309475,0.1520545482635498,0.1520545482635498,,,,,,
lora-match-seed43,LoRA lr-match (seed 43),LoRA lr-match,43,fraction_0.75_step_23967,23967,0.75,3,down_proj,False,0.01210598461329937,0.014983247965574265,0.01295384205877781,0.15588054060935974,0.15588052570819855,,,,,,
lora-match-seed43,LoRA lr-match (seed 43),LoRA lr-match,43,fraction_0.75_step_23967,23967,0.75,4,down_proj,False,0.011574584990739822,0.014025933109223843,0.012524530291557312,0.15254820883274078,0.15254820883274078,,,,,,
lora-match-seed43,LoRA lr-match (seed 43),LoRA lr-match,43,fraction_0.75_step_23967,23967,0.75,5,down_proj,False,0.010991400107741356,0.013278235681355,0.011979656293988228,0.14806011319160461,0.14806009829044342,,,,,,
lora-match-seed43,LoRA lr-match (seed 43),LoRA lr-match,43,fraction_0.75_step_23967,23967,0.75,0,k_proj,False,0.008267693221569061,0.010697826743125916,0.011744297109544277,0.10427543520927429,0.10427543520927429,,,,,,
lora-match-seed43,LoRA lr-match (seed 43),LoRA lr-match,43,fraction_0.75_step_23967,23967,0.75,1,k_proj,False,0.0023261394817382097,0.002659326419234276,0.002115057548508048,0.0512126088142395,0.0512126125395298,,,,,,
lora-match-seed43,LoRA lr-match (seed 43),LoRA lr-match,43,fraction_0.75_step_23967,23967,0.75,2,k_proj,False,0.0033647785894572735,0.003918488044291735,0.0030831298790872097,0.06016545370221138,0.06016545370221138,,,,,,
lora-match-seed43,LoRA lr-match (seed 43),LoRA lr-match,43,fraction_0.75_step_23967,23967,0.75,3,k_proj,False,0.002664340427145362,0.0037870551459491253,0.0027909409254789352,0.0630589947104454,0.0630589947104454,,,,,,
lora-match-seed43,LoRA lr-match (seed 43),LoRA lr-match,43,fraction_0.75_step_23967,23967,0.75,4,k_proj,False,0.00264127179980278,0.0037440324667841196,0.002834602491930127,0.06411358714103699,0.06411359459161758,,,,,,
lora-match-seed43,LoRA lr-match (seed 43),LoRA lr-match,43,fraction_0.75_step_23967,23967,0.75,5,k_proj,False,0.004216477274894714,0.005090553779155016,0.004083103034645319,0.07039963454008102,0.07039963454008102,,,,,,
lora-match-seed43,LoRA lr-match (seed 43),LoRA lr-match,43,fraction_0.75_step_23967,23967,0.75,0,q_proj,False,0.013546821661293507,0.010566994547843933,0.014074712991714478,0.12225855141878128,0.12225855141878128,,,,,,
lora-match-seed43,LoRA lr-match (seed 43),LoRA lr-match,43,fraction_0.75_step_23967,23967,0.75,1,q_proj,False,0.005857761949300766,0.004793038126081228,0.005582375917583704,0.08421239256858826,0.08421239256858826,,,,,,
lora-match-seed43,LoRA lr-match (seed 43),LoRA lr-match,43,fraction_0.75_step_23967,23967,0.75,2,q_proj,False,0.00716507900506258,0.005710645578801632,0.006699815858155489,0.09368328005075455,0.09368328750133514,,,,,,
lora-match-seed43,LoRA lr-match (seed 43),LoRA lr-match,43,fraction_0.75_step_23967,23967,0.75,3,q_proj,False,0.005716619081795216,0.005361523944884539,0.00584947457537055,0.09328451752662659,0.09328452497720718,,,,,,
lora-match-seed43,LoRA lr-match (seed 43),LoRA lr-match,43,fraction_0.75_step_23967,23967,0.75,4,q_proj,False,0.006077752914279699,0.005300251767039299,0.00598437525331974,0.09174777567386627,0.09174776822328568,,,,,,
lora-match-seed43,LoRA lr-match (seed 43),LoRA lr-match,43,fraction_0.75_step_23967,23967,0.75,5,q_proj,False,0.007897517643868923,0.006280562840402126,0.007284219842404127,0.09775131940841675,0.09775131195783615,,,,,,
lora-match-seed43,LoRA lr-match (seed 43),LoRA lr-match,43,fraction_0.75_step_23967,23967,0.75,0,up_proj,False,0.018449680879712105,0.012570708058774471,0.020123779773712158,0.1947600543498993,0.1947600543498993,,,,,,
lora-match-seed43,LoRA lr-match (seed 43),LoRA lr-match,43,fraction_0.75_step_23967,23967,0.75,1,up_proj,False,0.017340512946248055,0.012025268748402596,0.019305255264043808,0.18880653381347656,0.18880653381347656,,,,,,
lora-match-seed43,LoRA lr-match (seed 43),LoRA lr-match,43,fraction_0.75_step_23967,23967,0.75,2,up_proj,False,0.016993394121527672,0.0117537472397089,0.018936047330498695,0.18680515885353088,0.18680515885353088,,,,,,
lora-match-seed43,LoRA lr-match (seed 43),LoRA lr-match,43,fraction_0.75_step_23967,23967,0.75,3,up_proj,False,0.016578588634729385,0.011172979138791561,0.01880466565489769,0.1845567524433136,0.1845567524433136,,,,,,
lora-match-seed43,LoRA lr-match (seed 43),LoRA lr-match,43,fraction_0.75_step_23967,23967,0.75,4,up_proj,False,0.015242772176861763,0.009985043667256832,0.016883082687854767,0.1763402223587036,0.1763402372598648,,,,,,
lora-match-seed43,LoRA lr-match (seed 43),LoRA lr-match,43,fraction_0.75_step_23967,23967,0.75,5,up_proj,False,0.01448027789592743,0.009564929641783237,0.016115734353661537,0.17145493626594543,0.17145493626594543,,,,,,
lora-match-seed43,LoRA lr-match (seed 43),LoRA lr-match,43,fraction_0.75_step_23967,23967,0.75,0,v_proj,False,0.01865200698375702,0.007756625767797232,0.020932568237185478,0.19390784204006195,0.19390784204006195,,,,,,
lora-match-seed43,LoRA lr-match (seed 43),LoRA lr-match,43,fraction_0.75_step_23967,23967,0.75,1,v_proj,False,0.01674060709774494,0.007936786860227585,0.018009023740887642,0.17733082175254822,0.17733082175254822,,,,,,
lora-match-seed43,LoRA lr-match (seed 43),LoRA lr-match,43,fraction_0.75_step_23967,23967,0.75,2,v_proj,False,0.029511122032999992,0.011181310750544071,0.0309189110994339,0.22616349160671234,0.22616349160671234,,,,,,
lora-match-seed43,LoRA lr-match (seed 43),LoRA lr-match,43,fraction_0.75_step_23967,23967,0.75,3,v_proj,False,0.01904027909040451,0.008991656824946404,0.019965389743447304,0.19100166857242584,0.19100166857242584,,,,,,
lora-match-seed43,LoRA lr-match (seed 43),LoRA lr-match,43,fraction_0.75_step_23967,23967,0.75,4,v_proj,False,0.018513798713684082,0.00897590909153223,0.01920519955456257,0.18026475608348846,0.18026475608348846,,,,,,
lora-match-seed43,LoRA lr-match (seed 43),LoRA lr-match,43,fraction_0.75_step_23967,23967,0.75,5,v_proj,False,0.023074975237250328,0.009780148044228554,0.024885263293981552,0.20972616970539093,0.20972616970539093,,,,,,
lora-match-seed43,LoRA lr-match (seed 43),LoRA lr-match,43,final_step_31956,31956,1.0,0,down_proj,False,0.013310783542692661,0.016648460179567337,0.014624190516769886,0.16270685195922852,0.16270685195922852,,,,,,
lora-match-seed43,LoRA lr-match (seed 43),LoRA lr-match,43,final_step_31956,31956,1.0,1,down_proj,False,0.010608266107738018,0.013684654608368874,0.013521692715585232,0.14712730050086975,0.14712730050086975,,,,,,
lora-match-seed43,LoRA lr-match (seed 43),LoRA lr-match,43,final_step_31956,31956,1.0,2,down_proj,False,0.012079535983502865,0.01547940168529749,0.013091173954308033,0.15642668306827545,0.15642668306827545,,,,,,
lora-match-seed43,LoRA lr-match (seed 43),LoRA lr-match,43,final_step_31956,31956,1.0,3,down_proj,False,0.012814809568226337,0.015865016728639603,0.01369304396212101,0.16040530800819397,0.16040530800819397,,,,,,
lora-match-seed43,LoRA lr-match (seed 43),LoRA lr-match,43,final_step_31956,31956,1.0,4,down_proj,False,0.012209653854370117,0.014804581180214882,0.01319785974919796,0.15668189525604248,0.15668189525604248,,,,,,
lora-match-seed43,LoRA lr-match (seed 43),LoRA lr-match,43,final_step_31956,31956,1.0,5,down_proj,False,0.011618784628808498,0.014033366926014423,0.012615750543773174,0.15217316150665283,0.15217316150665283,,,,,,
lora-match-seed43,LoRA lr-match (seed 43),LoRA lr-match,43,final_step_31956,31956,1.0,0,k_proj,False,0.008608371950685978,0.01109076477587223,0.01201904471963644,0.10597122460603714,0.10597122460603714,,,,,,
lora-match-seed43,LoRA lr-match (seed 43),LoRA lr-match,43,final_step_31956,31956,1.0,1,k_proj,False,0.002526539610698819,0.0028625032864511013,0.002273568883538246,0.05296653136610985,0.05296653136610985,,,,,,
lora-match-seed43,LoRA lr-match (seed 43),LoRA lr-match,43,final_step_31956,31956,1.0,2,k_proj,False,0.0036396305076777935,0.004202607553452253,0.0033129530493170023,0.062412336468696594,0.062412336468696594,,,,,,
lora-match-seed43,LoRA lr-match (seed 43),LoRA lr-match,43,final_step_31956,31956,1.0,3,k_proj,False,0.0028410509694367647,0.004026962444186211,0.0029564748983830214,0.06500137597322464,0.06500137597322464,,,,,,
lora-match-seed43,LoRA lr-match (seed 43),LoRA lr-match,43,final_step_31956,31956,1.0,4,k_proj,False,0.00280043575912714,0.003975897561758757,0.0030003294814378023,0.0659969374537468,0.0659969374537468,,,,,,
lora-match-seed43,LoRA lr-match (seed 43),LoRA lr-match,43,final_step_31956,31956,1.0,5,k_proj,False,0.004482293035835028,0.00539375701919198,0.004312945529818535,0.07234667241573334,0.07234667241573334,,,,,,
lora-match-seed43,LoRA lr-match (seed 43),LoRA lr-match,43,final_step_31956,31956,1.0,0,q_proj,False,0.014386325143277645,0.011242790147662163,0.014903614297509193,0.12637859582901,0.12637859582901,,,,,,
lora-match-seed43,LoRA lr-match (seed 43),LoRA lr-match,43,final_step_31956,31956,1.0,1,q_proj,False,0.006124503910541534,0.005037824623286724,0.005864074919372797,0.08640092611312866,0.08640092611312866,,,,,,
lora-match-seed43,LoRA lr-match (seed 43),LoRA lr-match,43,final_step_31956,31956,1.0,2,q_proj,False,0.007629361003637314,0.006090397015213966,0.007146067451685667,0.09670529514551163,0.09670529514551163,,,,,,
lora-match-seed43,LoRA lr-match (seed 43),LoRA lr-match,43,final_step_31956,31956,1.0,3,q_proj,False,0.0061053261160850525,0.005714708007872105,0.006221931427717209,0.09632863104343414,0.09632863104343414,,,,,,
lora-match-seed43,LoRA lr-match (seed 43),LoRA lr-match,43,final_step_31956,31956,1.0,4,q_proj,False,0.006461626850068569,0.005642496515065432,0.006353073753416538,0.09462577849626541,0.09462577849626541,,,,,,
lora-match-seed43,LoRA lr-match (seed 43),LoRA lr-match,43,final_step_31956,31956,1.0,5,q_proj,False,0.00838414952158928,0.0066781905479729176,0.0077134426683187485,0.10077251493930817,0.10077251493930817,,,,,,
lora-match-seed43,LoRA lr-match (seed 43),LoRA lr-match,43,final_step_31956,31956,1.0,0,up_proj,False,0.01966380514204502,0.013414244167506695,0.021422505378723145,0.20129166543483734,0.20129166543483734,,,,,,
lora-match-seed43,LoRA lr-match (seed 43),LoRA lr-match,43,final_step_31956,31956,1.0,1,up_proj,False,0.018376097083091736,0.012755448929965496,0.020409926772117615,0.19457320868968964,0.19457320868968964,,,,,,
lora-match-seed43,LoRA lr-match (seed 43),LoRA lr-match,43,final_step_31956,31956,1.0,2,up_proj,False,0.017972353845834732,0.01243810635060072,0.019961368292570114,0.1923181116580963,0.1923181116580963,,,,,,
lora-match-seed43,LoRA lr-match (seed 43),LoRA lr-match,43,final_step_31956,31956,1.0,3,up_proj,False,0.017433226108551025,0.011759708635509014,0.019677430391311646,0.18941953778266907,0.18941952288150787,,,,,,
lora-match-seed43,LoRA lr-match (seed 43),LoRA lr-match,43,final_step_31956,31956,1.0,4,up_proj,False,0.01603291556239128,0.010505899786949158,0.017702562734484673,0.18099834024906158,0.18099835515022278,,,,,,
lora-match-seed43,LoRA lr-match (seed 43),LoRA lr-match,43,final_step_31956,31956,1.0,5,up_proj,False,0.015285027213394642,0.010103533044457436,0.01696428284049034,0.17629694938659668,0.17629694938659668,,,,,,
lora-match-seed43,LoRA lr-match (seed 43),LoRA lr-match,43,final_step_31956,31956,1.0,0,v_proj,False,0.019340837374329567,0.008063185028731823,0.02171042561531067,0.1977212131023407,0.1977212131023407,,,,,,
lora-match-seed43,LoRA lr-match (seed 43),LoRA lr-match,43,final_step_31956,31956,1.0,1,v_proj,False,0.01747126318514347,0.008301818743348122,0.01883768104016781,0.18121308088302612,0.18121308088302612,,,,,,
lora-match-seed43,LoRA lr-match (seed 43),LoRA lr-match,43,final_step_31956,31956,1.0,2,v_proj,False,0.03098275326192379,0.011762500740587711,0.032407600432634354,0.2319275289773941,0.2319275289773941,,,,,,
lora-match-seed43,LoRA lr-match (seed 43),LoRA lr-match,43,final_step_31956,31956,1.0,3,v_proj,False,0.01988081820309162,0.009415442124009132,0.020866800099611282,0.19523100554943085,0.19523100554943085,,,,,,
lora-match-seed43,LoRA lr-match (seed 43),LoRA lr-match,43,final_step_31956,31956,1.0,4,v_proj,False,0.019459933042526245,0.009445715695619583,0.020117823034524918,0.1847749948501587,0.1847749948501587,,,,,,
lora-match-seed43,LoRA lr-match (seed 43),LoRA lr-match,43,final_step_31956,31956,1.0,5,v_proj,False,0.024349737912416458,0.01034318283200264,0.026321960613131523,0.21557505428791046,0.21557505428791046,,,,,,
qdora-seed42-fp32,QDoRA-fp32 (seed 42),QDoRA-fp32,42,fraction_0.25_step_7989,7989,0.25,0,down_proj,True,0.0017168753547593951,0.006519630551338196,0.006509269587695599,0.05789126083254814,0.05817227065563202,0.004314750898629427,0.0060240235179662704,0.0012482025194913149,0.0014129973715171218,0.006642528343945742,0.006642049178481102
qdora-seed42-fp32,QDoRA-fp32 (seed 42),QDoRA-fp32,42,fraction_0.25_step_7989,7989,0.25,1,down_proj,True,0.001045722863636911,0.006502759177237749,0.006387332919985056,0.04550211876630783,0.04588868468999863,0.004331714008003473,0.0053728120401501656,0.0012633560691028833,0.0012788188178092241,0.006576215382665396,0.006468979641795158
qdora-seed42-fp32,QDoRA-fp32 (seed 42),QDoRA-fp32,42,fraction_0.25_step_7989,7989,0.25,2,down_proj,True,0.0015301118837669492,0.006587582640349865,0.006493247579783201,0.05515168234705925,0.055461328476667404,0.004307334776967764,0.005829496309161186,0.0011845063418149948,0.0011889712186530232,0.0066940621472895145,0.006590533535927534
qdora-seed42-fp32,QDoRA-fp32 (seed 42),QDoRA-fp32,42,fraction_0.25_step_7989,7989,0.25,3,down_proj,True,0.0015212512807920575,0.006611774675548077,0.006636182777583599,0.05464904382824898,0.05498639494180679,0.004318832419812679,0.005834475625306368,0.0011961252894252539,0.0012140438193455338,0.006720827892422676,0.0067486935295164585
qdora-seed42-fp32,QDoRA-fp32 (seed 42),QDoRA-fp32,42,fraction_0.25_step_7989,7989,0.25,4,down_proj,True,0.0015816238010302186,0.006508959457278252,0.006730684544891119,0.055769991129636765,0.05610113590955734,0.004344412591308355,0.0059182653203606606,0.0011933307396247983,0.001259102369658649,0.0065871793776750565,0.006826192606240511
qdora-seed42-fp32,QDoRA-fp32 (seed 42),QDoRA-fp32,42,fraction_0.25_step_7989,7989,0.25,5,down_proj,True,0.0015876409597694874,0.006626663729548454,0.006793898064643145,0.0556349977850914,0.05596274510025978,0.004328716546297073,0.005907088052481413,0.0012075735721737146,0.0012700494844466448,0.006752967834472656,0.006917636375874281
qdora-seed42-fp32,QDoRA-fp32 (seed 42),QDoRA-fp32,42,fraction_0.25_step_7989,7989,0.25,0,k_proj,True,0.000877058831974864,0.005962069146335125,0.004662705585360527,0.03212273120880127,0.03240582346916199,0.005219758488237858,0.006094259675592184,0.004398062825202942,0.003815823933109641,0.007536815479397774,0.005952346138656139
qdora-seed42-fp32,QDoRA-fp32 (seed 42),QDoRA-fp32,42,fraction_0.25_step_7989,7989,0.25,1,k_proj,True,0.0005414858460426331,0.004875347018241882,0.0038759431336075068,0.01911822147667408,0.019497953355312347,0.004894426558166742,0.005432677920907736,0.003199758706614375,0.0025638954248279333,0.005964442156255245,0.004687202163040638
qdora-seed42-fp32,QDoRA-fp32 (seed 42),QDoRA-fp32,42,fraction_0.25_step_7989,7989,0.25,2,k_proj,True,0.00042792968451976776,0.005697725340723991,0.0042128306813538074,0.02111462876200676,0.021515535190701485,0.00474862614646554,0.005177475046366453,0.0034918931778520346,0.0028361529111862183,0.006850667297840118,0.005072660278528929
qdora-seed42-fp32,QDoRA-fp32 (seed 42),QDoRA-fp32,42,fraction_0.25_step_7989,7989,0.25,3,k_proj,True,0.00034902256447821856,0.006125134415924549,0.0046134209260344505,0.02116984874010086,0.021656982600688934,0.004433991387486458,0.004780955612659454,0.002929451409727335,0.002254077699035406,0.007006424944847822,0.0052007222548127174
qdora-seed42-fp32,QDoRA-fp32 (seed 42),QDoRA-fp32,42,fraction_0.25_step_7989,7989,0.25,4,k_proj,True,0.0003806256572715938,0.005619291216135025,0.004236359614878893,0.02191641554236412,0.022307779639959335,0.004474352113902569,0.0048520732671022415,0.002844663569703698,0.0022666226141154766,0.006258768029510975,0.004743216559290886
qdora-seed42-fp32,QDoRA-fp32 (seed 42),QDoRA-fp32,42,fraction_0.25_step_7989,7989,0.25,5,k_proj,True,0.00048674980644136667,0.006016097962856293,0.004533050116151571,0.023580802604556084,0.024000439792871475,0.004442457575351,0.004928832408040762,0.0031254657078534365,0.002616027370095253,0.006893469486385584,0.005249540321528912
qdora-seed42-fp32,QDoRA-fp32 (seed 42),QDoRA-fp32,42,fraction_0.25_step_7989,7989,0.25,0,q_proj,True,0.001399618573486805,0.005975086707621813,0.006707423832267523,0.03866752237081528,0.03914383426308632,0.005027363076806068,0.006422469858080149,0.0028130982536822557,0.003470277413725853,0.006586635950952768,0.007432401180267334
qdora-seed42-fp32,QDoRA-fp32 (seed 42),QDoRA-fp32,42,fraction_0.25_step_7989,7989,0.25,1,q_proj,True,0.0009207044495269656,0.0051269372925162315,0.005794513039290905,0.02875722013413906,0.029311565682291985,0.0047023482620716095,0.005618858151137829,0.0021381445694714785,0.0024324259720742702,0.0055892812088131905,0.006305047310888767
qdora-seed42-fp32,QDoRA-fp32 (seed 42),QDoRA-fp32,42,fraction_0.25_step_7989,7989,0.25,2,q_proj,True,0.0007744428003206849,0.0056453594006598,0.006391062401235104,0.030084853991866112,0.03073025494813919,0.0045654987916350365,0.0053340960294008255,0.0020979526452720165,0.0025359545834362507,0.006116085685789585,0.00693670054897666
qdora-seed42-fp32,QDoRA-fp32 (seed 42),QDoRA-fp32,42,fraction_0.25_step_7989,7989,0.25,3,q_proj,True,0.0007386184297502041,0.005920364987105131,0.006706024520099163,0.03169221058487892,0.03237137943506241,0.00440638605505228,0.0051409280858933926,0.001952337333932519,0.002271284582093358,0.0063131689094007015,0.007121081929653883
qdora-seed42-fp32,QDoRA-fp32 (seed 42),QDoRA-fp32,42,fraction_0.25_step_7989,7989,0.25,4,q_proj,True,0.000798466382548213,0.005845498759299517,0.006630857475101948,0.03182411193847656,0.032475728541612625,0.004392862319946289,0.0051888711750507355,0.0018970712553709745,0.00231612054631114,0.006222832016646862,0.007054775487631559
qdora-seed42-fp32,QDoRA-fp32 (seed 42),QDoRA-fp32,42,fraction_0.25_step_7989,7989,0.25,5,q_proj,True,0.0009448049822822213,0.005954158492386341,0.006863991729915142,0.03290753811597824,0.033588919788599014,0.004408698063343763,0.005348901264369488,0.0019197347573935986,0.002335795434191823,0.0063777100294828415,0.007314662914723158
qdora-seed42-fp32,QDoRA-fp32 (seed 42),QDoRA-fp32,42,fraction_0.25_step_7989,7989,0.25,0,up_proj,True,0.002085508778691292,0.006499100010842085,0.012080139480531216,0.0645214095711708,0.06553705036640167,0.00430744793266058,0.006382811348885298,0.0011459075612947345,0.002140618162229657,0.006584967486560345,0.012254818342626095
qdora-seed42-fp32,QDoRA-fp32 (seed 42),QDoRA-fp32,42,fraction_0.25_step_7989,7989,0.25,1,up_proj,True,0.002197818597778678,0.006409153342247009,0.011764558032155037,0.06626685708761215,0.06718284636735916,0.004325379617512226,0.006514467764645815,0.0011851981980726123,0.002246696036309004,0.006524578668177128,0.011997360736131668
qdora-seed42-fp32,QDoRA-fp32 (seed 42),QDoRA-fp32,42,fraction_0.25_step_7989,7989,0.25,2,up_proj,True,0.0021996633149683475,0.006391518749296665,0.011791044846177101,0.0662851557135582,0.06719828397035599,0.004291764926165342,0.006481954362243414,0.001163523062132299,0.002158851595595479,0.006503977347165346,0.01199350506067276
qdora-seed42-fp32,QDoRA-fp32 (seed 42),QDoRA-fp32,42,fraction_0.25_step_7989,7989,0.25,3,up_proj,True,0.0024039854761213064,0.006439638789743185,0.012131870724260807,0.06934060901403427,0.07024557143449783,0.0042911251075565815,0.006683964282274246,0.00114957126788795,0.0021712121088057756,0.006536752916872501,0.012328113429248333
qdora-seed42-fp32,QDoRA-fp32 (seed 42),QDoRA-fp32,42,fraction_0.25_step_7989,7989,0.25,4,up_proj,True,0.0019492467399686575,0.006520635448396206,0.012619615532457829,0.06228780746459961,0.06344707310199738,0.004333925433456898,0.006274261977523565,0.0011368996929377317,0.0022223382256925106,0.00660221790894866,0.012772871181368828
qdora-seed42-fp32,QDoRA-fp32 (seed 42),QDoRA-fp32,42,fraction_0.25_step_7989,7989,0.25,5,up_proj,True,0.0019247325835749507,0.006549615412950516,0.012617493979632854,0.06186049059033394,0.06302355974912643,0.0042980327270925045,0.0062139444053173065,0.0011323897633701563,0.0021980542223900557,0.00664024380967021,0.012801846489310265
qdora-seed42-fp32,QDoRA-fp32 (seed 42),QDoRA-fp32,42,fraction_0.25_step_7989,7989,0.25,0,v_proj,True,0.002955157309770584,0.005965075921267271,0.01828332059085369,0.0747036263346672,0.07661736011505127,0.004988955333828926,0.007928291335701942,0.0008926832815632224,0.0027039579581469297,0.005878047551959753,0.018063489347696304
qdora-seed42-fp32,QDoRA-fp32 (seed 42),QDoRA-fp32,42,fraction_0.25_step_7989,7989,0.25,1,v_proj,True,0.0024047656916081905,0.005782753694802523,0.01469758152961731,0.06636954098939896,0.06779367476701736,0.004333116579800844,0.00673158373683691,0.0008291953708976507,0.002113817259669304,0.00587685639038682,0.014896546490490437
qdora-seed42-fp32,QDoRA-fp32 (seed 42),QDoRA-fp32,42,fraction_0.25_step_7989,7989,0.25,2,v_proj,True,0.004123005084693432,0.0061009908095002174,0.018409430980682373,0.0844084769487381,0.08602382987737656,0.004309820011258125,0.008409535512328148,0.0006995155708864331,0.002149685751646757,0.006157408934086561,0.018602535128593445
qdora-seed42-fp32,QDoRA-fp32 (seed 42),QDoRA-fp32,42,fraction_0.25_step_7989,7989,0.25,3,v_proj,True,0.0026694247499108315,0.00652693398296833,0.016570502892136574,0.06976226717233658,0.07148966938257217,0.004290672019124031,0.006950979586690664,0.0008158115670084953,0.0021462617442011833,0.006622618995606899,0.016814496368169785
qdora-seed42-fp32,QDoRA-fp32 (seed 42),QDoRA-fp32,42,fraction_0.25_step_7989,7989,0.25,4,v_proj,True,0.0023674536496400833,0.006274668499827385,0.014743993058800697,0.06359750032424927,0.06509409844875336,0.004304157570004463,0.006661723367869854,0.000888059614226222,0.0021225730888545513,0.006302505731582642,0.014814521186053753
qdora-seed42-fp32,QDoRA-fp32 (seed 42),QDoRA-fp32,42,fraction_0.25_step_7989,7989,0.25,5,v_proj,True,0.0031695356592535973,0.006186873186379671,0.017351455986499786,0.0774858146905899,0.07914438843727112,0.004305975046008825,0.007459061220288277,0.0007535541080869734,0.002144720172509551,0.006218552589416504,0.017490658909082413
qdora-seed42-fp32,QDoRA-fp32 (seed 42),QDoRA-fp32,42,fraction_0.5_step_15978,15978,0.5,0,down_proj,True,0.002058339072391391,0.008910292759537697,0.008931681513786316,0.06344093382358551,0.06397213041782379,0.004314750898629427,0.006363799795508385,0.0012482025194913149,0.0014129973715171218,0.008980417624115944,0.009009290486574173
qdora-seed42-fp32,QDoRA-fp32 (seed 42),QDoRA-fp32,42,fraction_0.5_step_15978,15978,0.5,1,down_proj,True,0.0012683041859418154,0.008854882791638374,0.00872801337391138,0.0501834973692894,0.05084909498691559,0.004331714008003473,0.005594474263489246,0.0012633560691028833,0.0012788188178092241,0.008864179253578186,0.008732711896300316
qdora-seed42-fp32,QDoRA-fp32 (seed 42),QDoRA-fp32,42,fraction_0.5_step_15978,15978,0.5,2,down_proj,True,0.0018562382319942117,0.008947577327489853,0.008775172755122185,0.06076160818338394,0.06130408123135567,0.004307334776967764,0.006153515540063381,0.0011845063418149948,0.0011889712186530232,0.008998209610581398,0.00882317591458559
qdora-seed42-fp32,QDoRA-fp32 (seed 42),QDoRA-fp32,42,fraction_0.5_step_15978,15978,0.5,3,down_proj,True,0.0019056684104725718,0.008892368525266647,0.008958449587225914,0.06116349250078201,0.061741191893815994,0.004318832419812679,0.0062168678268790245,0.0011961252894252539,0.0012140438193455338,0.008941286243498325,0.009013449773192406
qdora-seed42-fp32,QDoRA-fp32 (seed 42),QDoRA-fp32,42,fraction_0.5_step_15978,15978,0.5,4,down_proj,True,0.001979599939659238,0.008871916681528091,0.009188299998641014,0.06237698718905449,0.06295973062515259,0.004344412591308355,0.006314360536634922,0.0011933307396247983,0.001259102369658649,0.008898647502064705,0.009234231896698475
qdora-seed42-fp32,QDoRA-fp32 (seed 42),QDoRA-fp32,42,fraction_0.5_step_15978,15978,0.5,5,down_proj,True,0.0020142090506851673,0.008950070478022099,0.00918761920183897,0.06265623867511749,0.0632152259349823,0.004328716546297073,0.006331307347863913,0.0012075735721737146,0.0012700494844466448,0.00901839043945074,0.009248198010027409
qdora-seed42-fp32,QDoRA-fp32 (seed 42),QDoRA-fp32,42,fraction_0.5_step_15978,15978,0.5,0,k_proj,True,0.0010327890049666166,0.00716562382876873,0.005596878472715616,0.03439730778336525,0.03479627147316933,0.005219758488237858,0.006248637102544308,0.004398062825202942,0.003815823933109641,0.008784272707998753,0.006884549278765917
qdora-seed42-fp32,QDoRA-fp32 (seed 42),QDoRA-fp32,42,fraction_0.5_step_15978,15978,0.5,1,k_proj,True,0.0007836868171580136,0.005826969165354967,0.00461024884134531,0.021768983453512192,0.02223913185298443,0.004894426558166742,0.00567192118614912,0.003199758706614375,0.0025638954248279333,0.006809104699641466,0.00535293435677886
qdora-seed42-fp32,QDoRA-fp32 (seed 42),QDoRA-fp32,42,fraction_0.5_step_15978,15978,0.5,2,k_proj,True,0.0005249698297120631,0.007062988821417093,0.005234937649220228,0.02320014126598835,0.023767292499542236,0.00474862614646554,0.005273841321468353,0.0034918931778520346,0.0028361529111862183,0.00804214458912611,0.005955900531262159
qdora-seed42-fp32,QDoRA-fp32 (seed 42),QDoRA-fp32,42,fraction_0.5_step_15978,15978,0.5,3,k_proj,True,0.0004900463973172009,0.007513866759836674,0.005649144761264324,0.02401544153690338,0.024660658091306686,0.004433991387486458,0.004919709637761116,0.002929451409727335,0.002254077699035406,0.008249250240623951,0.006148249842226505
qdora-seed42-fp32,QDoRA-fp32 (seed 42),QDoRA-fp32,42,fraction_0.5_step_15978,15978,0.5,4,k_proj,True,0.0005282227648422122,0.007288658991456032,0.005528456065803766,0.025082357227802277,0.02566937543451786,0.004474352113902569,0.0049980212934315205,0.002844663569703698,0.0022666226141154766,0.007772323675453663,0.005906867329031229
qdora-seed42-fp32,QDoRA-fp32 (seed 42),QDoRA-fp32,42,fraction_0.5_step_15978,15978,0.5,5,k_proj,True,0.0006450368673540652,0.007646560203284025,0.00583293940871954,0.026765495538711548,0.027379734441637993,0.004442457575351,0.0050865039229393005,0.0031254657078534365,0.002616027370095253,0.008332191966474056,0.006381789222359657
qdora-seed42-fp32,QDoRA-fp32 (seed 42),QDoRA-fp32,42,fraction_0.5_step_15978,15978,0.5,0,q_proj,True,0.0016774896066635847,0.007582897320389748,0.008532591164112091,0.042158450931310654,0.042912401258945465,0.005027363076806068,0.006698765326291323,0.0028130982536822557,0.003470277413725853,0.008171315304934978,0.009218412451446056
qdora-seed42-fp32,QDoRA-fp32 (seed 42),QDoRA-fp32,42,fraction_0.5_step_15978,15978,0.5,1,q_proj,True,0.0011744803050532937,0.006467707455158234,0.0073447683826088905,0.03159681707620621,0.032412298023700714,0.0047023482620716095,0.005871213972568512,0.0021381445694714785,0.0024324259720742702,0.006897737272083759,0.0077485935762524605
qdora-seed42-fp32,QDoRA-fp32 (seed 42),QDoRA-fp32,42,fraction_0.5_step_15978,15978,0.5,2,q_proj,True,0.0009225603425875306,0.0074450732208788395,0.008513436652719975,0.03271007910370827,0.033776018768548965,0.0045654987916350365,0.0054818373173475266,0.0020979526452720165,0.0025359545834362507,0.007814168930053711,0.00890642311424017
qdora-seed42-fp32,QDoRA-fp32 (seed 42),QDoRA-fp32,42,fraction_0.5_step_15978,15978,0.5,3,q_proj,True,0.0009380944538861513,0.007658199407160282,0.00873996689915657,0.03522827476263046,0.03627284616231918,0.00440638605505228,0.005339491181075573,0.001952337333932519,0.002271284582093358,0.007983332499861717,0.009082975797355175
qdora-seed42-fp32,QDoRA-fp32 (seed 42),QDoRA-fp32,42,fraction_0.5_step_15978,15978,0.5,4,q_proj,True,0.0010093103628605604,0.0076993172988295555,0.008799629285931587,0.0353519432246685,0.036399949342012405,0.004392862319946289,0.005399192217737436,0.0018970712553709745,0.00231612054631114,0.0080174021422863,0.009138526394963264
qdora-seed42-fp32,QDoRA-fp32 (seed 42),QDoRA-fp32,42,fraction_0.5_step_15978,15978,0.5,5,q_proj,True,0.0011685839854180813,0.008059796877205372,0.009328696876764297,0.03660331666469574,0.03774474561214447,0.004408698063343763,0.005570929031819105,0.0019197347573935986,0.002335795434191823,0.008429674431681633,0.009722255170345306
qdora-seed42-fp32,QDoRA-fp32 (seed 42),QDoRA-fp32,42,fraction_0.5_step_15978,15978,0.5,0,up_proj,True,0.0025010190438479185,0.00899155531078577,0.016739029437303543,0.07073177397251129,0.0725342333316803,0.00430744793266058,0.006796192843466997,0.0011459075612947345,0.002140618162229657,0.00903717614710331,0.016862358897924423
qdora-seed42-fp32,QDoRA-fp32 (seed 42),QDoRA-fp32,42,fraction_0.5_step_15978,15978,0.5,1,up_proj,True,0.0026367169339209795,0.008744855411350727,0.016086002811789513,0.07260147482156754,0.07419455796480179,0.004325379617512226,0.00695091811940074,0.0011851981980726123,0.002246696036309004,0.008830740116536617,0.01624864898622036
qdora-seed42-fp32,QDoRA-fp32 (seed 42),QDoRA-fp32,42,fraction_0.5_step_15978,15978,0.5,2,up_proj,True,0.0026348098181188107,0.00868897419422865,0.016078893095254898,0.07257092744112015,0.07415986061096191,0.004291764926165342,0.006915070116519928,0.001163523062132299,0.002158851595595479,0.008774171583354473,0.01621529459953308
qdora-seed42-fp32,QDoRA-fp32 (seed 42),QDoRA-fp32,42,fraction_0.5_step_15978,15978,0.5,3,up_proj,True,0.002896189922466874,0.008738010190427303,0.016462914645671844,0.07611317187547684,0.07769431918859482,0.0042911251075565815,0.007173908408731222,0.00114957126788795,0.0021712121088057756,0.008821266703307629,0.0166073776781559
qdora-seed42-fp32,QDoRA-fp32 (seed 42),QDoRA-fp32,42,fraction_0.5_step_15978,15978,0.5,4,up_proj,True,0.0023911104071885347,0.008881021291017532,0.017185678705573082,0.06906243413686752,0.07105598598718643,0.004333925433456898,0.006713632959872484,0.0011368996929377317,0.0022223382256925106,0.00893006008118391,0.017299029976129532
qdora-seed42-fp32,QDoRA-fp32 (seed 42),QDoRA-fp32,42,fraction_0.5_step_15978,15978,0.5,5,up_proj,True,0.002372815739363432,0.00897294469177723,0.017278607934713364,0.06875578314065933,0.07077158987522125,0.0042980327270925045,0.006659719627350569,0.0011323897633701563,0.0021980542223900557,0.009032055735588074,0.017392905429005623
qdora-seed42-fp32,QDoRA-fp32 (seed 42),QDoRA-fp32,42,fraction_0.5_step_15978,15978,0.5,0,v_proj,True,0.0034445482306182384,0.008006823249161243,0.02442457340657711,0.0805620551109314,0.08384587615728378,0.004988955333828926,0.008419321849942207,0.0008926832815632224,0.0027039579581469297,0.007910243235528469,0.024232445284724236
qdora-seed42-fp32,QDoRA-fp32 (seed 42),QDoRA-fp32,42,fraction_0.5_step_15978,15978,0.5,1,v_proj,True,0.002816560911014676,0.007874369621276855,0.019871395081281662,0.07168111205101013,0.07415193319320679,0.004333116579800844,0.00714154914021492,0.0008291953708976507,0.002113817259669304,0.00793266948312521,0.019982606172561646
qdora-seed42-fp32,QDoRA-fp32 (seed 42),QDoRA-fp32,42,fraction_0.5_step_15978,15978,0.5,2,v_proj,True,0.004815075546503067,0.008280065841972828,0.024640612304210663,0.09177610278129578,0.09453078359365463,0.004309820011258125,0.009094110690057278,0.0006995155708864331,0.002149685751646757,0.00834711268544197,0.024780478328466415
qdora-seed42-fp32,QDoRA-fp32 (seed 42),QDoRA-fp32,42,fraction_0.5_step_15978,15978,0.5,3,v_proj,True,0.0032168838661164045,0.008685573004186153,0.022001851350069046,0.0764283686876297,0.07924126833677292,0.004290672019124031,0.00749384518712759,0.0008158115670084953,0.0021462617442011833,0.00877890083938837,0.022182902321219444
qdora-seed42-fp32,QDoRA-fp32 (seed 42),QDoRA-fp32,42,fraction_0.5_step_15978,15978,0.5,4,v_proj,True,0.0029174485243856907,0.008215092122554779,0.019482122734189034,0.07036277651786804,0.07275614142417908,0.004304157570004463,0.00721043162047863,0.000888059614226222,0.0021225730888545513,0.008213204331696033,0.019475873559713364
qdora-seed42-fp32,QDoRA-fp32 (seed 42),QDoRA-fp32,42,fraction_0.5_step_15978,15978,0.5,5,v_proj,True,0.003909589257091284,0.008309549652040005,0.023626290261745453,0.0859985426068306,0.08880965411663055,0.004305975046008825,0.008196281269192696,0.0007535541080869734,0.002144720172509551,0.008339755237102509,0.02368122525513172
qdora-seed42-fp32,QDoRA-fp32 (seed 42),QDoRA-fp32,42,fraction_0.75_step_23967,23967,0.75,0,down_proj,True,0.002086345572024584,0.010038420557975769,0.010037800297141075,0.06387921422719955,0.06457199901342392,0.004314750898629427,0.006391721311956644,0.0012482025194913149,0.0014129973715171218,0.010102760046720505,0.010092123411595821
qdora-seed42-fp32,QDoRA-fp32 (seed 42),QDoRA-fp32,42,fraction_0.75_step_23967,23967,0.75,1,down_proj,True,0.0012767119333148003,0.009933260269463062,0.009834850206971169,0.05037008970975876,0.05123426020145416,0.004331714008003473,0.005602993071079254,0.0012633560691028833,0.0012788188178092241,0.009921438992023468,0.009825940243899822
qdora-seed42-fp32,QDoRA-fp32 (seed 42),QDoRA-fp32,42,fraction_0.75_step_23967,23967,0.75,2,down_proj,True,0.0018866893369704485,0.010050315409898758,0.00989355705678463,0.06125802546739578,0.06196688488125801,0.004307334776967764,0.0061838966794312,0.0011845063418149948,0.0011889712186530232,0.010102122090756893,0.009933117777109146
qdora-seed42-fp32,QDoRA-fp32 (seed 42),QDoRA-fp32,42,fraction_0.75_step_23967,23967,0.75,3,down_proj,True,0.0019375034607946873,0.009995651431381702,0.010097743943333626,0.06166743114590645,0.06241406127810478,0.004318832419812679,0.006248509045690298,0.0011961252894252539,0.0012140438193455338,0.010028071701526642,0.010133013129234314
qdora-seed42-fp32,QDoRA-fp32 (seed 42),QDoRA-fp32,42,fraction_0.75_step_23967,23967,0.75,4,down_proj,True,0.0020133941434323788,0.010008263401687145,0.010346030816435814,0.0629209578037262,0.06367866694927216,0.004344412591308355,0.006348142400383949,0.0011933307396247983,0.001259102369658649,0.01001981645822525,0.010376077145338058
qdora-seed42-fp32,QDoRA-fp32 (seed 42),QDoRA-fp32,42,fraction_0.75_step_23967,23967,0.75,5,down_proj,True,0.002030725125223398,0.010080198757350445,0.01037712674587965,0.06290777027606964,0.06364932656288147,0.004328716546297073,0.0063478415831923485,0.0012075735721737146,0.0012700494844466448,0.0101173622533679,0.010413276962935925
qdora-seed42-fp32,QDoRA-fp32 (seed 42),QDoRA-fp32,42,fraction_0.75_step_23967,23967,0.75,0,k_proj,True,0.0010378840379416943,0.007589254528284073,0.005992654711008072,0.03460383042693138,0.035069890320301056,0.005219758488237858,0.006253726780414581,0.004398062825202942,0.003815823933109641,0.009202677756547928,0.007223453372716904
qdora-seed42-fp32,QDoRA-fp32 (seed 42),QDoRA-fp32,42,fraction_0.75_step_23967,23967,0.75,1,k_proj,True,0.0008324048831127584,0.0063105374574661255,0.004950451198965311,0.02218293584883213,0.022716142237186432,0.004894426558166742,0.0057198042050004005,0.003199758706614375,0.0025638954248279333,0.007257848046720028,0.005691286642104387
qdora-seed42-fp32,QDoRA-fp32 (seed 42),QDoRA-fp32,42,fraction_0.75_step_23967,23967,0.75,2,k_proj,True,0.0005445167771540582,0.007901987060904503,0.005869725253432989,0.023470083251595497,0.024177031591534615,0.00474862614646554,0.005293156020343304,0.0034918931778520346,0.0028361529111862183,0.008820106275379658,0.0065259551629424095
qdora-seed42-fp32,QDoRA-fp32 (seed 42),QDoRA-fp32,42,fraction_0.75_step_23967,23967,0.75,3,k_proj,True,0.0005079004913568497,0.008299319073557854,0.006240969058126211,0.024370454251766205,0.025148585438728333,0.004433991387486458,0.004937272984534502,0.002929451409727335,0.002254077699035406,0.008917693048715591,0.006690255831927061
qdora-seed42-fp32,QDoRA-fp32 (seed 42),QDoRA-fp32,42,fraction_0.75_step_23967,23967,0.75,4,k_proj,True,0.0005613960092887282,0.007942809723317623,0.006061766762286425,0.02554757334291935,0.026244783774018288,0.004474352113902569,0.005030345171689987,0.002844663569703698,0.0022666226141154766,0.008430578745901585,0.0064439899288117886
qdora-seed42-fp32,QDoRA-fp32 (seed 42),QDoRA-fp32,42,fraction_0.75_step_23967,23967,0.75,5,k_proj,True,0.0006699866498820484,0.00845538079738617,0.006478640716522932,0.027063529938459396,0.02781868726015091,0.004442457575351,0.0051113152876496315,0.0031254657078534365,0.002616027370095253,0.00908384658396244,0.007001022808253765
qdora-seed42-fp32,QDoRA-fp32 (seed 42),QDoRA-fp32,42,fraction_0.75_step_23967,23967,0.75,0,q_proj,True,0.0017140316776931286,0.008160586468875408,0.00924665480852127,0.04257935658097267,0.04347199574112892,0.005027363076806068,0.0067352913320064545,0.0028130982536822557,0.003470277413725853,0.008738030679523945,0.00989463459700346
qdora-seed42-fp32,QDoRA-fp32 (seed 42),QDoRA-fp32,42,fraction_0.75_step_23967,23967,0.75,1,q_proj,True,0.0012120254104956985,0.007037995383143425,0.008025660179555416,0.031966399401426315,0.03293415531516075,0.0047023482620716095,0.005908352788537741,0.0021381445694714785,0.0024324259720742702,0.007445096038281918,0.00839361734688282
qdora-seed42-fp32,QDoRA-fp32 (seed 42),QDoRA-fp32,42,fraction_0.75_step_23967,23967,0.75,2,q_proj,True,0.0009509837254881859,0.008325649425387383,0.009532205760478973,0.033135175704956055,0.03445872291922569,0.0045654987916350365,0.005509661510586739,0.0020979526452720165,0.0025359545834362507,0.008676278404891491,0.009897112846374512
qdora-seed42-fp32,QDoRA-fp32 (seed 42),QDoRA-fp32,42,fraction_0.75_step_23967,23967,0.75,3,q_proj,True,0.0009669961873441935,0.008573450148105621,0.009800275787711143,0.0356965996325016,0.03699754178524017,0.00440638605505228,0.005368193611502647,0.001952337333932519,0.002271284582093358,0.008880458772182465,0.010108445771038532
qdora-seed42-fp32,QDoRA-fp32 (seed 42),QDoRA-fp32,42,fraction_0.75_step_23967,23967,0.75,4,q_proj,True,0.001037485315464437,0.008509116247296333,0.009778391569852829,0.03582601621747017,0.03710906207561493,0.004392862319946289,0.005427281837910414,0.0018970712553709745,0.00231612054631114,0.00880927499383688,0.010074600577354431
qdora-seed42-fp32,QDoRA-fp32 (seed 42),QDoRA-fp32,42,fraction_0.75_step_23967,23967,0.75,5,q_proj,True,0.0012129928218200803,0.009025064297020435,0.01044711284339428,0.037118859589099884,0.03853769227862358,0.004408698063343763,0.005615257658064365,0.0019197347573935986,0.002335795434191823,0.00936755072325468,0.01081212516874075
qdora-seed42-fp32,QDoRA-fp32 (seed 42),QDoRA-fp32,42,fraction_0.75_step_23967,23967,0.75,0,up_proj,True,0.002559307496994734,0.010165533982217312,0.018976090475916862,0.07155072689056396,0.07386786490678787,0.00430744793266058,0.006854279898107052,0.0011459075612947345,0.002140618162229657,0.010210131295025349,0.01907743141055107
qdora-seed42-fp32,QDoRA-fp32 (seed 42),QDoRA-fp32,42,fraction_0.75_step_23967,23967,0.75,1,up_proj,True,0.00267638242803514,0.009900890290737152,0.018216487020254135,0.07314103096723557,0.07521030306816101,0.004325379617512226,0.006990567781031132,0.0011851981980726123,0.002246696036309004,0.00997114647179842,0.018355077132582664
qdora-seed42-fp32,QDoRA-fp32 (seed 42),QDoRA-fp32,42,fraction_0.75_step_23967,23967,0.75,2,up_proj,True,0.00267576496116817,0.009835513308644295,0.018149515613913536,0.07313521951436996,0.07518472522497177,0.004291764926165342,0.006955625023692846,0.001163523062132299,0.002158851595595479,0.009906935505568981,0.018269961699843407
qdora-seed42-fp32,QDoRA-fp32 (seed 42),QDoRA-fp32,42,fraction_0.75_step_23967,23967,0.75,3,up_proj,True,0.002934772055596113,0.009773654863238335,0.01844036765396595,0.07661883533000946,0.07863621413707733,0.0042911251075565815,0.007211902644485235,0.00114957126788795,0.0021712121088057756,0.009845192544162273,0.01856800727546215
qdora-seed42-fp32,QDoRA-fp32 (seed 42),QDoRA-fp32,42,fraction_0.75_step_23967,23967,0.75,4,up_proj,True,0.00243576942011714,0.009967861697077751,0.0192863792181015,0.06970978528261185,0.0722271278500557,0.004333925433456898,0.006757934112101793,0.0011368996929377317,0.0022223382256925106,0.01000878307968378,0.019375236704945564
qdora-seed42-fp32,QDoRA-fp32 (seed 42),QDoRA-fp32,42,fraction_0.75_step_23967,23967,0.75,5,up_proj,True,0.002406893065199256,0.010056297294795513,0.019361330196261406,0.06925611197948456,0.07179799675941467,0.0042980327270925045,0.006693560164421797,0.0011323897633701563,0.0021980542223900557,0.01010859850794077,0.019460413604974747
qdora-seed42-fp32,QDoRA-fp32 (seed 42),QDoRA-fp32,42,fraction_0.75_step_23967,23967,0.75,0,v_proj,True,0.003508005291223526,0.008903143927454948,0.026887936517596245,0.0813179686665535,0.08532138168811798,0.004988955333828926,0.008482825011014938,0.0008926832815632224,0.0027039579581469297,0.008802294731140137,0.026669327169656754
qdora-seed42-fp32,QDoRA-fp32 (seed 42),QDoRA-fp32,42,fraction_0.75_step_23967,23967,0.75,1,v_proj,True,0.0028884257189929485,0.008820855990052223,0.022101381793618202,0.0725182518362999,0.07556866109371185,0.004333116579800844,0.007213277276605368,0.0008291953708976507,0.002113817259669304,0.008866867981851101,0.02218046598136425
qdora-seed42-fp32,QDoRA-fp32 (seed 42),QDoRA-fp32,42,fraction_0.75_step_23967,23967,0.75,2,v_proj,True,0.0049097249284386635,0.009080366231501102,0.027092808857560158,0.09266114234924316,0.09602620452642441,0.004309820011258125,0.009189853444695473,0.0006995155708864331,0.002149685751646757,0.009135262109339237,0.027219846844673157
qdora-seed42-fp32,QDoRA-fp32 (seed 42),QDoRA-fp32,42,fraction_0.75_step_23967,23967,0.75,3,v_proj,True,0.003273788606747985,0.00957094319164753,0.024364782497286797,0.07710064947605133,0.08056523650884628,0.004290672019124031,0.0075500281527638435,0.0008158115670084953,0.0021462617442011833,0.009652596898376942,0.02453801780939102
qdora-seed42-fp32,QDoRA-fp32 (seed 42),QDoRA-fp32,42,fraction_0.75_step_23967,23967,0.75,4,v_proj,True,0.0029803260695189238,0.009026958607137203,0.021357808262109756,0.07103559374809265,0.07391399890184402,0.004304157570004463,0.007272954564541578,0.000888059614226222,0.0021225730888545513,0.009007254615426064,0.021327685564756393
qdora-seed42-fp32,QDoRA-fp32 (seed 42),QDoRA-fp32,42,fraction_0.75_step_23967,23967,0.75,5,v_proj,True,0.004005712457001209,0.00914720632135868,0.02603311836719513,0.08705390989780426,0.09047804027795792,0.004305975046008825,0.008290923200547695,0.0007535541080869734,0.002144720172509551,0.009166302159428596,0.026068946346640587
qdora-seed42-fp32,QDoRA-fp32 (seed 42),QDoRA-fp32,42,final_step_31956,31956,1.0,0,down_proj,True,0.0020857788622379303,0.010410282760858536,0.010411227121949196,0.0638694241642952,0.06462378054857254,0.004314750898629427,0.006391117814928293,0.0012482025194913149,0.0014129973715171218,0.010472729802131653,0.010462556034326553
qdora-seed42-fp32,QDoRA-fp32 (seed 42),QDoRA-fp32,42,final_step_31956,31956,1.0,1,down_proj,True,0.0012729332083836198,0.01027359813451767,0.01017695665359497,0.05029712989926338,0.05122959613800049,0.004331714008003473,0.005599199328571558,0.0012633560691028833,0.0012788188178092241,0.01025073416531086,0.010161537677049637
qdora-seed42-fp32,QDoRA-fp32 (seed 42),QDoRA-fp32,42,final_step_31956,31956,1.0,2,down_proj,True,0.0018861473072320223,0.010394986718893051,0.010239800438284874,0.06124935299158096,0.062014881521463394,0.004307334776967764,0.006183336488902569,0.0011845063418149948,0.0011889712186530232,0.010452155955135822,0.010274210013449192
qdora-seed42-fp32,QDoRA-fp32 (seed 42),QDoRA-fp32,42,final_step_31956,31956,1.0,3,down_proj,True,0.001937279710546136,0.010348298586905003,0.010456109419465065,0.06166386604309082,0.06247067451477051,0.004318832419812679,0.006248330697417259,0.0011961252894252539,0.0012140438193455338,0.010383311659097672,0.010486993938684464
qdora-seed42-fp32,QDoRA-fp32 (seed 42),QDoRA-fp32,42,final_step_31956,31956,1.0,4,down_proj,True,0.002012112643569708,0.010327576659619808,0.01067992951720953,0.06290070712566376,0.0637144222855568,0.004344412591308355,0.006346846465021372,0.0011933307396247983,0.001259102369658649,0.010339288040995598,0.010707054287195206
qdora-seed42-fp32,QDoRA-fp32 (seed 42),QDoRA-fp32,42,final_step_31956,31956,1.0,5,down_proj,True,0.0020270247478038073,0.01041555218398571,0.010716487653553486,0.06284940987825394,0.06364712119102478,0.004328716546297073,0.006344136781990528,0.0012075735721737146,0.0012700494844466448,0.010449910536408424,0.010749658569693565
qdora-seed42-fp32,QDoRA-fp32 (seed 42),QDoRA-fp32,42,final_step_31956,31956,1.0,0,k_proj,True,0.0010349552612751722,0.007856329903006554,0.006178576499223709,0.03459099680185318,0.035090282559394836,0.005219758488237858,0.006250741891562939,0.004398062825202942,0.003815823933109641,0.009464533999562263,0.007420377340167761
qdora-seed42-fp32,QDoRA-fp32 (seed 42),QDoRA-fp32,42,final_step_31956,31956,1.0,1,k_proj,True,0.0008337037288583815,0.006363663822412491,0.005019682459533215,0.022191056981682777,0.022740252315998077,0.004894426558166742,0.0057211387902498245,0.003199758706614375,0.0025638954248279333,0.007300536148250103,0.0057523432187736034
qdora-seed42-fp32,QDoRA-fp32 (seed 42),QDoRA-fp32,42,final_step_31956,31956,1.0,2,k_proj,True,0.0005454692873172462,0.008211568929255009,0.006090726237744093,0.02348058857023716,0.0242427047342062,0.00474862614646554,0.0052940393798053265,0.0034918931778520346,0.0028361529111862183,0.009087304584681988,0.0067380862310528755
qdora-seed42-fp32,QDoRA-fp32 (seed 42),QDoRA-fp32,42,final_step_31956,31956,1.0,3,k_proj,True,0.0005087909521535039,0.008505485951900482,0.006418526638299227,0.024376042187213898,0.02519945241510868,0.004433991387486458,0.004937955178320408,0.002929451409727335,0.002254077699035406,0.009088235907256603,0.006851548794656992
qdora-seed42-fp32,QDoRA-fp32 (seed 42),QDoRA-fp32,42,final_step_31956,31956,1.0,4,k_proj,True,0.0005618256982415915,0.008112066425383091,0.006211891770362854,0.02555057220160961,0.026284266263246536,0.004474352113902569,0.005030775908380747,0.002844663569703698,0.0022666226141154766,0.008617870509624481,0.006598211824893951
qdora-seed42-fp32,QDoRA-fp32 (seed 42),QDoRA-fp32,42,final_step_31956,31956,1.0,5,k_proj,True,0.0006703939288854599,0.008663073182106018,0.006636359263211489,0.02706417441368103,0.027858786284923553,0.004442457575351,0.005111738573759794,0.0031254657078534365,0.002616027370095253,0.009271377697587013,0.007152008358389139
qdora-seed42-fp32,QDoRA-fp32 (seed 42),QDoRA-fp32,42,final_step_31956,31956,1.0,0,q_proj,True,0.0017129899933934212,0.008342338725924492,0.009461232461035252,0.04255453497171402,0.043496277183294296,0.005027363076806068,0.006734350696206093,0.0028130982536822557,0.003470277413725853,0.008929110132157803,0.010105347260832787
qdora-seed42-fp32,QDoRA-fp32 (seed 42),QDoRA-fp32,42,final_step_31956,31956,1.0,1,q_proj,True,0.0012146256631240249,0.007181735709309578,0.00822504609823227,0.031986285001039505,0.03300314396619797,0.0047023482620716095,0.0059110610745847225,0.0021381445694714785,0.0024324259720742702,0.007595623843371868,0.008586646988987923
qdora-seed42-fp32,QDoRA-fp32 (seed 42),QDoRA-fp32,42,final_step_31956,31956,1.0,2,q_proj,True,0.0009517716825939715,0.008618195541203022,0.009865541942417622,0.033145491033792496,0.034563664346933365,0.0045654987916350365,0.005510490387678146,0.0020979526452720165,0.0025359545834362507,0.008965856395661831,0.010226746089756489
qdora-seed42-fp32,QDoRA-fp32 (seed 42),QDoRA-fp32,42,final_step_31956,31956,1.0,3,q_proj,True,0.000967782165389508,0.008862683549523354,0.010142646729946136,0.03570764511823654,0.037101686000823975,0.00440638605505228,0.005369043909013271,0.001952337333932519,0.002271284582093358,0.009162047877907753,0.010436917655169964
qdora-seed42-fp32,QDoRA-fp32 (seed 42),QDoRA-fp32,42,final_step_31956,31956,1.0,4,q_proj,True,0.0010380222229287028,0.008770126849412918,0.010093512944877148,0.03583631291985512,0.03720606863498688,0.004392862319946289,0.005427777301520109,0.0018970712553709745,0.00231612054631114,0.009065795689821243,0.010376336053013802
qdora-seed42-fp32,QDoRA-fp32 (seed 42),QDoRA-fp32,42,final_step_31956,31956,1.0,5,q_proj,True,0.0012133640702813864,0.00928268302232027,0.01076835673302412,0.03712635487318039,0.038635700941085815,0.004408698063343763,0.00561563903465867,0.0019197347573935986,0.002335795434191823,0.009626447223126888,0.011125149205327034
qdora-seed42-fp32,QDoRA-fp32 (seed 42),QDoRA-fp32,42,final_step_31956,31956,1.0,0,up_proj,True,0.0025621356908231974,0.010549470782279968,0.019710872322320938,0.07159049808979034,0.07409744709730148,0.00430744793266058,0.0068571302108466625,0.0011459075612947345,0.002140618162229657,0.010594642721116543,0.019809313118457794
qdora-seed42-fp32,QDoRA-fp32 (seed 42),QDoRA-fp32,42,final_step_31956,31956,1.0,1,up_proj,True,0.002679126802831888,0.010270364582538605,0.01888810656964779,0.07317827641963959,0.07541190087795258,0.004325379617512226,0.006993335206061602,0.0011851981980726123,0.002246696036309004,0.010334768332540989,0.019015805795788765
qdora-seed42-fp32,QDoRA-fp32 (seed 42),QDoRA-fp32,42,final_step_31956,31956,1.0,2,up_proj,True,0.002676447154954076,0.0102043766528368,0.01883597858250141,0.07314415276050568,0.07536353170871735,0.004291764926165342,0.00695633003488183,0.001163523062132299,0.002158851595595479,0.010272371582686901,0.01894853450357914
qdora-seed42-fp32,QDoRA-fp32 (seed 42),QDoRA-fp32,42,final_step_31956,31956,1.0,3,up_proj,True,0.0029357396997511387,0.010109399445354939,0.019076785072684288,0.07663223147392273,0.07880344986915588,0.0042911251075565815,0.007212930358946323,0.00114957126788795,0.0021712121088057756,0.010177655145525932,0.019197389483451843
qdora-seed42-fp32,QDoRA-fp32 (seed 42),QDoRA-fp32,42,final_step_31956,31956,1.0,4,up_proj,True,0.002437296789139509,0.010305874980986118,0.019949063658714294,0.06973210722208023,0.07242931425571442,0.004333925433456898,0.006759495474398136,0.0011368996929377317,0.0022223382256925106,0.010351304896175861,0.020034613087773323
qdora-seed42-fp32,QDoRA-fp32 (seed 42),QDoRA-fp32,42,final_step_31956,31956,1.0,5,up_proj,True,0.0024081473238766193,0.01038987934589386,0.020017173141241074,0.06927408277988434,0.07199554890394211,0.0042980327270925045,0.006694825831800699,0.0011323897633701563,0.0021980542223900557,0.010447502136230469,0.020114174112677574
qdora-seed42-fp32,QDoRA-fp32 (seed 42),QDoRA-fp32,42,final_step_31956,31956,1.0,0,v_proj,True,0.003510618582367897,0.009162279777228832,0.027590204030275345,0.08133888244628906,0.0855826660990715,0.004988955333828926,0.008485207334160805,0.0008926832815632224,0.0027039579581469297,0.009071349166333675,0.02737879753112793
qdora-seed42-fp32,QDoRA-fp32 (seed 42),QDoRA-fp32,42,final_step_31956,31956,1.0,1,v_proj,True,0.0028864943888038397,0.00905118603259325,0.02270951122045517,0.07249466329813004,0.07573273777961731,0.004333116579800844,0.007211379241198301,0.0008291953708976507,0.002113817259669304,0.009081666357815266,0.02278730273246765
qdora-seed42-fp32,QDoRA-fp32 (seed 42),QDoRA-fp32,42,final_step_31956,31956,1.0,2,v_proj,True,0.004911125171929598,0.00927005521953106,0.027760740369558334,0.09266727417707443,0.09623141586780548,0.004309820011258125,0.009191198274493217,0.0006995155708864331,0.002149685751646757,0.009322276338934898,0.027882207185029984
qdora-seed42-fp32,QDoRA-fp32 (seed 42),QDoRA-fp32,42,final_step_31956,31956,1.0,3,v_proj,True,0.0032750233076512814,0.009878245182335377,0.025157121941447258,0.07710379362106323,0.08080758899450302,0.004290672019124031,0.007551410235464573,0.0008158115670084953,0.0021462617442011833,0.009946969337761402,0.02531152218580246
qdora-seed42-fp32,QDoRA-fp32 (seed 42),QDoRA-fp32,42,final_step_31956,31956,1.0,4,v_proj,True,0.0029808555264025927,0.009310003370046616,0.021939825266599655,0.07103792577981949,0.07408668100833893,0.004304157570004463,0.00727336248382926,0.000888059614226222,0.0021225730888545513,0.009287872351706028,0.021912241354584694
qdora-seed42-fp32,QDoRA-fp32 (seed 42),QDoRA-fp32,42,final_step_31956,31956,1.0,5,v_proj,True,0.004005790688097477,0.00936554279178381,0.02677076868712902,0.08705167472362518,0.09069279581308365,0.004305975046008825,0.008291032165288925,0.0007535541080869734,0.002144720172509551,0.009397061541676521,0.026796646416187286
qdora-seed43-fp32,QDoRA-fp32 (seed 43),QDoRA-fp32,43,fraction_0.25_step_7989,7989,0.25,0,down_proj,True,0.001797068165615201,0.006641523912549019,0.006602908484637737,0.059226587414741516,0.05950547754764557,0.004314750898629427,0.006104286760091782,0.0012482025194913149,0.0014129973715171218,0.006760810501873493,0.0067314752377569675
qdora-seed43-fp32,QDoRA-fp32 (seed 43),QDoRA-fp32,43,fraction_0.25_step_7989,7989,0.25,1,down_proj,True,0.001090022618882358,0.0064628878608345985,0.006412547547370195,0.046452440321445465,0.04681973531842232,0.004331714008003473,0.005416847765445709,0.0012633560691028833,0.0012788188178092241,0.0065506817772984505,0.006503446958959103
qdora-seed43-fp32,QDoRA-fp32 (seed 43),QDoRA-fp32,43,fraction_0.25_step_7989,7989,0.25,2,down_proj,True,0.0014844831312075257,0.006587453186511993,0.00645355973392725,0.05429844558238983,0.054615385830402374,0.004307334776967764,0.005784002132713795,0.0011845063418149948,0.0011889712186530232,0.0067112259566783905,0.006568532902747393
qdora-seed43-fp32,QDoRA-fp32 (seed 43),QDoRA-fp32,43,fraction_0.25_step_7989,7989,0.25,3,down_proj,True,0.0016472407151013613,0.006531454622745514,0.006614093203097582,0.05694064870476723,0.05725301429629326,0.004318832419812679,0.005958696827292442,0.0011961252894252539,0.0012140438193455338,0.006681377533823252,0.006744147278368473
qdora-seed43-fp32,QDoRA-fp32 (seed 43),QDoRA-fp32,43,fraction_0.25_step_7989,7989,0.25,4,down_proj,True,0.0016145390691235662,0.006548783276230097,0.006830831058323383,0.05634898319840431,0.05668305605649948,0.004344412591308355,0.0059500280767679214,0.0011933307396247983,0.001259102369658649,0.006658277008682489,0.006942982319742441
qdora-seed43-fp32,QDoRA-fp32 (seed 43),QDoRA-fp32,43,fraction_0.25_step_7989,7989,0.25,5,down_proj,True,0.0014463618863373995,0.006612016353756189,0.006752152927219868,0.05300983041524887,0.053368665277957916,0.004328716546297073,0.005767654161900282,0.0012075735721737146,0.0012700494844466448,0.006694866344332695,0.006848183460533619
qdora-seed43-fp32,QDoRA-fp32 (seed 43),QDoRA-fp32,43,fraction_0.25_step_7989,7989,0.25,0,k_proj,True,0.0008978214464150369,0.005877438001334667,0.004546596202999353,0.03274737298488617,0.03299945220351219,0.005219758488237858,0.006116035394370556,0.004398062825202942,0.003815823933109641,0.007354277651757002,0.005746530834585428
qdora-seed43-fp32,QDoRA-fp32 (seed 43),QDoRA-fp32,43,fraction_0.25_step_7989,7989,0.25,1,k_proj,True,0.0006256669876165688,0.005074617452919483,0.003974415361881256,0.020352445542812347,0.020723219960927963,0.004894426558166742,0.005517655052244663,0.003199758706614375,0.0025638954248279333,0.005829167552292347,0.004578354302793741
qdora-seed43-fp32,QDoRA-fp32 (seed 43),QDoRA-fp32,43,fraction_0.25_step_7989,7989,0.25,2,k_proj,True,0.00048153940588235855,0.005519941449165344,0.004046556539833546,0.021958403289318085,0.022312335669994354,0.00474862614646554,0.00522962911054492,0.0034918931778520346,0.0028361529111862183,0.006731845438480377,0.005015901289880276
qdora-seed43-fp32,QDoRA-fp32 (seed 43),QDoRA-fp32,43,fraction_0.25_step_7989,7989,0.25,3,k_proj,True,0.00034266040893271565,0.0058953166007995605,0.004452418070286512,0.020730849355459213,0.021196430549025536,0.004433991387486458,0.00477552879601717,0.002929451409727335,0.002254077699035406,0.0068619269877672195,0.005120591260492802
qdora-seed43-fp32,QDoRA-fp32 (seed 43),QDoRA-fp32,43,fraction_0.25_step_7989,7989,0.25,4,k_proj,True,0.0003220138605684042,0.0057542044669389725,0.004308250267058611,0.020459970459342003,0.020895423367619514,0.004474352113902569,0.004795920103788376,0.002844663569703698,0.0022666226141154766,0.00626774225383997,0.004735943861305714
qdora-seed43-fp32,QDoRA-fp32 (seed 43),QDoRA-fp32,43,fraction_0.25_step_7989,7989,0.25,5,k_proj,True,0.00048300024354830384,0.006012714002281427,0.004528889898210764,0.023450065404176712,0.023866217583417892,0.004442457575351,0.004921755287796259,0.0031254657078534365,0.002616027370095253,0.006869348231703043,0.005203467793762684
qdora-seed43-fp32,QDoRA-fp32 (seed 43),QDoRA-fp32,43,fraction_0.25_step_7989,7989,0.25,0,q_proj,True,0.0014454290503636003,0.006178592331707478,0.006840477231889963,0.04100674390792847,0.041458189487457275,0.005027363076806068,0.006468010600656271,0.0028130982536822557,0.003470277413725853,0.006811796221882105,0.007585907354950905
qdora-seed43-fp32,QDoRA-fp32 (seed 43),QDoRA-fp32,43,fraction_0.25_step_7989,7989,0.25,1,q_proj,True,0.0009051654487848282,0.005309781525284052,0.005963784176856279,0.028818318620324135,0.029402440413832664,0.0047023482620716095,0.005604448262602091,0.0021381445694714785,0.0024324259720742702,0.005869262386113405,0.006487066857516766
qdora-seed43-fp32,QDoRA-fp32 (seed 43),QDoRA-fp32,43,fraction_0.25_step_7989,7989,0.25,2,q_proj,True,0.0008200450101867318,0.005532747600227594,0.006292978301644325,0.030827721580863,0.03143220394849777,0.0045654987916350365,0.005381905008107424,0.0020979526452720165,0.0025359545834362507,0.006042761728167534,0.006861289497464895
qdora-seed43-fp32,QDoRA-fp32 (seed 43),QDoRA-fp32,43,fraction_0.25_step_7989,7989,0.25,3,q_proj,True,0.0007462422363460064,0.0057547749020159245,0.006561583839356899,0.032070010900497437,0.03271380811929703,0.00440638605505228,0.005148658994585276,0.001952337333932519,0.002271284582093358,0.006138607859611511,0.0069824643433094025
qdora-seed43-fp32,QDoRA-fp32 (seed 43),QDoRA-fp32,43,fraction_0.25_step_7989,7989,0.25,4,q_proj,True,0.0008286434458568692,0.00591083150357008,0.006780553609132767,0.0323876328766346,0.03305840492248535,0.004392862319946289,0.005217328201979399,0.0018970712553709745,0.00231612054631114,0.006271915510296822,0.0071920487098395824
qdora-seed43-fp32,QDoRA-fp32 (seed 43),QDoRA-fp32,43,fraction_0.25_step_7989,7989,0.25,5,q_proj,True,0.0009797102538868785,0.006052391603589058,0.007020517252385616,0.03336014226078987,0.03406252712011337,0.004408698063343763,0.00538412993773818,0.0019197347573935986,0.002335795434191823,0.006481572985649109,0.007464968599379063
qdora-seed43-fp32,QDoRA-fp32 (seed 43),QDoRA-fp32,43,fraction_0.25_step_7989,7989,0.25,0,up_proj,True,0.0020077188964933157,0.006523836404085159,0.012165987864136696,0.06329327076673508,0.0643516257405281,0.00430744793266058,0.006305720191448927,0.0011459075612947345,0.002140618162229657,0.006615308579057455,0.012331640347838402
qdora-seed43-fp32,QDoRA-fp32 (seed 43),QDoRA-fp32,43,fraction_0.25_step_7989,7989,0.25,1,up_proj,True,0.0022686501033604145,0.006445902865380049,0.011852026917040348,0.06733137369155884,0.06823605298995972,0.004325379617512226,0.00658529344946146,0.0011851981980726123,0.002246696036309004,0.006551378406584263,0.012060148641467094
qdora-seed43-fp32,QDoRA-fp32 (seed 43),QDoRA-fp32,43,fraction_0.25_step_7989,7989,0.25,2,up_proj,True,0.002200369257479906,0.006379456724971533,0.011789041571319103,0.06630053371191025,0.06721725314855576,0.004291764926165342,0.006481740158051252,0.001163523062132299,0.002158851595595479,0.006481826305389404,0.011999193578958511
qdora-seed43-fp32,QDoRA-fp32 (seed 43),QDoRA-fp32,43,fraction_0.25_step_7989,7989,0.25,3,up_proj,True,0.0023502621334046125,0.00646104896441102,0.012132749892771244,0.06855940818786621,0.06949002295732498,0.0042911251075565815,0.006630010437220335,0.00114957126788795,0.0021712121088057756,0.006559185683727264,0.012321547605097294
qdora-seed43-fp32,QDoRA-fp32 (seed 43),QDoRA-fp32,43,fraction_0.25_step_7989,7989,0.25,4,up_proj,True,0.001946505974046886,0.00646615494042635,0.012523926794528961,0.06226469203829765,0.06340450793504715,0.004333925433456898,0.0062716444954276085,0.0011368996929377317,0.0022223382256925106,0.006563927512615919,0.01270427368581295
qdora-seed43-fp32,QDoRA-fp32 (seed 43),QDoRA-fp32,43,fraction_0.25_step_7989,7989,0.25,5,up_proj,True,0.0018739079823717475,0.006506383419036865,0.012519147247076035,0.061002325266599655,0.06217478960752487,0.0042980327270925045,0.006162830628454685,0.0011323897633701563,0.0021980542223900557,0.006587561685591936,0.012689311988651752
qdora-seed43-fp32,QDoRA-fp32 (seed 43),QDoRA-fp32,43,fraction_0.25_step_7989,7989,0.25,0,v_proj,True,0.002730355132371187,0.006083805114030838,0.01834590919315815,0.07162261754274368,0.07362376153469086,0.004988955333828926,0.007705342955887318,0.0008926832815632224,0.0027039579581469297,0.006015550810843706,0.01815805211663246
qdora-seed43-fp32,QDoRA-fp32 (seed 43),QDoRA-fp32,43,fraction_0.25_step_7989,7989,0.25,1,v_proj,True,0.0023162690922617912,0.006006525829434395,0.015323593281209469,0.06524403393268585,0.0668490007519722,0.004333116579800844,0.006632601842284203,0.0008291953708976507,0.002113817259669304,0.006039976142346859,0.015460887923836708
qdora-seed43-fp32,QDoRA-fp32 (seed 43),QDoRA-fp32,43,fraction_0.25_step_7989,7989,0.25,2,v_proj,True,0.003934344742447138,0.006001439411193132,0.017940202727913857,0.08231110125780106,0.08389593660831451,0.004309820011258125,0.008218140341341496,0.0006995155708864331,0.002149685751646757,0.006053914315998554,0.018120959401130676
qdora-seed43-fp32,QDoRA-fp32 (seed 43),QDoRA-fp32,43,fraction_0.25_step_7989,7989,0.25,3,v_proj,True,0.0025900076143443584,0.006354260258376598,0.016090724617242813,0.06871134787797928,0.0703672394156456,0.004290672019124031,0.006871948949992657,0.0008158115670084953,0.0021462617442011833,0.006448753178119659,0.016323573887348175
qdora-seed43-fp32,QDoRA-fp32 (seed 43),QDoRA-fp32,43,fraction_0.25_step_7989,7989,0.25,4,v_proj,True,0.0025704680010676384,0.00619569281116128,0.014691013842821121,0.06614034622907639,0.06754840910434723,0.004304157570004463,0.0068673547357320786,0.000888059614226222,0.0021225730888545513,0.006250705569982529,0.014785569161176682
qdora-seed43-fp32,QDoRA-fp32 (seed 43),QDoRA-fp32,43,fraction_0.25_step_7989,7989,0.25,5,v_proj,True,0.0029187900945544243,0.006264842115342617,0.017998116090893745,0.07411596924066544,0.07601093500852585,0.004305975046008825,0.007216408383101225,0.0007535541080869734,0.002144720172509551,0.006345060653984547,0.018138470128178596
qdora-seed43-fp32,QDoRA-fp32 (seed 43),QDoRA-fp32,43,fraction_0.5_step_15978,15978,0.5,0,down_proj,True,0.0021217097528278828,0.009028449654579163,0.00895417109131813,0.06441852450370789,0.0649373009800911,0.004314750898629427,0.006427207496017218,0.0012482025194913149,0.0014129973715171218,0.009126675315201283,0.009043565951287746
qdora-seed43-fp32,QDoRA-fp32 (seed 43),QDoRA-fp32,43,fraction_0.5_step_15978,15978,0.5,1,down_proj,True,0.0013476258609443903,0.008873836137354374,0.008777337148785591,0.05174165591597557,0.05237865447998047,0.004331714008003473,0.005673404783010483,0.0012633560691028833,0.0012788188178092241,0.008899422362446785,0.008810142986476421
qdora-seed43-fp32,QDoRA-fp32 (seed 43),QDoRA-fp32,43,fraction_0.5_step_15978,15978,0.5,2,down_proj,True,0.0018378084059804678,0.008963899686932564,0.008844831958413124,0.06043451651930809,0.06099541112780571,0.004307334776967764,0.006135950796306133,0.0011845063418149948,0.0011889712186530232,0.009025244042277336,0.00891556404531002
qdora-seed43-fp32,QDoRA-fp32 (seed 43),QDoRA-fp32,43,fraction_0.5_step_15978,15978,0.5,3,down_proj,True,0.002016066573560238,0.009027504362165928,0.00906794797629118,0.06296296417713165,0.06352683156728745,0.004318832419812679,0.006326358765363693,0.0011961252894252539,0.0012140438193455338,0.009062391705811024,0.009124992415308952
qdora-seed43-fp32,QDoRA-fp32 (seed 43),QDoRA-fp32,43,fraction_0.5_step_15978,15978,0.5,4,down_proj,True,0.0020176288671791553,0.009016127325594425,0.009394194930791855,0.06302154809236526,0.06362385302782059,0.004344412591308355,0.0063508241437375546,0.0011933307396247983,0.001259102369658649,0.009052164852619171,0.009432806633412838
qdora-seed43-fp32,QDoRA-fp32 (seed 43),QDoRA-fp32,43,fraction_0.5_step_15978,15978,0.5,5,down_proj,True,0.0018667656695470214,0.009056959301233292,0.009272638708353043,0.06018183007836342,0.06080657243728638,0.004328716546297073,0.006185603328049183,0.0012075735721737146,0.0012700494844466448,0.009101725183427334,0.009331603534519672
qdora-seed43-fp32,QDoRA-fp32 (seed 43),QDoRA-fp32,43,fraction_0.5_step_15978,15978,0.5,0,k_proj,True,0.0011199957225471735,0.007248821202665567,0.005644047167152166,0.03547786548733711,0.03585440292954445,0.005219758488237858,0.006335968617349863,0.004398062825202942,0.003815823933109641,0.008765244856476784,0.0068337819539010525
qdora-seed43-fp32,QDoRA-fp32 (seed 43),QDoRA-fp32,43,fraction_0.5_step_15978,15978,0.5,1,k_proj,True,0.0008556476095691323,0.006326977629214525,0.004991707857698202,0.022787949070334435,0.023311223834753036,0.004894426558166742,0.005743729881942272,0.003199758706614375,0.0025638954248279333,0.007043497171252966,0.005535773932933807
qdora-seed43-fp32,QDoRA-fp32 (seed 43),QDoRA-fp32,43,fraction_0.5_step_15978,15978,0.5,2,k_proj,True,0.0005825461121276021,0.007044111378490925,0.005253555718809366,0.023921703919768333,0.02447410859167576,0.00474862614646554,0.005330230109393597,0.0034918931778520346,0.0028361529111862183,0.008144885301589966,0.006051675882190466
qdora-seed43-fp32,QDoRA-fp32 (seed 43),QDoRA-fp32,43,fraction_0.5_step_15978,15978,0.5,3,k_proj,True,0.0004763512988574803,0.007446297910064459,0.005690493155270815,0.023464743047952652,0.024140510708093643,0.004433991387486458,0.0049078636802732944,0.002929451409727335,0.002254077699035406,0.008223100565373898,0.006184189580380917
qdora-seed43-fp32,QDoRA-fp32 (seed 43),QDoRA-fp32,43,fraction_0.5_step_15978,15978,0.5,4,k_proj,True,0.00048259797040373087,0.0071513717994093895,0.005383395589888096,0.02375919371843338,0.024344993755221367,0.004474352113902569,0.004954369273036718,0.002844663569703698,0.0022666226141154766,0.007651768159121275,0.005770860239863396
qdora-seed43-fp32,QDoRA-fp32 (seed 43),QDoRA-fp32,43,fraction_0.5_step_15978,15978,0.5,5,k_proj,True,0.0006185640813782811,0.007870013825595379,0.005842731799930334,0.026049233973026276,0.02668244019150734,0.004442457575351,0.005056601949036121,0.0031254657078534365,0.002616027370095253,0.008472057059407234,0.00636364845559001
qdora-seed43-fp32,QDoRA-fp32 (seed 43),QDoRA-fp32,43,fraction_0.5_step_15978,15978,0.5,0,q_proj,True,0.001633886364288628,0.007611934095621109,0.008474652655422688,0.043530285358428955,0.04424110800027847,0.005027363076806068,0.006655850913375616,0.0028130982536822557,0.003470277413725853,0.008153174072504044,0.009091994725167751
qdora-seed43-fp32,QDoRA-fp32 (seed 43),QDoRA-fp32,43,fraction_0.5_step_15978,15978,0.5,1,q_proj,True,0.0011804212117567658,0.006706502754241228,0.0076194335706532,0.03197970613837242,0.03284366801381111,0.0047023482620716095,0.0058783721178770065,0.0021381445694714785,0.0024324259720742702,0.007157269865274429,0.008045450784265995
qdora-seed43-fp32,QDoRA-fp32 (seed 43),QDoRA-fp32,43,fraction_0.5_step_15978,15978,0.5,2,q_proj,True,0.0009815088706091046,0.007293101865798235,0.008376912213861942,0.03357783332467079,0.03457486256957054,0.0045654987916350365,0.00554286502301693,0.0020979526452720165,0.0025359545834362507,0.007680557202547789,0.008790982887148857
qdora-seed43-fp32,QDoRA-fp32 (seed 43),QDoRA-fp32,43,fraction_0.5_step_15978,15978,0.5,3,q_proj,True,0.0009343608398921788,0.007660229224711657,0.00879778154194355,0.03548869118094444,0.0365443229675293,0.00440638605505228,0.005335031542927027,0.001952337333932519,0.002271284582093358,0.0079668452963233,0.00911820400506258
qdora-seed43-fp32,QDoRA-fp32 (seed 43),QDoRA-fp32,43,fraction_0.5_step_15978,15978,0.5,4,q_proj,True,0.0010321730514988303,0.007696738466620445,0.00887646060436964,0.035816218703985214,0.03686287999153137,0.004392862319946289,0.005419555120170116,0.0018970712553709745,0.00231612054631114,0.008016412146389484,0.009195701219141483
qdora-seed43-fp32,QDoRA-fp32 (seed 43),QDoRA-fp32,43,fraction_0.5_step_15978,15978,0.5,5,q_proj,True,0.0012017509434372187,0.007994728162884712,0.009297718293964863,0.03691602125763893,0.038041356950998306,0.004408698063343763,0.0056055267341434956,0.0019197347573935986,0.002335795434191823,0.008325881324708462,0.009637491777539253
qdora-seed43-fp32,QDoRA-fp32 (seed 43),QDoRA-fp32,43,fraction_0.5_step_15978,15978,0.5,0,up_proj,True,0.002428906736895442,0.0089427400380373,0.016662156209349632,0.06969742476940155,0.07152678072452545,0.00430744793266058,0.00672514783218503,0.0011459075612947345,0.002140618162229657,0.00900439266115427,0.01678396947681904
qdora-seed43-fp32,QDoRA-fp32 (seed 43),QDoRA-fp32,43,fraction_0.5_step_15978,15978,0.5,1,up_proj,True,0.002701908117160201,0.008772904984652996,0.016114287078380585,0.07348926365375519,0.07506536692380905,0.004325379617512226,0.007016454823315144,0.0011851981980726123,0.002246696036309004,0.008849055506289005,0.016257546842098236
qdora-seed43-fp32,QDoRA-fp32 (seed 43),QDoRA-fp32,43,fraction_0.5_step_15978,15978,0.5,2,up_proj,True,0.002618849277496338,0.008822278119623661,0.016250258311629295,0.07235237210988998,0.07398851215839386,0.004291764926165342,0.006898805964738131,0.001163523062132299,0.002158851595595479,0.008899708278477192,0.016398215666413307
qdora-seed43-fp32,QDoRA-fp32 (seed 43),QDoRA-fp32,43,fraction_0.5_step_15978,15978,0.5,3,up_proj,True,0.0028280268888920546,0.008768651634454727,0.01651429384946823,0.07522065192461014,0.0768369659781456,0.0042911251075565815,0.007105697877705097,0.00114957126788795,0.0021712121088057756,0.008840720169246197,0.0166478231549263
qdora-seed43-fp32,QDoRA-fp32 (seed 43),QDoRA-fp32,43,fraction_0.5_step_15978,15978,0.5,4,up_proj,True,0.0023980308324098587,0.008836263790726662,0.01707760989665985,0.06917282193899155,0.07113085687160492,0.004333925433456898,0.006720838136970997,0.0011368996929377317,0.0022223382256925106,0.008900174871087074,0.017178475856781006
qdora-seed43-fp32,QDoRA-fp32 (seed 43),QDoRA-fp32,43,fraction_0.5_step_15978,15978,0.5,5,up_proj,True,0.0023359861224889755,0.008892668411135674,0.017130665481090546,0.06819704174995422,0.07020658999681473,0.0042980327270925045,0.0066220746375620365,0.0011323897633701563,0.0021980542223900557,0.0089415293186903,0.017234303057193756
qdora-seed43-fp32,QDoRA-fp32 (seed 43),QDoRA-fp32,43,fraction_0.5_step_15978,15978,0.5,0,v_proj,True,0.0031407298520207405,0.008209931664168835,0.02460268698632717,0.0767984464764595,0.08030864596366882,0.004988955333828926,0.008112900890409946,0.0008926832815632224,0.0027039579581469297,0.008155941031873226,0.024386409670114517
qdora-seed43-fp32,QDoRA-fp32 (seed 43),QDoRA-fp32,43,fraction_0.5_step_15978,15978,0.5,1,v_proj,True,0.002700671786442399,0.008099883794784546,0.020343270152807236,0.07030441612005234,0.07295957952737808,0.004333116579800844,0.0070155467838048935,0.0008291953708976507,0.002113817259669304,0.008127951994538307,0.0204729326069355
qdora-seed43-fp32,QDoRA-fp32 (seed 43),QDoRA-fp32,43,fraction_0.5_step_15978,15978,0.5,2,v_proj,True,0.004678513389080763,0.007796154823154211,0.02347017638385296,0.08980406820774078,0.09231606870889664,0.004309820011258125,0.008957037702202797,0.0006995155708864331,0.002149685751646757,0.007835909724235535,0.023641491308808327
qdora-seed43-fp32,QDoRA-fp32 (seed 43),QDoRA-fp32,43,fraction_0.5_step_15978,15978,0.5,3,v_proj,True,0.003175100078806281,0.008706131018698215,0.02187264896929264,0.07595839351415634,0.0787578895688057,0.004290672019124031,0.007453075144439936,0.0008158115670084953,0.0021462617442011833,0.00874253362417221,0.022034890949726105
qdora-seed43-fp32,QDoRA-fp32 (seed 43),QDoRA-fp32,43,fraction_0.5_step_15978,15978,0.5,4,v_proj,True,0.003153874771669507,0.008008117787539959,0.019275877624750137,0.07307714223861694,0.07529944181442261,0.004304157570004463,0.007447436451911926,0.000888059614226222,0.0021225730888545513,0.008051304146647453,0.019361034035682678
qdora-seed43-fp32,QDoRA-fp32 (seed 43),QDoRA-fp32,43,fraction_0.5_step_15978,15978,0.5,5,v_proj,True,0.0036616495344787836,0.008394263684749603,0.024174222722649574,0.08291957527399063,0.0860179141163826,0.004305975046008825,0.007958433590829372,0.0007535541080869734,0.002144720172509551,0.0084622111171484,0.02432064712047577
qdora-seed43-fp32,QDoRA-fp32 (seed 43),QDoRA-fp32,43,fraction_0.75_step_23967,23967,0.75,0,down_proj,True,0.0021514911204576492,0.010281749069690704,0.010161729529500008,0.06488242000341415,0.06557648628950119,0.004314750898629427,0.006456860341131687,0.0012482025194913149,0.0014129973715171218,0.010355086997151375,0.010226861573755741
qdora-seed43-fp32,QDoRA-fp32 (seed 43),QDoRA-fp32,43,fraction_0.75_step_23967,23967,0.75,1,down_proj,True,0.001350013306364417,0.010048288851976395,0.009909296408295631,0.051802605390548706,0.052640583366155624,0.004331714008003473,0.005675683729350567,0.0012633560691028833,0.0012788188178092241,0.01005428284406662,0.009922841563820839
qdora-seed43-fp32,QDoRA-fp32 (seed 43),QDoRA-fp32,43,fraction_0.75_step_23967,23967,0.75,2,down_proj,True,0.001869316678494215,0.010111424140632153,0.009970476850867271,0.06095314398407936,0.061680346727371216,0.004307334776967764,0.006167380139231682,0.0011845063418149948,0.0011889712186530232,0.010167938657104969,0.010028135031461716
qdora-seed43-fp32,QDoRA-fp32 (seed 43),QDoRA-fp32,43,fraction_0.75_step_23967,23967,0.75,3,down_proj,True,0.002055495511740446,0.01009763777256012,0.010144433937966824,0.06357040256261826,0.06429146230220795,0.004318832419812679,0.006365451030433178,0.0011961252894252539,0.0012140438193455338,0.010117439553141594,0.010182635858654976
qdora-seed43-fp32,QDoRA-fp32 (seed 43),QDoRA-fp32,43,fraction_0.75_step_23967,23967,0.75,4,down_proj,True,0.0020486991852521896,0.010112728923559189,0.010523898527026176,0.06350788474082947,0.06428162753582001,0.004344412591308355,0.006381950341165066,0.0011933307396247983,0.001259102369658649,0.010123681277036667,0.01054377667605877
qdora-seed43-fp32,QDoRA-fp32 (seed 43),QDoRA-fp32,43,fraction_0.75_step_23967,23967,0.75,5,down_proj,True,0.0018970787059515715,0.010119926184415817,0.010371210053563118,0.060675423592329025,0.06146801635622978,0.004328716546297073,0.006215909495949745,0.0012075735721737146,0.0012700494844466448,0.01012957002967596,0.01040817704051733
qdora-seed43-fp32,QDoRA-fp32 (seed 43),QDoRA-fp32,43,fraction_0.75_step_23967,23967,0.75,0,k_proj,True,0.0011225207708775997,0.007830561138689518,0.0060660052113235,0.035725973546504974,0.03617202490568161,0.005219758488237858,0.00633903406560421,0.004398062825202942,0.003815823933109641,0.009225090965628624,0.007209726609289646
qdora-seed43-fp32,QDoRA-fp32 (seed 43),QDoRA-fp32,43,fraction_0.75_step_23967,23967,0.75,1,k_proj,True,0.0009033303940668702,0.006587399169802666,0.005279985256493092,0.023258183151483536,0.023834096267819405,0.004894426558166742,0.0057916524820029736,0.003199758706614375,0.0025638954248279333,0.0073519544675946236,0.005803087260574102
qdora-seed43-fp32,QDoRA-fp32 (seed 43),QDoRA-fp32,43,fraction_0.75_step_23967,23967,0.75,2,k_proj,True,0.0005949963815510273,0.0076670958660542965,0.0057862489484250546,0.024130266159772873,0.024798130616545677,0.00474862614646554,0.00534240435808897,0.0034918931778520346,0.0028361529111862183,0.008726241067051888,0.006520419847220182
qdora-seed43-fp32,QDoRA-fp32 (seed 43),QDoRA-fp32,43,fraction_0.75_step_23967,23967,0.75,3,k_proj,True,0.0004960413789376616,0.00829982478171587,0.006295213475823402,0.023823464289307594,0.02463867887854576,0.004433991387486458,0.004927688743919134,0.002929451409727335,0.002254077699035406,0.00898245070129633,0.006732704117894173
qdora-seed43-fp32,QDoRA-fp32 (seed 43),QDoRA-fp32,43,fraction_0.75_step_23967,23967,0.75,4,k_proj,True,0.0005085159791633487,0.007730482146143913,0.005761251784861088,0.024161549285054207,0.024824434891343117,0.004474352113902569,0.0049800146371126175,0.002844663569703698,0.0022666226141154766,0.008213581517338753,0.006146832834929228
qdora-seed43-fp32,QDoRA-fp32 (seed 43),QDoRA-fp32,43,fraction_0.75_step_23967,23967,0.75,5,k_proj,True,0.000641540449578315,0.008464989252388477,0.006295339670032263,0.026418333873152733,0.02714371681213379,0.004442457575351,0.005079514347016811,0.0031254657078534365,0.002616027370095253,0.00894965510815382,0.00673326663672924
qdora-seed43-fp32,QDoRA-fp32 (seed 43),QDoRA-fp32,43,fraction_0.75_step_23967,23967,0.75,0,q_proj,True,0.0016749450005590916,0.008459127508103848,0.009382241405546665,0.04403747245669365,0.04492044076323509,0.005027363076806068,0.006697537377476692,0.0028130982536822557,0.003470277413725853,0.00895104743540287,0.009967123158276081
qdora-seed43-fp32,QDoRA-fp32 (seed 43),QDoRA-fp32,43,fraction_0.75_step_23967,23967,0.75,1,q_proj,True,0.0012243909295648336,0.0072109573520720005,0.008232940919697285,0.032391197979450226,0.03339044377207756,0.0047023482620716095,0.00592191843315959,0.0021381445694714785,0.0024324259720742702,0.007631043903529644,0.008620847016572952
qdora-seed43-fp32,QDoRA-fp32 (seed 43),QDoRA-fp32,43,fraction_0.75_step_23967,23967,0.75,2,q_proj,True,0.0010008576791733503,0.008113160729408264,0.009385274723172188,0.0338934026658535,0.03514019027352333,0.0045654987916350365,0.005562004633247852,0.0020979526452720165,0.0025359545834362507,0.00849226862192154,0.009766717441380024
qdora-seed43-fp32,QDoRA-fp32 (seed 43),QDoRA-fp32,43,fraction_0.75_step_23967,23967,0.75,3,q_proj,True,0.000959120923653245,0.008461503311991692,0.009750156663358212,0.035894718021154404,0.03717922791838646,0.00440638605505228,0.00535953463986516,0.001952337333932519,0.002271284582093358,0.008742772042751312,0.010040869005024433
qdora-seed43-fp32,QDoRA-fp32 (seed 43),QDoRA-fp32,43,fraction_0.75_step_23967,23967,0.75,4,q_proj,True,0.0010627449955791235,0.008417077362537384,0.009734932333230972,0.03621821105480194,0.03746843710541725,0.004392862319946289,0.005449637304991484,0.0018970712553709745,0.00231612054631114,0.008715055882930756,0.010043795220553875
qdora-seed43-fp32,QDoRA-fp32 (seed 43),QDoRA-fp32,43,fraction_0.75_step_23967,23967,0.75,5,q_proj,True,0.001225882675498724,0.008840106427669525,0.010255521163344383,0.03730950132012367,0.03866996243596077,0.004408698063343763,0.005629591643810272,0.0019197347573935986,0.002335795434191823,0.009153410792350769,0.010572019964456558
qdora-seed43-fp32,QDoRA-fp32 (seed 43),QDoRA-fp32,43,fraction_0.75_step_23967,23967,0.75,0,up_proj,True,0.002487513003870845,0.010068552568554878,0.018797582015395164,0.07054213434457779,0.07284897565841675,0.00430744793266058,0.006783377379179001,0.0011459075612947345,0.002140618162229657,0.01013218890875578,0.018911276012659073
qdora-seed43-fp32,QDoRA-fp32 (seed 43),QDoRA-fp32,43,fraction_0.75_step_23967,23967,0.75,1,up_proj,True,0.0027498335111886263,0.009931261651217937,0.018248863518238068,0.07414206117391586,0.07618537545204163,0.004325379617512226,0.00706395972520113,0.0011851981980726123,0.002246696036309004,0.009991037659347057,0.018366949632763863
qdora-seed43-fp32,QDoRA-fp32 (seed 43),QDoRA-fp32,43,fraction_0.75_step_23967,23967,0.75,2,up_proj,True,0.002663528546690941,0.00990021787583828,0.01828329637646675,0.07296744734048843,0.07505695521831512,0.004291764926165342,0.006943165324628353,0.001163523062132299,0.002158851595595479,0.009974692948162556,0.01841425895690918
qdora-seed43-fp32,QDoRA-fp32 (seed 43),QDoRA-fp32,43,fraction_0.75_step_23967,23967,0.75,3,up_proj,True,0.0028637635987251997,0.009826638735830784,0.01850445568561554,0.07569334656000137,0.0777534544467926,0.0042911251075565815,0.007141184527426958,0.00114957126788795,0.0021712121088057756,0.009889335371553898,0.018615959212183952
qdora-seed43-fp32,QDoRA-fp32 (seed 43),QDoRA-fp32,43,fraction_0.75_step_23967,23967,0.75,4,up_proj,True,0.002444623038172722,0.009910388849675655,0.019192945212125778,0.06984996050596237,0.07232879102230072,0.004333925433456898,0.006767456419765949,0.0011368996929377317,0.0022223382256925106,0.009962710551917553,0.0192734207957983
qdora-seed43-fp32,QDoRA-fp32 (seed 43),QDoRA-fp32,43,fraction_0.75_step_23967,23967,0.75,5,up_proj,True,0.002376469550654292,0.009959195740520954,0.019189869984984398,0.06879258900880814,0.07131621986627579,0.0042980327270925045,0.006662418134510517,0.0011323897633701563,0.0021980542223900557,0.010007618926465511,0.019268980249762535
qdora-seed43-fp32,QDoRA-fp32 (seed 43),QDoRA-fp32,43,fraction_0.75_step_23967,23967,0.75,0,v_proj,True,0.0032057426869869232,0.0090525783598423,0.027112476527690887,0.07749680429697037,0.08179400861263275,0.004988955333828926,0.008178708143532276,0.0008926832815632224,0.0027039579581469297,0.008976049721240997,0.026908529922366142
qdora-seed43-fp32,QDoRA-fp32 (seed 43),QDoRA-fp32,43,fraction_0.75_step_23967,23967,0.75,1,v_proj,True,0.002748256316408515,0.009002063423395157,0.022656908258795738,0.07091043144464493,0.07420648634433746,0.004333116579800844,0.007064546924084425,0.0008291953708976507,0.002113817259669304,0.009031709283590317,0.022761601954698563
qdora-seed43-fp32,QDoRA-fp32 (seed 43),QDoRA-fp32,43,fraction_0.75_step_23967,23967,0.75,2,v_proj,True,0.004755531437695026,0.008627254515886307,0.025913501158356667,0.0905512347817421,0.09365709125995636,0.004309820011258125,0.009033705107867718,0.0006995155708864331,0.002149685751646757,0.008679529651999474,0.026086200028657913
qdora-seed43-fp32,QDoRA-fp32 (seed 43),QDoRA-fp32,43,fraction_0.75_step_23967,23967,0.75,3,v_proj,True,0.0032375166192650795,0.009720579721033573,0.024652285501360893,0.07670119404792786,0.0802692100405693,0.004290672019124031,0.0075165037997066975,0.0008158115670084953,0.0021462617442011833,0.009772857651114464,0.024776294827461243
qdora-seed43-fp32,QDoRA-fp32 (seed 43),QDoRA-fp32,43,fraction_0.75_step_23967,23967,0.75,4,v_proj,True,0.0032289682421833277,0.009025621227920055,0.021616972982883453,0.07387176901102066,0.07668202370405197,0.004304157570004463,0.007521843537688255,0.000888059614226222,0.0021225730888545513,0.009066171012818813,0.02173103392124176
qdora-seed43-fp32,QDoRA-fp32 (seed 43),QDoRA-fp32,43,fraction_0.75_step_23967,23967,0.75,5,v_proj,True,0.0037572074215859175,0.00923776626586914,0.026483450084924698,0.0839606374502182,0.08768106251955032,0.004305975046008825,0.008053789846599102,0.0007535541080869734,0.002144720172509551,0.009307436645030975,0.026615219190716743
qdora-seed43-fp32,QDoRA-fp32 (seed 43),QDoRA-fp32,43,final_step_31956,31956,1.0,0,down_proj,True,0.0021500152070075274,0.01062080916017294,0.010514598339796066,0.06485815346240997,0.06561023741960526,0.004314750898629427,0.006455402355641127,0.0012482025194913149,0.0014129973715171218,0.010699627920985222,0.010577041655778885
qdora-seed43-fp32,QDoRA-fp32 (seed 43),QDoRA-fp32,43,final_step_31956,31956,1.0,1,down_proj,True,0.0013439779868349433,0.010412754490971565,0.010278450325131416,0.05169186368584633,0.05260368064045906,0.004331714008003473,0.005669678095728159,0.0012633560691028833,0.0012788188178092241,0.010414352640509605,0.010283585637807846
qdora-seed43-fp32,QDoRA-fp32 (seed 43),QDoRA-fp32,43,final_step_31956,31956,1.0,2,down_proj,True,0.0018693201709538698,0.01046318095177412,0.010319355875253677,0.060952961444854736,0.061737868934869766,0.004307334776967764,0.006167427636682987,0.0011845063418149948,0.0011889712186530232,0.010522113181650639,0.010375442914664745
qdora-seed43-fp32,QDoRA-fp32 (seed 43),QDoRA-fp32,43,final_step_31956,31956,1.0,3,down_proj,True,0.0020546275191009045,0.010437100194394588,0.010491227731108665,0.06355561316013336,0.06433416903018951,0.004318832419812679,0.006364608649164438,0.0011961252894252539,0.0012140438193455338,0.010458513163030148,0.010523989796638489
qdora-seed43-fp32,QDoRA-fp32 (seed 43),QDoRA-fp32,43,final_step_31956,31956,1.0,4,down_proj,True,0.0020477650687098503,0.010414204560220242,0.010844780132174492,0.06349283456802368,0.06432072073221207,0.004344412591308355,0.0063810208812355995,0.0011933307396247983,0.001259102369658649,0.010425591841340065,0.010862722992897034
qdora-seed43-fp32,QDoRA-fp32 (seed 43),QDoRA-fp32,43,final_step_31956,31956,1.0,5,down_proj,True,0.0018961740424856544,0.010443110018968582,0.010712631978094578,0.06065869331359863,0.061508797109127045,0.004328716546297073,0.006214972585439682,0.0012075735721737146,0.0012700494844466448,0.01045373547822237,0.010746759362518787
qdora-seed43-fp32,QDoRA-fp32 (seed 43),QDoRA-fp32,43,final_step_31956,31956,1.0,0,k_proj,True,0.0011251411633566022,0.008000519126653671,0.006211538333445787,0.035712093114852905,0.0361844040453434,0.005219758488237858,0.0063414727337658405,0.004398062825202942,0.003815823933109641,0.00943559780716896,0.007367230020463467
qdora-seed43-fp32,QDoRA-fp32 (seed 43),QDoRA-fp32,43,final_step_31956,31956,1.0,1,k_proj,True,0.0009033653186634183,0.006772175431251526,0.005434155464172363,0.023262720555067062,0.023873599246144295,0.004894426558166742,0.005791681353002787,0.003199758706614375,0.0025638954248279333,0.007537624798715115,0.005943503696471453
qdora-seed43-fp32,QDoRA-fp32 (seed 43),QDoRA-fp32,43,final_step_31956,31956,1.0,2,k_proj,True,0.0005946701858192682,0.007918481715023518,0.0059759472496807575,0.024132180958986282,0.024844996631145477,0.00474862614646554,0.005342169664800167,0.0034918931778520346,0.0028361529111862183,0.008979985490441322,0.0067038144916296005
qdora-seed43-fp32,QDoRA-fp32 (seed 43),QDoRA-fp32,43,final_step_31956,31956,1.0,3,k_proj,True,0.0004958534264005721,0.008517999202013016,0.006470690947026014,0.023829182609915733,0.024690289050340652,0.004433991387486458,0.00492746802046895,0.002929451409727335,0.002254077699035406,0.00916323997080326,0.006909561809152365
qdora-seed43-fp32,QDoRA-fp32 (seed 43),QDoRA-fp32,43,final_step_31956,31956,1.0,4,k_proj,True,0.0005090218619443476,0.007875562645494938,0.005900298710912466,0.02417907677590847,0.024875765666365623,0.004474352113902569,0.0049805105663836,0.002844663569703698,0.0022666226141154766,0.008398327976465225,0.0062924702651798725
qdora-seed43-fp32,QDoRA-fp32 (seed 43),QDoRA-fp32,43,final_step_31956,31956,1.0,5,k_proj,True,0.0006424458115361631,0.008714180439710617,0.006484574172645807,0.026432693004608154,0.027204178273677826,0.004442457575351,0.0050803292542696,0.0031254657078534365,0.002616027370095253,0.009179542772471905,0.006922993343323469
qdora-seed43-fp32,QDoRA-fp32 (seed 43),QDoRA-fp32,43,final_step_31956,31956,1.0,0,q_proj,True,0.0016730095958337188,0.008644716814160347,0.009596333838999271,0.04403464496135712,0.044965710490942,0.005027363076806068,0.006695684976875782,0.0028130982536822557,0.003470277413725853,0.009148395620286465,0.010182232595980167
qdora-seed43-fp32,QDoRA-fp32 (seed 43),QDoRA-fp32,43,final_step_31956,31956,1.0,1,q_proj,True,0.0012284073745831847,0.007426230702549219,0.008482692763209343,0.03241203725337982,0.0334739163517952,0.0047023482620716095,0.005926119163632393,0.0021381445694714785,0.0024324259720742702,0.007836021482944489,0.008859757333993912
qdora-seed43-fp32,QDoRA-fp32 (seed 43),QDoRA-fp32,43,final_step_31956,31956,1.0,2,q_proj,True,0.0010020894696936011,0.008432538248598576,0.009731634519994259,0.03391125425696373,0.03525179624557495,0.0045654987916350365,0.005563295446336269,0.0020979526452720165,0.0025359545834362507,0.00879586674273014,0.010108903981745243
qdora-seed43-fp32,QDoRA-fp32 (seed 43),QDoRA-fp32,43,final_step_31956,31956,1.0,3,q_proj,True,0.0009592934511601925,0.008760664612054825,0.010095969773828983,0.03590237721800804,0.037279944866895676,0.00440638605505228,0.005359729286283255,0.001952337333932519,0.002271284582093358,0.009025843814015388,0.01037201751023531
qdora-seed43-fp32,QDoRA-fp32 (seed 43),QDoRA-fp32,43,final_step_31956,31956,1.0,4,q_proj,True,0.0010634143836796284,0.008651756681501865,0.010014296509325504,0.036224354058504105,0.03755011036992073,0.004392862319946289,0.005450320430099964,0.0018970712553709745,0.00231612054631114,0.008951760828495026,0.010323375463485718
qdora-seed43-fp32,QDoRA-fp32 (seed 43),QDoRA-fp32,43,final_step_31956,31956,1.0,5,q_proj,True,0.0012272335588932037,0.009087484329938889,0.010550998151302338,0.0373309850692749,0.038772840052843094,0.004408698063343763,0.005630961153656244,0.0019197347573935986,0.002335795434191823,0.009401150979101658,0.010861212387681007
qdora-seed43-fp32,QDoRA-fp32 (seed 43),QDoRA-fp32,43,final_step_31956,31956,1.0,0,up_proj,True,0.002490133745595813,0.010435079224407673,0.019491903483867645,0.07058010995388031,0.07306608557701111,0.00430744793266058,0.006786074955016375,0.0011459075612947345,0.002140618162229657,0.01049772184342146,0.019604938104748726
qdora-seed43-fp32,QDoRA-fp32 (seed 43),QDoRA-fp32,43,final_step_31956,31956,1.0,1,up_proj,True,0.0027520956937223673,0.010288579389452934,0.018918633460998535,0.07417187094688416,0.07637953758239746,0.004325379617512226,0.007066310849040747,0.0011851981980726123,0.002246696036309004,0.010337327606976032,0.019029632210731506
qdora-seed43-fp32,QDoRA-fp32 (seed 43),QDoRA-fp32,43,final_step_31956,31956,1.0,2,up_proj,True,0.0026625723112374544,0.010239554569125175,0.01893767900764942,0.07295606285333633,0.07520534098148346,0.004291764926165342,0.006942190229892731,0.001163523062132299,0.002158851595595479,0.010309231467545033,0.019064199179410934
qdora-seed43-fp32,QDoRA-fp32 (seed 43),QDoRA-fp32,43,final_step_31956,31956,1.0,3,up_proj,True,0.002864270703867078,0.010140164755284786,0.01910783164203167,0.07570046931505203,0.07790961116552353,0.0042911251075565815,0.007141685578972101,0.00114957126788795,0.0021712121088057756,0.010198444128036499,0.019216420128941536
qdora-seed43-fp32,QDoRA-fp32 (seed 43),QDoRA-fp32,43,final_step_31956,31956,1.0,4,up_proj,True,0.0024458314292132854,0.010241192765533924,0.01985187828540802,0.06986703723669052,0.0725259780883789,0.004333925433456898,0.006768692284822464,0.0011368996929377317,0.0022223382256925106,0.010290064848959446,0.019926724955439568
qdora-seed43-fp32,QDoRA-fp32 (seed 43),QDoRA-fp32,43,final_step_31956,31956,1.0,5,up_proj,True,0.0023770646657794714,0.010285909287631512,0.01981913484632969,0.06880108267068863,0.07149957865476608,0.0042980327270925045,0.006663020234555006,0.0011323897633701563,0.0021980542223900557,0.010334702208638191,0.01989678293466568
qdora-seed43-fp32,QDoRA-fp32 (seed 43),QDoRA-fp32,43,final_step_31956,31956,1.0,0,v_proj,True,0.0032053878530859947,0.009273895993828773,0.027781330049037933,0.077490895986557,0.0820210799574852,0.004988955333828926,0.008178469724953175,0.0008926832815632224,0.0027039579581469297,0.009197465144097805,0.02760171703994274
qdora-seed43-fp32,QDoRA-fp32 (seed 43),QDoRA-fp32,43,final_step_31956,31956,1.0,1,v_proj,True,0.0027481750585138798,0.009263711981475353,0.02340601198375225,0.07089763134717941,0.07442991435527802,0.004333116579800844,0.007064387667924166,0.0008291953708976507,0.002113817259669304,0.009278766810894012,0.02349923364818096
qdora-seed43-fp32,QDoRA-fp32 (seed 43),QDoRA-fp32,43,final_step_31956,31956,1.0,2,v_proj,True,0.004757010377943516,0.008848421275615692,0.026612289249897003,0.09058324992656708,0.09388276934623718,0.004309820011258125,0.009034663438796997,0.0006995155708864331,0.002149685751646757,0.008903786540031433,0.026792332530021667
qdora-seed43-fp32,QDoRA-fp32 (seed 43),QDoRA-fp32,43,final_step_31956,31956,1.0,3,v_proj,True,0.0032389319967478514,0.009963614866137505,0.025231052190065384,0.07671484351158142,0.0804608017206192,0.004290672019124031,0.007517984136939049,0.0008158115670084953,0.0021462617442011833,0.01000390388071537,0.025345465168356895
qdora-seed43-fp32,QDoRA-fp32 (seed 43),QDoRA-fp32,43,final_step_31956,31956,1.0,4,v_proj,True,0.003230251604691148,0.009300393052399158,0.022312741726636887,0.07388860732316971,0.07689949125051498,0.004304157570004463,0.0075228530913591385,0.000888059614226222,0.0021225730888545513,0.009329728782176971,0.022417211905121803
qdora-seed43-fp32,QDoRA-fp32 (seed 43),QDoRA-fp32,43,final_step_31956,31956,1.0,5,v_proj,True,0.0037587701808661222,0.009486635215580463,0.02722543478012085,0.08398417383432388,0.08794138580560684,0.004305975046008825,0.008055048994719982,0.0007535541080869734,0.002144720172509551,0.009557381272315979,0.027349714189767838
qlora-seed42,QLoRA (seed 42),QLoRA,42,fraction_0.25_step_7989,7989,0.25,0,down_proj,True,0.0016784868203103542,0.002079918049275875,0.0019423416815698147,0.0572245754301548,0.0572245754301548,0.004314750898629427,0.005986679811030626,0.0012482025194913149,0.0014129973715171218,0.002255447208881378,0.0023265532217919827
qlora-seed42,QLoRA (seed 42),QLoRA,42,fraction_0.25_step_7989,7989,0.25,1,down_proj,True,0.0010743828024715185,0.0013736841501668096,0.001597260357812047,0.046121831983327866,0.046121831983327866,0.004331714008003473,0.005401594564318657,0.0012633560691028833,0.0012788188178092241,0.0018873903900384903,0.002004525624215603
qlora-seed42,QLoRA (seed 42),QLoRA,42,fraction_0.25_step_7989,7989,0.25,2,down_proj,True,0.001571333035826683,0.0020134267397224903,0.00179567642044276,0.05589165538549423,0.05589165538549423,0.004307334776967764,0.005871233530342579,0.0011845063418149948,0.0011889712186530232,0.002091263420879841,0.002038509352132678
qlora-seed42,QLoRA (seed 42),QLoRA,42,fraction_0.25_step_7989,7989,0.25,3,down_proj,True,0.0015877505065873265,0.001955068204551935,0.0018176607554778457,0.055883072316646576,0.055883072316646576,0.004318832419812679,0.005897948518395424,0.0011961252894252539,0.0012140438193455338,0.0020652376115322113,0.0020840028300881386
qlora-seed42,QLoRA (seed 42),QLoRA,42,fraction_0.25_step_7989,7989,0.25,4,down_proj,True,0.0016544663812965155,0.0019842730835080147,0.0019045734079554677,0.05703204870223999,0.05703204870223999,0.004344412591308355,0.005989615805447102,0.0011933307396247983,0.001259102369658649,0.0021586751099675894,0.0022425728384405375
qlora-seed42,QLoRA (seed 42),QLoRA,42,fraction_0.25_step_7989,7989,0.25,5,down_proj,True,0.0015108695952221751,0.0017979671247303486,0.001806312589906156,0.0542534664273262,0.0542534664273262,0.004328716546297073,0.005830918904393911,0.0012075735721737146,0.0012700494844466448,0.0020428963471204042,0.0021720509976148605
qlora-seed42,QLoRA (seed 42),QLoRA,42,fraction_0.25_step_7989,7989,0.25,0,k_proj,True,0.0008493982022628188,0.0015116772847250104,0.0012342855334281921,0.031316906213760376,0.031316906213760376,0.005219758488237858,0.00606258912011981,0.004398062825202942,0.003815823933109641,0.005082519259303808,0.00419918866828084
qlora-seed42,QLoRA (seed 42),QLoRA,42,fraction_0.25_step_7989,7989,0.25,1,k_proj,True,0.0005536100943572819,0.0006850765785202384,0.000524461327586323,0.0207197442650795,0.0207197442650795,0.004894426558166742,0.005445556249469519,0.003199758706614375,0.0025638954248279333,0.003378287423402071,0.002682274440303445
qlora-seed42,QLoRA (seed 42),QLoRA,42,fraction_0.25_step_7989,7989,0.25,2,k_proj,True,0.0005287222447805107,0.0007490443531423807,0.0005672384286299348,0.022655682638287544,0.022655684500932693,0.00474862614646554,0.005274519324302673,0.0034918931778520346,0.0028361529111862183,0.00366449193097651,0.0029370698612183332
qlora-seed42,QLoRA (seed 42),QLoRA,42,fraction_0.25_step_7989,7989,0.25,3,k_proj,True,0.0003593284636735916,0.0006184189114719629,0.00046917182044126093,0.02122500166296959,0.02122500352561474,0.004433991387486458,0.004793067928403616,0.002929451409727335,0.002254077699035406,0.003030485240742564,0.0022895578294992447
qlora-seed42,QLoRA (seed 42),QLoRA,42,fraction_0.25_step_7989,7989,0.25,4,k_proj,True,0.0003774578799493611,0.0006464439211413264,0.0004962875391356647,0.021923251450061798,0.021923251450061798,0.004474352113902569,0.004848400130867958,0.002844663569703698,0.0022666226141154766,0.0029337876476347446,0.0023137256503105164
qlora-seed42,QLoRA (seed 42),QLoRA,42,fraction_0.25_step_7989,7989,0.25,5,k_proj,True,0.0004706427571363747,0.0007437374442815781,0.0005917325615882874,0.023486007004976273,0.023486005142331123,0.004442457575351,0.004909939132630825,0.0031254657078534365,0.002616027370095253,0.00325290160253644,0.0026917580980807543
qlora-seed42,QLoRA (seed 42),QLoRA,42,fraction_0.25_step_7989,7989,0.25,0,q_proj,True,0.001440883381292224,0.001827617408707738,0.0022827256470918655,0.039334069937467575,0.039334073662757874,0.005027363076806068,0.0064607299864292145,0.0028130982536822557,0.003470277413725853,0.003772348165512085,0.004394428804516792
qlora-seed42,QLoRA (seed 42),QLoRA,42,fraction_0.25_step_7989,7989,0.25,1,q_proj,True,0.0009599023615010083,0.0007780203595757484,0.0008794472087174654,0.029123852029442787,0.029123852029442787,0.0047023482620716095,0.005658275913447142,0.0021381445694714785,0.0024324259720742702,0.0024273614399135113,0.002659114310517907
qlora-seed42,QLoRA (seed 42),QLoRA,42,fraction_0.25_step_7989,7989,0.25,2,q_proj,True,0.0007941382937133312,0.0007150412420742214,0.0008239056332968175,0.030226299539208412,0.03022630326449871,0.0045654987916350365,0.005352867767214775,0.0020979526452720165,0.0025359545834362507,0.0022868469823151827,0.0027100741863250732
qlora-seed42,QLoRA (seed 42),QLoRA,42,fraction_0.25_step_7989,7989,0.25,3,q_proj,True,0.0007374723209068179,0.0007602559635415673,0.000854834564961493,0.03176882117986679,0.03176882117986679,0.00440638605505228,0.005139844957739115,0.001952337333932519,0.002271284582093358,0.0021414775401353836,0.002439613454043865
qlora-seed42,QLoRA (seed 42),QLoRA,42,fraction_0.25_step_7989,7989,0.25,4,q_proj,True,0.0008603163878433406,0.0008119067642837763,0.0009488027426414192,0.03322633355855942,0.033226337283849716,0.004392862319946289,0.005248899571597576,0.0018970712553709745,0.00231612054631114,0.0021168747916817665,0.002504525240510702
qlora-seed42,QLoRA (seed 42),QLoRA,42,fraction_0.25_step_7989,7989,0.25,5,q_proj,True,0.0009371243650093675,0.0008217856520786881,0.000944529427215457,0.03310464695096016,0.03310464695096016,0.004408698063343763,0.005340164992958307,0.0019197347573935986,0.002335795434191823,0.002142698038369417,0.0025303885340690613
qlora-seed42,QLoRA (seed 42),QLoRA,42,fraction_0.25_step_7989,7989,0.25,0,up_proj,True,0.002012668177485466,0.0013690663035959005,0.002391273621469736,0.06336255371570587,0.06336255371570587,0.00430744793266058,0.006311516743153334,0.0011459075612947345,0.002140618162229657,0.0016799707664176822,0.0031277774833142757
qlora-seed42,QLoRA (seed 42),QLoRA,42,fraction_0.25_step_7989,7989,0.25,1,up_proj,True,0.0021129355300217867,0.0014726045774295926,0.0026167372707277536,0.06495876610279083,0.06495876610279083,0.004325379617512226,0.006430036388337612,0.0011851981980726123,0.002246696036309004,0.0018036880064755678,0.0033878576941788197
qlora-seed42,QLoRA (seed 42),QLoRA,42,fraction_0.25_step_7989,7989,0.25,2,up_proj,True,0.0022822641767561436,0.0015670082066208124,0.0028669058810919523,0.06753946095705032,0.06753946095705032,0.004291764926165342,0.006564631126821041,0.001163523062132299,0.002158851595595479,0.0018376015359535813,0.0034519359469413757
qlora-seed42,QLoRA (seed 42),QLoRA,42,fraction_0.25_step_7989,7989,0.25,3,up_proj,True,0.0023213555105030537,0.0015616306336596608,0.0028513558208942413,0.06812632828950882,0.06812632083892822,0.0042911251075565815,0.006602034904062748,0.00114957126788795,0.0021712121088057756,0.0018282370874658227,0.0034669034648686647
qlora-seed42,QLoRA (seed 42),QLoRA,42,fraction_0.25_step_7989,7989,0.25,4,up_proj,True,0.0019711649511009455,0.0012884294847026467,0.002326973946765065,0.06265278905630112,0.06265278905630112,0.004333925433456898,0.006295385770499706,0.0011368996929377317,0.0022223382256925106,0.0016293871449306607,0.0031538226176053286
qlora-seed42,QLoRA (seed 42),QLoRA,42,fraction_0.25_step_7989,7989,0.25,5,up_proj,True,0.0019708271138370037,0.0013014861615374684,0.002422735095024109,0.06258677691221237,0.06258677691221237,0.0042980327270925045,0.006259169429540634,0.0011323897633701563,0.0021980542223900557,0.0016566234407946467,0.0031999938655644655
qlora-seed42,QLoRA (seed 42),QLoRA,42,fraction_0.25_step_7989,7989,0.25,0,v_proj,True,0.002873209770768881,0.0011397864436730742,0.0033412922639399767,0.07377266138792038,0.07377266138792038,0.004988955333828926,0.007851426489651203,0.0008926832815632224,0.0027039579581469297,0.0017441967502236366,0.004986975342035294
qlora-seed42,QLoRA (seed 42),QLoRA,42,fraction_0.25_step_7989,7989,0.25,1,v_proj,True,0.0023517641238868237,0.0010753925889730453,0.0026752729900181293,0.06561173498630524,0.06561173498630524,0.004333116579800844,0.006676045712083578,0.0008291953708976507,0.002113817259669304,0.0013494263403117657,0.0033840881660580635
qlora-seed42,QLoRA (seed 42),QLoRA,42,fraction_0.25_step_7989,7989,0.25,2,v_proj,True,0.003685956820845604,0.0013499571941792965,0.0038209178019315004,0.08022227883338928,0.08022227883338928,0.004309820011258125,0.007978568784892559,0.0006995155708864331,0.002149685751646757,0.0014855186454951763,0.0043993848375976086
qlora-seed42,QLoRA (seed 42),QLoRA,42,fraction_0.25_step_7989,7989,0.25,3,v_proj,True,0.0026562241837382317,0.0012210658751428127,0.0029848043341189623,0.06939448416233063,0.06939448416233063,0.004290672019124031,0.006939957849681377,0.0008158115670084953,0.0021462617442011833,0.0013729045167565346,0.003469650400802493
qlora-seed42,QLoRA (seed 42),QLoRA,42,fraction_0.25_step_7989,7989,0.25,4,v_proj,True,0.0022344966419041157,0.0010481828358024359,0.002454071771353483,0.06141182407736778,0.06141182407736778,0.004304157570004463,0.00652325339615345,0.000888059614226222,0.0021225730888545513,0.001344492775388062,0.0031738881953060627
qlora-seed42,QLoRA (seed 42),QLoRA,42,fraction_0.25_step_7989,7989,0.25,5,v_proj,True,0.0032147287856787443,0.001336155692115426,0.0035286969505250454,0.07813011854887009,0.07813011854887009,0.004305975046008825,0.007501598913222551,0.0007535541080869734,0.002144720172509551,0.001429807860404253,0.003986156079918146
qlora-seed42,QLoRA (seed 42),QLoRA,42,fraction_0.5_step_15978,15978,0.5,0,down_proj,True,0.0020241725724190474,0.00251164217479527,0.0022798236459493637,0.06289558112621307,0.06289558112621307,0.004314750898629427,0.0063313948921859264,0.0012482025194913149,0.0014129973715171218,0.0025997457560151815,0.0025998519267886877
qlora-seed42,QLoRA (seed 42),QLoRA,42,fraction_0.5_step_15978,15978,0.5,1,down_proj,True,0.0013189914170652628,0.0016846504295244813,0.0018693982856348157,0.051184043288230896,0.051184047013521194,0.004331714008003473,0.005644892808049917,0.0012633560691028833,0.0012788188178092241,0.0021097345743328333,0.002221714472398162
qlora-seed42,QLoRA (seed 42),QLoRA,42,fraction_0.5_step_15978,15978,0.5,2,down_proj,True,0.0019182423129677773,0.0024478905834257603,0.0021340197417885065,0.0617624893784523,0.061762485653162,0.004307334776967764,0.006216827314347029,0.0011845063418149948,0.0011889712186530232,0.002429269254207611,0.0023193538654595613
qlora-seed42,QLoRA (seed 42),QLoRA,42,fraction_0.5_step_15978,15978,0.5,3,down_proj,True,0.001981115899980068,0.0024390695616602898,0.00219998718239367,0.06239025667309761,0.06239025667309761,0.004318832419812679,0.006288963835686445,0.0011961252894252539,0.0012140438193455338,0.002436975948512554,0.002407499821856618
qlora-seed42,QLoRA (seed 42),QLoRA,42,fraction_0.5_step_15978,15978,0.5,4,down_proj,True,0.0020613011438399553,0.0024733126629143953,0.002285450929775834,0.06365540623664856,0.06365540623664856,0.004344412591308355,0.006394866853952408,0.0011933307396247983,0.001259102369658649,0.0025489896070212126,0.0025770734064280987
qlora-seed42,QLoRA (seed 42),QLoRA,42,fraction_0.5_step_15978,15978,0.5,5,down_proj,True,0.001917987479828298,0.0022896684240549803,0.002184815239161253,0.06108711287379265,0.06108711287379265,0.004328716546297073,0.006235786247998476,0.0012075735721737146,0.0012700494844466448,0.002404523314908147,0.002486033830791712
qlora-seed42,QLoRA (seed 42),QLoRA,42,fraction_0.5_step_15978,15978,0.5,0,k_proj,True,0.0009612818248569965,0.0016731262439861894,0.0013466310920193791,0.03296082094311714,0.03296082094311714,0.005219758488237858,0.006175126414746046,0.004398062825202942,0.003815823933109641,0.005214759148657322,0.004273153841495514
qlora-seed42,QLoRA (seed 42),QLoRA,42,fraction_0.5_step_15978,15978,0.5,1,k_proj,True,0.0008194089168682694,0.0008236146531999111,0.0006326351431198418,0.023133577778935432,0.02313357964158058,0.004894426558166742,0.005708356853574514,0.003199758706614375,0.0025638954248279333,0.003484321292489767,0.002738898154348135
qlora-seed42,QLoRA (seed 42),QLoRA,42,fraction_0.5_step_15978,15978,0.5,2,k_proj,True,0.0006316337385214865,0.0008561576250940561,0.0006392900831997395,0.024687286466360092,0.024687286466360092,0.00474862614646554,0.005376969929784536,0.0034918931778520346,0.0028361529111862183,0.0037098019383847713,0.002962435595691204
qlora-seed42,QLoRA (seed 42),QLoRA,42,fraction_0.5_step_15978,15978,0.5,3,k_proj,True,0.0004973589675500989,0.0007608679588884115,0.0005837876815348864,0.0239338930696249,0.02393389493227005,0.004433991387486458,0.004929486196488142,0.002929451409727335,0.002254077699035406,0.003064770018681884,0.0023218360729515553
qlora-seed42,QLoRA (seed 42),QLoRA,42,fraction_0.5_step_15978,15978,0.5,4,k_proj,True,0.000523206137586385,0.0008052592165768147,0.0006122305057942867,0.025010807439684868,0.025010811164975166,0.004474352113902569,0.00499211810529232,0.002844663569703698,0.0022666226141154766,0.002988541731610894,0.0023382368963211775
qlora-seed42,QLoRA (seed 42),QLoRA,42,fraction_0.5_step_15978,15978,0.5,5,k_proj,True,0.0006113231647759676,0.0008872973266988993,0.0007019107579253614,0.02618837170302868,0.026188373565673828,0.004442457575351,0.005048980470746756,0.0031254657078534365,0.002616027370095253,0.003309084102511406,0.002716931514441967
qlora-seed42,QLoRA (seed 42),QLoRA,42,fraction_0.5_step_15978,15978,0.5,0,q_proj,True,0.0016422092448920012,0.0018948721699416637,0.0023218973074108362,0.042291026562452316,0.042291030287742615,0.005027363076806068,0.006661365740001202,0.0028130982536822557,0.003470277413725853,0.0038724769838154316,0.004472316242754459
qlora-seed42,QLoRA (seed 42),QLoRA,42,fraction_0.5_step_15978,15978,0.5,1,q_proj,True,0.0012187917018309236,0.0009166812524199486,0.0010070523712784052,0.0320771150290966,0.0320771150290966,0.0047023482620716095,0.005916273221373558,0.0021381445694714785,0.0024324259720742702,0.0025061373598873615,0.002721208380535245
qlora-seed42,QLoRA (seed 42),QLoRA,42,fraction_0.5_step_15978,15978,0.5,2,q_proj,True,0.0009429716737940907,0.0008242381154559553,0.0009346104925498366,0.032805342227220535,0.032805342227220535,0.0045654987916350365,0.0055005536414682865,0.0020979526452720165,0.0025359545834362507,0.0023412704467773438,0.0027545616030693054
qlora-seed42,QLoRA (seed 42),QLoRA,42,fraction_0.5_step_15978,15978,0.5,3,q_proj,True,0.0009207715629599988,0.0008915324578993022,0.000985486083664,0.035011518746614456,0.035011522471904755,0.00440638605505228,0.0053213550709187984,0.001952337333932519,0.002271284582093358,0.0021929561626166105,0.002487865975126624
qlora-seed42,QLoRA (seed 42),QLoRA,42,fraction_0.5_step_15978,15978,0.5,4,q_proj,True,0.0010993715841323137,0.0009827397298067808,0.0011235864367336035,0.037074241787195206,0.037074241787195206,0.004392862319946289,0.005487046670168638,0.0018970712553709745,0.00231612054631114,0.002203103620558977,0.002580108121037483
qlora-seed42,QLoRA (seed 42),QLoRA,42,fraction_0.5_step_15978,15978,0.5,5,q_proj,True,0.0011515632504597306,0.0009757819934748113,0.0011037179501727223,0.036565542221069336,0.036565545946359634,0.004408698063343763,0.005553819239139557,0.0019197347573935986,0.002335795434191823,0.0022280386183410883,0.0026074321940541267
qlora-seed42,QLoRA (seed 42),QLoRA,42,fraction_0.5_step_15978,15978,0.5,0,up_proj,True,0.0024460204876959324,0.0016534955939278007,0.0028338187839835882,0.069932721555233,0.069932721555233,0.00430744793266058,0.0067423428408801556,0.0011459075612947345,0.002140618162229657,0.0018825203878805041,0.0034668210428208113
qlora-seed42,QLoRA (seed 42),QLoRA,42,fraction_0.5_step_15978,15978,0.5,1,up_proj,True,0.002560744760558009,0.001776916324160993,0.0030713528394699097,0.07155430316925049,0.07155429571866989,0.004325379617512226,0.00687552522867918,0.0011851981980726123,0.002246696036309004,0.002012466313317418,0.003732153680175543
qlora-seed42,QLoRA (seed 42),QLoRA,42,fraction_0.5_step_15978,15978,0.5,2,up_proj,True,0.0027316103223711252,0.0018608368700370193,0.0032967475708574057,0.07389834523200989,0.07389834523200989,0.004291764926165342,0.0070116897113621235,0.001163523062132299,0.002158851595595479,0.00204444513656199,0.0037914495915174484
qlora-seed42,QLoRA (seed 42),QLoRA,42,fraction_0.5_step_15978,15978,0.5,3,up_proj,True,0.002789525082334876,0.0018768367590382695,0.00331237749196589,0.07469943910837173,0.07469943910837173,0.0042911251075565815,0.007068162318319082,0.00114957126788795,0.0021712121088057756,0.0020531758200377226,0.0038354431744664907
qlora-seed42,QLoRA (seed 42),QLoRA,42,fraction_0.5_step_15978,15978,0.5,4,up_proj,True,0.0024196957238018513,0.0015741094248369336,0.0027678082697093487,0.06948371231555939,0.06948371231555939,0.004333925433456898,0.006742237601429224,0.0011368996929377317,0.0022223382256925106,0.0018217564793303609,0.003477975493296981
qlora-seed42,QLoRA (seed 42),QLoRA,42,fraction_0.5_step_15978,15978,0.5,5,up_proj,True,0.002429593587294221,0.0015937511343508959,0.0028628038708120584,0.06957954168319702,0.06957953423261642,0.0042980327270925045,0.0067161512561142445,0.0011323897633701563,0.0021980542223900557,0.0018467135960236192,0.003529352368786931
qlora-seed42,QLoRA (seed 42),QLoRA,42,fraction_0.5_step_15978,15978,0.5,0,v_proj,True,0.0032927377615123987,0.001307908445596695,0.0037484318017959595,0.07885130494832993,0.07885130494832993,0.004988955333828926,0.008269566111266613,0.0008926832815632224,0.0027039579581469297,0.0019074155716225505,0.005371829029172659
qlora-seed42,QLoRA (seed 42),QLoRA,42,fraction_0.5_step_15978,15978,0.5,1,v_proj,True,0.0027963202446699142,0.0012855587992817163,0.00310717080719769,0.07144378125667572,0.07144378125667572,0.004333116579800844,0.0071185133419930935,0.0008291953708976507,0.002113817259669304,0.0015056696720421314,0.0037289555184543133
qlora-seed42,QLoRA (seed 42),QLoRA,42,fraction_0.5_step_15978,15978,0.5,2,v_proj,True,0.0044015939347445965,0.0016229187604039907,0.0045076520182192326,0.08800703287124634,0.08800703287124634,0.004309820011258125,0.008688647300004959,0.0006995155708864331,0.002149685751646757,0.0017254665726795793,0.0050015803426504135
qlora-seed42,QLoRA (seed 42),QLoRA,42,fraction_0.5_step_15978,15978,0.5,3,v_proj,True,0.0032196934334933758,0.0014963974244892597,0.0035807094536721706,0.07634767889976501,0.07634768635034561,0.004290672019124031,0.007501943968236446,0.0008158115670084953,0.0021462617442011833,0.0015849595656618476,0.003939992282539606
qlora-seed42,QLoRA (seed 42),QLoRA,42,fraction_0.5_step_15978,15978,0.5,4,v_proj,True,0.0028646565042436123,0.0013292584335431457,0.003024822100996971,0.06923159956932068,0.06923160701990128,0.004304157570004463,0.007150440476834774,0.000888059614226222,0.0021225730888545513,0.0015560064930468798,0.003619153518229723
qlora-seed42,QLoRA (seed 42),QLoRA,42,fraction_0.5_step_15978,15978,0.5,5,v_proj,True,0.003950431011617184,0.0016616907669231296,0.00426148809492588,0.0865783616900444,0.0865783542394638,0.004305975046008825,0.008233040571212769,0.0007535541080869734,0.002144720172509551,0.0016890289261937141,0.004612394608557224
qlora-seed42,QLoRA (seed 42),QLoRA,42,fraction_0.75_step_23967,23967,0.75,0,down_proj,True,0.002050679177045822,0.0025467476807534695,0.002301933476701379,0.06330795586109161,0.06330795586109161,0.004314750898629427,0.006357788108289242,0.0012482025194913149,0.0014129973715171218,0.0026220001745969057,0.0026161607820540667
qlora-seed42,QLoRA (seed 42),QLoRA,42,fraction_0.75_step_23967,23967,0.75,1,down_proj,True,0.0013343782629817724,0.0017052682815119624,0.0018840619595721364,0.051481153815984726,0.051481157541275024,0.004331714008003473,0.005660215858370066,0.0012633560691028833,0.0012788188178092241,0.0021176792215555906,0.002231922931969166
qlora-seed42,QLoRA (seed 42),QLoRA,42,fraction_0.75_step_23967,23967,0.75,2,down_proj,True,0.0019439071184024215,0.002476062159985304,0.002154403133317828,0.0621730238199234,0.0621730238199234,0.004307334776967764,0.006242172326892614,0.0011845063418149948,0.0011889712186530232,0.002452018903568387,0.002336953766644001
qlora-seed42,QLoRA (seed 42),QLoRA,42,fraction_0.75_step_23967,23967,0.75,3,down_proj,True,0.002007918432354927,0.002475659130141139,0.0022222036495804787,0.06281601637601852,0.06281601637601852,0.004318832419812679,0.006315735634416342,0.0011961252894252539,0.0012140438193455338,0.002462908625602722,0.0024251330178231
qlora-seed42,QLoRA (seed 42),QLoRA,42,fraction_0.75_step_23967,23967,0.75,4,down_proj,True,0.0020836235489696264,0.002503260038793087,0.0023056359495967627,0.06399330496788025,0.06399329751729965,0.004344412591308355,0.006417091004550457,0.0011933307396247983,0.001259102369658649,0.002575448015704751,0.0025959492195397615
qlora-seed42,QLoRA (seed 42),QLoRA,42,fraction_0.75_step_23967,23967,0.75,5,down_proj,True,0.0019521353533491492,0.002330431481823325,0.0022121756337583065,0.061617277562618256,0.061617277562618256,0.004328716546297073,0.006269744597375393,0.0012075735721737146,0.0012700494844466448,0.002436812035739422,0.0025146296247839928
qlora-seed42,QLoRA (seed 42),QLoRA,42,fraction_0.75_step_23967,23967,0.75,0,k_proj,True,0.0009782288689166307,0.0016777083510532975,0.0013446287484839559,0.03318542614579201,0.033185429871082306,0.005219758488237858,0.006192667409777641,0.004398062825202942,0.003815823933109641,0.005217839032411575,0.004266776610165834
qlora-seed42,QLoRA (seed 42),QLoRA,42,fraction_0.75_step_23967,23967,0.75,1,k_proj,True,0.0008947839378379285,0.0008734881412237883,0.0006662780651822686,0.023569194599986076,0.023569196462631226,0.004894426558166742,0.005782270338386297,0.003199758706614375,0.0025638954248279333,0.0035167159512639046,0.0027517792768776417
qlora-seed42,QLoRA (seed 42),QLoRA,42,fraction_0.75_step_23967,23967,0.75,2,k_proj,True,0.0006412504590116441,0.0008595017716288567,0.0006418436532840133,0.02488432265818119,0.02488432265818119,0.00474862614646554,0.005386301316320896,0.0034918931778520346,0.0028361529111862183,0.0037070903927087784,0.0029624432791024446
qlora-seed42,QLoRA (seed 42),QLoRA,42,fraction_0.75_step_23967,23967,0.75,3,k_proj,True,0.000515265972353518,0.0007756217964924872,0.0005964795127511024,0.024250492453575134,0.024250492453575134,0.004433991387486458,0.004946801345795393,0.002929451409727335,0.002254077699035406,0.003082113340497017,0.002325946930795908
qlora-seed42,QLoRA (seed 42),QLoRA,42,fraction_0.75_step_23967,23967,0.75,4,k_proj,True,0.0005529394838958979,0.0008293697610497475,0.0006312899640761316,0.025451436638832092,0.025451436638832092,0.004474352113902569,0.005020927172154188,0.002844663569703698,0.0022666226141154766,0.0030011748895049095,0.0023461715318262577
qlora-seed42,QLoRA (seed 42),QLoRA,42,fraction_0.75_step_23967,23967,0.75,5,k_proj,True,0.0006291977479122579,0.00091038818936795,0.0007190191536210477,0.026472577825188637,0.026472579687833786,0.004442457575351,0.005067120771855116,0.0031254657078534365,0.002616027370095253,0.003326543141156435,0.002722700359299779
qlora-seed42,QLoRA (seed 42),QLoRA,42,fraction_0.75_step_23967,23967,0.75,0,q_proj,True,0.0016892169369384646,0.0019221516558900476,0.0023654692340642214,0.04278317093849182,0.04278317093849182,0.005027363076806068,0.006708937231451273,0.0028130982536822557,0.003470277413725853,0.0038794572465121746,0.004486716352403164
qlora-seed42,QLoRA (seed 42),QLoRA,42,fraction_0.75_step_23967,23967,0.75,1,q_proj,True,0.0012795068323612213,0.0009437318658456206,0.0010289059719070792,0.03254774585366249,0.03254774585366249,0.0047023482620716095,0.005976710468530655,0.0021381445694714785,0.0024324259720742702,0.0025221966207027435,0.0027316706255078316
qlora-seed42,QLoRA (seed 42),QLoRA,42,fraction_0.75_step_23967,23967,0.75,2,q_proj,True,0.0009661567164584994,0.0008389769354835153,0.0009502029861323535,0.03318266570568085,0.033182669430971146,0.0045654987916350365,0.00552325788885355,0.0020979526452720165,0.0025359545834362507,0.002348736161366105,0.0027619730681180954
qlora-seed42,QLoRA (seed 42),QLoRA,42,fraction_0.75_step_23967,23967,0.75,3,q_proj,True,0.00094808783615008,0.000912648974917829,0.0010060101049020886,0.03544190153479576,0.03544190526008606,0.00440638605505228,0.005348488688468933,0.001952337333932519,0.002271284582093358,0.002201529685407877,0.0024971577804535627
qlora-seed42,QLoRA (seed 42),QLoRA,42,fraction_0.75_step_23967,23967,0.75,4,q_proj,True,0.0011281147599220276,0.0010006566299125552,0.0011420537484809756,0.03745756298303604,0.03745756670832634,0.004392862319946289,0.005515656899660826,0.0018970712553709745,0.00231612054631114,0.0022188229486346245,0.0025940248742699623
qlora-seed42,QLoRA (seed 42),QLoRA,42,fraction_0.75_step_23967,23967,0.75,5,q_proj,True,0.0011802271474152803,0.0009964621858671308,0.001123593538068235,0.03696208819746971,0.03696208819746971,0.004408698063343763,0.005582043435424566,0.0019197347573935986,0.002335795434191823,0.0022404370829463005,0.0026173742953687906
qlora-seed42,QLoRA (seed 42),QLoRA,42,fraction_0.75_step_23967,23967,0.75,0,up_proj,True,0.0025000832974910736,0.0016862943302839994,0.002882631029933691,0.07070624828338623,0.07070624828338623,0.00430744793266058,0.006796569563448429,0.0011459075612947345,0.002140618162229657,0.0019062539795413613,0.003505320055410266
qlora-seed42,QLoRA (seed 42),QLoRA,42,fraction_0.75_step_23967,23967,0.75,1,up_proj,True,0.0026050431188195944,0.0018057742854580283,0.003106968943029642,0.07216757535934448,0.07216757535934448,0.004325379617512226,0.00691966712474823,0.0011851981980726123,0.002246696036309004,0.002030845731496811,0.0037576511967927217
qlora-seed42,QLoRA (seed 42),QLoRA,42,fraction_0.75_step_23967,23967,0.75,2,up_proj,True,0.0027728683780878782,0.0018886912148445845,0.003331420011818409,0.07445281744003296,0.07445281744003296,0.004291764926165342,0.007052791770547628,0.001163523062132299,0.002158851595595479,0.00206184689886868,0.0038191380444914103
qlora-seed42,QLoRA (seed 42),QLoRA,42,fraction_0.75_step_23967,23967,0.75,3,up_proj,True,0.0028277081437408924,0.0019036700250580907,0.003343743272125721,0.07520627975463867,0.07520627230405807,0.0042911251075565815,0.0071061826311051846,0.00114957126788795,0.0021712121088057756,0.0020707144867628813,0.0038612699136137962
qlora-seed42,QLoRA (seed 42),QLoRA,42,fraction_0.75_step_23967,23967,0.75,4,up_proj,True,0.002473024185746908,0.0016088507836684585,0.0028206491842865944,0.07025008648633957,0.07025008648633957,0.004333925433456898,0.0067950147204101086,0.0011368996929377317,0.0022223382256925106,0.0018470104550942779,0.0035200745332986116
qlora-seed42,QLoRA (seed 42),QLoRA,42,fraction_0.75_step_23967,23967,0.75,5,up_proj,True,0.0024655030574649572,0.00161599344573915,0.0028887707740068436,0.07009642571210861,0.07009642571210861,0.0042980327270925045,0.006752185523509979,0.0011323897633701563,0.0021980542223900557,0.0018598635215312243,0.0035507269203662872
qlora-seed42,QLoRA (seed 42),QLoRA,42,fraction_0.75_step_23967,23967,0.75,0,v_proj,True,0.003346213372424245,0.0013292829971760511,0.003791314549744129,0.07952175289392471,0.07952176034450531,0.004988955333828926,0.008322094567120075,0.0008926832815632224,0.0027039579581469297,0.00192642817273736,0.005412420257925987
qlora-seed42,QLoRA (seed 42),QLoRA,42,fraction_0.75_step_23967,23967,0.75,1,v_proj,True,0.0028577949851751328,0.0013103702804073691,0.003154426347464323,0.07221858203411102,0.07221858203411102,0.004333116579800844,0.007180146407335997,0.0008291953708976507,0.002113817259669304,0.001523833954706788,0.003766651963815093
qlora-seed42,QLoRA (seed 42),QLoRA,42,fraction_0.75_step_23967,23967,0.75,2,v_proj,True,0.0044735753908753395,0.0016544818645343184,0.004566090181469917,0.08875393867492676,0.08875393867492676,0.004309820011258125,0.00876114796847105,0.0006995155708864331,0.002149685751646757,0.001754732453264296,0.005065537989139557
qlora-seed42,QLoRA (seed 42),QLoRA,42,fraction_0.75_step_23967,23967,0.75,3,v_proj,True,0.003276839153841138,0.0015134408604353666,0.0036067587789148092,0.07704033702611923,0.07704034447669983,0.004290672019124031,0.007559299003332853,0.0008158115670084953,0.0021462617442011833,0.0015944141196087003,0.003960886038839817
qlora-seed42,QLoRA (seed 42),QLoRA,42,fraction_0.75_step_23967,23967,0.75,4,v_proj,True,0.0029458114877343178,0.0013719632988795638,0.003105473006144166,0.07012370973825455,0.07012370973825455,0.004304157570004463,0.007230944000184536,0.000888059614226222,0.0021225730888545513,0.001585699850693345,0.003676761407405138
qlora-seed42,QLoRA (seed 42),QLoRA,42,fraction_0.75_step_23967,23967,0.75,5,v_proj,True,0.004050560761243105,0.0017001917585730553,0.00433926098048687,0.08762406557798386,0.08762408047914505,0.004305975046008825,0.008332572877407074,0.0007535541080869734,0.002144720172509551,0.0017216106643900275,0.00467237364500761
qlora-seed42,QLoRA (seed 42),QLoRA,42,final_step_31956,31956,1.0,0,down_proj,True,0.002050026087090373,0.0025460170581936836,0.0023004671093076468,0.06329867988824844,0.06329867988824844,0.004314750898629427,0.006357097066938877,0.0012482025194913149,0.0014129973715171218,0.0026209328789263964,0.0026150166522711515
qlora-seed42,QLoRA (seed 42),QLoRA,42,final_step_31956,31956,1.0,1,down_proj,True,0.0013303449377417564,0.0016999226063489914,0.0018777943914756179,0.0514075793325901,0.0514075830578804,0.004331714008003473,0.005656132008880377,0.0012633560691028833,0.0012788188178092241,0.002113956492394209,0.0022274127695709467
qlora-seed42,QLoRA (seed 42),QLoRA,42,final_step_31956,31956,1.0,2,down_proj,True,0.0019430906977504492,0.0024747855495661497,0.002153358655050397,0.0621601864695549,0.0621601864695549,0.004307334776967764,0.006241321563720703,0.0011845063418149948,0.0011889712186530232,0.002450951375067234,0.0023362128995358944
qlora-seed42,QLoRA (seed 42),QLoRA,42,final_step_31956,31956,1.0,3,down_proj,True,0.002006548224017024,0.0024742111563682556,0.0022202148102223873,0.06279435753822327,0.06279435753822327,0.004318832419812679,0.006314322352409363,0.0011961252894252539,0.0012140438193455338,0.0024613081477582455,0.002423335099592805
qlora-seed42,QLoRA (seed 42),QLoRA,42,final_step_31956,31956,1.0,4,down_proj,True,0.0020815860480070114,0.0025004944764077663,0.0023024806287139654,0.06396041810512543,0.06396041810512543,0.004344412591308355,0.006415088661015034,0.0011933307396247983,0.001259102369658649,0.002572460100054741,0.0025930055417120457
qlora-seed42,QLoRA (seed 42),QLoRA,42,final_step_31956,31956,1.0,5,down_proj,True,0.0019492402207106352,0.0023279436863958836,0.0022084484808146954,0.061576034873723984,0.061576034873723984,0.004328716546297073,0.006266842596232891,0.0012075735721737146,0.0012700494844466448,0.0024346529971808195,0.002511144382879138
qlora-seed42,QLoRA (seed 42),QLoRA,42,final_step_31956,31956,1.0,0,k_proj,True,0.000979594187811017,0.0016765107866376638,0.0013443621573969722,0.033195775002241135,0.033195775002241135,0.005219758488237858,0.0061939787119627,0.004398062825202942,0.003815823933109641,0.005219664890319109,0.004267780110239983
qlora-seed42,QLoRA (seed 42),QLoRA,42,final_step_31956,31956,1.0,1,k_proj,True,0.0008938076207414269,0.0008762076031416655,0.0006674479227513075,0.02358228713274002,0.02358228713274002,0.004894426558166742,0.005781202111393213,0.003199758706614375,0.0025638954248279333,0.0035183082800358534,0.002752737607806921
qlora-seed42,QLoRA (seed 42),QLoRA,42,final_step_31956,31956,1.0,2,k_proj,True,0.0006414583185687661,0.0008602505549788475,0.0006426791078411043,0.02488972805440426,0.02488972805440426,0.00474862614646554,0.005386650562286377,0.0034918931778520346,0.0028361529111862183,0.0037070713005959988,0.0029622826259583235
qlora-seed42,QLoRA (seed 42),QLoRA,42,final_step_31956,31956,1.0,3,k_proj,True,0.0005161440931260586,0.0007758321007713675,0.0005954418447799981,0.024257319048047066,0.024257320910692215,0.004433991387486458,0.004947710782289505,0.002929451409727335,0.002254077699035406,0.003081650473177433,0.0023257145658135414
qlora-seed42,QLoRA (seed 42),QLoRA,42,final_step_31956,31956,1.0,4,k_proj,True,0.0005537354736588895,0.0008312556892633438,0.0006327139562927186,0.02546483464539051,0.02546483464539051,0.004474352113902569,0.005021647084504366,0.002844663569703698,0.0022666226141154766,0.0030010100454092026,0.0023454935289919376
qlora-seed42,QLoRA (seed 42),QLoRA,42,final_step_31956,31956,1.0,5,k_proj,True,0.0006318124360404909,0.000913598109036684,0.0007213478675112128,0.02651471458375454,0.02651471458375454,0.004442457575351,0.00506965909153223,0.0031254657078534365,0.002616027370095253,0.0033255768939852715,0.002722768811509013
qlora-seed42,QLoRA (seed 42),QLoRA,42,final_step_31956,31956,1.0,0,q_proj,True,0.0016883260104805231,0.001919279806315899,0.0023626950569450855,0.04277762398123741,0.04277762770652771,0.005027363076806068,0.00670804176479578,0.0028130982536822557,0.003470277413725853,0.0038775410503149033,0.004484287928789854
qlora-seed42,QLoRA (seed 42),QLoRA,42,final_step_31956,31956,1.0,1,q_proj,True,0.001280084834434092,0.00094495655503124,0.0010303164599463344,0.03255538269877434,0.03255538269877434,0.0047023482620716095,0.005977239925414324,0.0021381445694714785,0.0024324259720742702,0.002523183822631836,0.002732279244810343
qlora-seed42,QLoRA (seed 42),QLoRA,42,final_step_31956,31956,1.0,2,q_proj,True,0.0009662772063165903,0.0008391769952140749,0.0009504362242296338,0.0331881120800972,0.0331881120800972,0.0045654987916350365,0.005523386877030134,0.0020979526452720165,0.0025359545834362507,0.0023479012306779623,0.0027613171841949224
qlora-seed42,QLoRA (seed 42),QLoRA,42,final_step_31956,31956,1.0,3,q_proj,True,0.0009486799826845527,0.0009130165562964976,0.001006214413791895,0.03545413538813591,0.03545413911342621,0.00440638605505228,0.005349121056497097,0.001952337333932519,0.002271284582093358,0.0022025564685463905,0.002497418550774455
qlora-seed42,QLoRA (seed 42),QLoRA,42,final_step_31956,31956,1.0,4,q_proj,True,0.0011296627344563603,0.001002283301204443,0.0011430412996560335,0.03747408092021942,0.03747408092021942,0.004392862319946289,0.005517087411135435,0.0018970712553709745,0.00231612054631114,0.002219591988250613,0.0025948272086679935
qlora-seed42,QLoRA (seed 42),QLoRA,42,final_step_31956,31956,1.0,5,q_proj,True,0.0011813645251095295,0.000996988732367754,0.0011247029760852456,0.03697894513607025,0.03697894513607025,0.004408698063343763,0.005583193618804216,0.0019197347573935986,0.002335795434191823,0.002240801462903619,0.0026178539264947176
qlora-seed42,QLoRA (seed 42),QLoRA,42,final_step_31956,31956,1.0,0,up_proj,True,0.00250254082493484,0.0016873817658051848,0.002884258981794119,0.0707409456372261,0.0707409530878067,0.00430744793266058,0.00679903756827116,0.0011459075612947345,0.002140618162229657,0.0019071124261245131,0.003507039276883006
qlora-seed42,QLoRA (seed 42),QLoRA,42,final_step_31956,31956,1.0,1,up_proj,True,0.002607696456834674,0.0018083354225382209,0.003110804595053196,0.07220415771007538,0.07220415771007538,0.004325379617512226,0.006922331638634205,0.0011851981980726123,0.002246696036309004,0.0020325821824371815,0.003760317340493202
qlora-seed42,QLoRA (seed 42),QLoRA,42,final_step_31956,31956,1.0,2,up_proj,True,0.0027743286918848753,0.0018899597926065326,0.0033331559970974922,0.0744730606675148,0.0744730606675148,0.004291764926165342,0.007054241839796305,0.001163523062132299,0.002158851595595479,0.002062646672129631,0.0038207252509891987
qlora-seed42,QLoRA (seed 42),QLoRA,42,final_step_31956,31956,1.0,3,up_proj,True,0.0028285535518079996,0.0019043342908844352,0.0033446913585066795,0.07521751523017883,0.07521751523017883,0.0042911251075565815,0.007106998469680548,0.00114957126788795,0.0021712121088057756,0.0020710730459541082,0.003861641278490424
qlora-seed42,QLoRA (seed 42),QLoRA,42,final_step_31956,31956,1.0,4,up_proj,True,0.002474544569849968,0.0016095691826194525,0.0028221155516803265,0.07027292996644974,0.07027292996644974,0.004333925433456898,0.006796426605433226,0.0011368996929377317,0.0022223382256925106,0.0018474152311682701,0.003520891536027193
qlora-seed42,QLoRA (seed 42),QLoRA,42,final_step_31956,31956,1.0,5,up_proj,True,0.0024653340224176645,0.0016157433856278658,0.0028881763573735952,0.0700935646891594,0.0700935572385788,0.0042980327270925045,0.006751971784979105,0.0011323897633701563,0.0021980542223900557,0.0018595169531181455,0.0035500286612659693
qlora-seed42,QLoRA (seed 42),QLoRA,42,final_step_31956,31956,1.0,0,v_proj,True,0.0033456003293395042,0.0013299636775627732,0.0037907820660620928,0.07950444519519806,0.07950444519519806,0.004988955333828926,0.008320942521095276,0.0008926832815632224,0.0027039579581469297,0.0019261500565335155,0.005411810241639614
qlora-seed42,QLoRA (seed 42),QLoRA,42,final_step_31956,31956,1.0,1,v_proj,True,0.002860710024833679,0.001312502077780664,0.0031558480113744736,0.0722583755850792,0.0722583755850792,0.004333116579800844,0.00718310009688139,0.0008291953708976507,0.002113817259669304,0.0015243177767843008,0.0037668414879590273
qlora-seed42,QLoRA (seed 42),QLoRA,42,final_step_31956,31956,1.0,2,v_proj,True,0.004477595444768667,0.0016559800133109093,0.004569065757095814,0.08879386633634567,0.08879385888576508,0.004309820011258125,0.008764976635575294,0.0006995155708864331,0.002149685751646757,0.0017556492239236832,0.0050686937756836414
qlora-seed42,QLoRA (seed 42),QLoRA,42,final_step_31956,31956,1.0,3,v_proj,True,0.003273545764386654,0.0015128620434552431,0.0036052146460860968,0.0769973173737526,0.0769973173737526,0.004290672019124031,0.007556137628853321,0.0008158115670084953,0.0021462617442011833,0.0015931969974189997,0.0039581600576639175
qlora-seed42,QLoRA (seed 42),QLoRA,42,final_step_31956,31956,1.0,4,v_proj,True,0.0029449444264173508,0.0013702369760721922,0.003103574737906456,0.0701134130358696,0.0701134130358696,0.004304157570004463,0.007230097893625498,0.000888059614226222,0.0021225730888545513,0.0015848762122914195,0.0036765707191079855
qlora-seed42,QLoRA (seed 42),QLoRA,42,final_step_31956,31956,1.0,5,v_proj,True,0.004052494652569294,0.0017020374070852995,0.004340011160820723,0.0876503586769104,0.0876503586769104,0.004305975046008825,0.008334964513778687,0.0007535541080869734,0.002144720172509551,0.0017225455958396196,0.004672459326684475
qlora-seed43,QLoRA (seed 43),QLoRA,43,fraction_0.25_step_7989,7989,0.25,0,down_proj,True,0.0017391724977642298,0.0021806983277201653,0.002040479565039277,0.05822920799255371,0.05822920799255371,0.004314750898629427,0.006046001799404621,0.0012482025194913149,0.0014129973715171218,0.0023507855366915464,0.0024067999329417944
qlora-seed43,QLoRA (seed 43),QLoRA,43,fraction_0.25_step_7989,7989,0.25,1,down_proj,True,0.0011091119376942515,0.001418727682903409,0.001706455135717988,0.046828340739011765,0.04682834446430206,0.004331714008003473,0.005436828825622797,0.0012633560691028833,0.0012788188178092241,0.0019565338734537363,0.002115105977281928
qlora-seed43,QLoRA (seed 43),QLoRA,43,fraction_0.25_step_7989,7989,0.25,2,down_proj,True,0.0015602943021804094,0.0019996531773358583,0.001783672720193863,0.05566956475377083,0.05566956847906113,0.004307334776967764,0.0058594755828380585,0.0011845063418149948,0.0011889712186530232,0.002080571139231324,0.0020251900423318148
qlora-seed43,QLoRA (seed 43),QLoRA,43,fraction_0.25_step_7989,7989,0.25,3,down_proj,True,0.0016357682179659605,0.0020202132873237133,0.0018339601811021566,0.05674659460783005,0.05674659460783005,0.004318832419812679,0.005945616401731968,0.0011961252894252539,0.0012140438193455338,0.0021066581830382347,0.0020817886106669903
qlora-seed43,QLoRA (seed 43),QLoRA,43,fraction_0.25_step_7989,7989,0.25,4,down_proj,True,0.0016933623701334,0.002043152926489711,0.0019232840277254581,0.05773003399372101,0.05773003399372101,0.004344412591308355,0.006028932984918356,0.0011933307396247983,0.001259102369658649,0.002189085353165865,0.0022532427683472633
qlora-seed43,QLoRA (seed 43),QLoRA,43,fraction_0.25_step_7989,7989,0.25,5,down_proj,True,0.0015989012317731977,0.0019048170652240515,0.0019881005864590406,0.05575115233659744,0.05575115233659744,0.004328716546297073,0.005918602459132671,0.0012075735721737146,0.0012700494844466448,0.0021501658484339714,0.0023274433333426714
qlora-seed43,QLoRA (seed 43),QLoRA,43,fraction_0.25_step_7989,7989,0.25,0,k_proj,True,0.0007912968867458403,0.0015189734986051917,0.0012863280717283487,0.0306773129850626,0.0306773129850626,0.005219758488237858,0.006011483259499073,0.004398062825202942,0.003815823933109641,0.005106138065457344,0.004205150064080954
qlora-seed43,QLoRA (seed 43),QLoRA,43,fraction_0.25_step_7989,7989,0.25,1,k_proj,True,0.0006471101078204811,0.0006971118273213506,0.0005506158340722322,0.020463261753320694,0.020463263615965843,0.004894426558166742,0.005537595599889755,0.003199758706614375,0.0025638954248279333,0.0034176656045019627,0.0026815247256308794
qlora-seed43,QLoRA (seed 43),QLoRA,43,fraction_0.25_step_7989,7989,0.25,2,k_proj,True,0.0004431531415320933,0.00068388826912269,0.0005122103611938655,0.021784434095025063,0.021784435957670212,0.00474862614646554,0.005188488867133856,0.0034918931778520346,0.0028361529111862183,0.00363508565351367,0.0029307890217751265
qlora-seed43,QLoRA (seed 43),QLoRA,43,fraction_0.25_step_7989,7989,0.25,3,k_proj,True,0.00035363517235964537,0.0006441017612814903,0.0004971452290192246,0.020682403817772865,0.020682407543063164,0.004433991387486458,0.004785698838531971,0.002929451409727335,0.002254077699035406,0.00304613308981061,0.002326490357518196
qlora-seed43,QLoRA (seed 43),QLoRA,43,fraction_0.25_step_7989,7989,0.25,4,k_proj,True,0.00037179409991949797,0.0006206693360581994,0.00048364943359047174,0.02169078215956688,0.02169078402221203,0.004474352113902569,0.004845113027840853,0.002844663569703698,0.0022666226141154766,0.0029512131586670876,0.002323776949197054
qlora-seed43,QLoRA (seed 43),QLoRA,43,fraction_0.25_step_7989,7989,0.25,5,k_proj,True,0.0005737932515330613,0.000853502657264471,0.000698584015481174,0.025551797822117805,0.025551797822117805,0.004442457575351,0.005013222806155682,0.0031254657078534365,0.002616027370095253,0.003275693627074361,0.0027002848219126463
qlora-seed43,QLoRA (seed 43),QLoRA,43,fraction_0.25_step_7989,7989,0.25,0,q_proj,True,0.0014503991696983576,0.0019755938556045294,0.0024285258259624243,0.04002884402871132,0.04002884402871132,0.005027363076806068,0.00647487910464406,0.0028130982536822557,0.003470277413725853,0.0038688466884195805,0.004506836179643869
qlora-seed43,QLoRA (seed 43),QLoRA,43,fraction_0.25_step_7989,7989,0.25,1,q_proj,True,0.0009851050563156605,0.0007941463263705373,0.000886914727743715,0.029525266960263252,0.0295252688229084,0.0047023482620716095,0.005685579031705856,0.0021381445694714785,0.0024324259720742702,0.0024116013664752245,0.0026515801437199116
qlora-seed43,QLoRA (seed 43),QLoRA,43,fraction_0.25_step_7989,7989,0.25,2,q_proj,True,0.0008252630359493196,0.0007584266713820398,0.0008809358696453273,0.03120238706469536,0.031202388927340508,0.0045654987916350365,0.005387092474848032,0.0020979526452720165,0.0025359545834362507,0.0023034370969980955,0.002720075659453869
qlora-seed43,QLoRA (seed 43),QLoRA,43,fraction_0.25_step_7989,7989,0.25,3,q_proj,True,0.0007361733005382121,0.0007372692925855517,0.0008267282973974943,0.0317155085504055,0.0317155122756958,0.00440638605505228,0.005139088723808527,0.001952337333932519,0.002271284582093358,0.0021141567267477512,0.002414603717625141
qlora-seed43,QLoRA (seed 43),QLoRA,43,fraction_0.25_step_7989,7989,0.25,4,q_proj,True,0.0008666429203003645,0.0008106754394248128,0.0009549848036840558,0.033120594918727875,0.03312059864401817,0.004392862319946289,0.005253578536212444,0.0018970712553709745,0.00231612054631114,0.0021165302023291588,0.00250547518953681
qlora-seed43,QLoRA (seed 43),QLoRA,43,fraction_0.25_step_7989,7989,0.25,5,q_proj,True,0.0009446648182347417,0.000803714501671493,0.0009317193762399256,0.0330030731856823,0.033003076910972595,0.004408698063343763,0.00534755177795887,0.0019197347573935986,0.002335795434191823,0.0021504596807062626,0.0025402174796909094
qlora-seed43,QLoRA (seed 43),QLoRA,43,fraction_0.25_step_7989,7989,0.25,0,up_proj,True,0.002121764002367854,0.0014424771070480347,0.0024996476713567972,0.06508027017116547,0.06508026272058487,0.00430744793266058,0.006419014185667038,0.0011459075612947345,0.002140618162229657,0.0017422741511836648,0.003219510428607464
qlora-seed43,QLoRA (seed 43),QLoRA,43,fraction_0.25_step_7989,7989,0.25,1,up_proj,True,0.002170401392504573,0.0014962841523811221,0.002648888388648629,0.06585048139095306,0.06585047394037247,0.004325379617512226,0.006486754398792982,0.0011851981980726123,0.002246696036309004,0.0018147105583921075,0.003407108597457409
qlora-seed43,QLoRA (seed 43),QLoRA,43,fraction_0.25_step_7989,7989,0.25,2,up_proj,True,0.0021197092719376087,0.0014544392470270395,0.0025504184886813164,0.06503482162952423,0.06503482162952423,0.004291764926165342,0.006402731407433748,0.001163523062132299,0.002158851595595479,0.0017339041223749518,0.003217308549210429
qlora-seed43,QLoRA (seed 43),QLoRA,43,fraction_0.25_step_7989,7989,0.25,3,up_proj,True,0.0023386478424072266,0.0015664029633626342,0.002883756998926401,0.06838412582874298,0.06838412582874298,0.0042911251075565815,0.006619836203753948,0.00114957126788795,0.0021712121088057756,0.0018431637436151505,0.0034996538888663054
qlora-seed43,QLoRA (seed 43),QLoRA,43,fraction_0.25_step_7989,7989,0.25,4,up_proj,True,0.0019929788541048765,0.0013024827931076288,0.0023730697575956583,0.0630100890994072,0.0630100890994072,0.004333925433456898,0.006318580824881792,0.0011368996929377317,0.0022223382256925106,0.0016539751086384058,0.0032035524491220713
qlora-seed43,QLoRA (seed 43),QLoRA,43,fraction_0.25_step_7989,7989,0.25,5,up_proj,True,0.001951322192326188,0.0012758440570905805,0.002326391637325287,0.062268491834402084,0.062268491834402084,0.0042980327270925045,0.006239958107471466,0.0011323897633701563,0.0021980542223900557,0.0016150922747328877,0.003107717027887702
qlora-seed43,QLoRA (seed 43),QLoRA,43,fraction_0.25_step_7989,7989,0.25,0,v_proj,True,0.0029219682328402996,0.0011560553684830666,0.003401954425498843,0.07433664053678513,0.07433664053678513,0.004988955333828926,0.007901715114712715,0.0008926832815632224,0.0027039579581469297,0.0017604470485821366,0.005061532836407423
qlora-seed43,QLoRA (seed 43),QLoRA,43,fraction_0.25_step_7989,7989,0.25,1,v_proj,True,0.0025097031611949205,0.0011906626168638468,0.0030022067949175835,0.06779918074607849,0.06779918819665909,0.004333116579800844,0.006824114825576544,0.0008291953708976507,0.002113817259669304,0.001443768385797739,0.003664775053039193
qlora-seed43,QLoRA (seed 43),QLoRA,43,fraction_0.25_step_7989,7989,0.25,2,v_proj,True,0.00384747632779181,0.0014356623869389296,0.004088330548256636,0.08188915252685547,0.08188915252685547,0.004309820011258125,0.008132663555443287,0.0006995155708864331,0.002149685751646757,0.0015701977536082268,0.004596799146384001
qlora-seed43,QLoRA (seed 43),QLoRA,43,fraction_0.25_step_7989,7989,0.25,3,v_proj,True,0.002656601369380951,0.0012665813555940986,0.003052404383197427,0.06960084289312363,0.06960084289312363,0.004290672019124031,0.006934229750186205,0.0008158115670084953,0.0021462617442011833,0.0013938997872173786,0.0035154439974576235
qlora-seed43,QLoRA (seed 43),QLoRA,43,fraction_0.25_step_7989,7989,0.25,4,v_proj,True,0.002563395071774721,0.0012148651294410229,0.0028453113045543432,0.06615552306175232,0.06615552306175232,0.004304157570004463,0.006859291810542345,0.000888059614226222,0.0021225730888545513,0.0014615271938964725,0.003471501637250185
qlora-seed43,QLoRA (seed 43),QLoRA,43,fraction_0.25_step_7989,7989,0.25,5,v_proj,True,0.0028975564055144787,0.0012136612785980105,0.0033050382044166327,0.07416922599077225,0.07416922599077225,0.004305975046008825,0.007189651019871235,0.0007535541080869734,0.002144720172509551,0.0013476726599037647,0.003806859953328967
qlora-seed43,QLoRA (seed 43),QLoRA,43,fraction_0.5_step_15978,15978,0.5,0,down_proj,True,0.0020735643338412046,0.0025885235518217087,0.0023365195374935865,0.06365164369344711,0.06365164369344711,0.004314750898629427,0.006379247643053532,0.0012482025194913149,0.0014129973715171218,0.002665260573849082,0.0026540954131633043
qlora-seed43,QLoRA (seed 43),QLoRA,43,fraction_0.5_step_15978,15978,0.5,1,down_proj,True,0.0013521552318707108,0.0017203381285071373,0.0019480002811178565,0.051789481192827225,0.05178948864340782,0.004331714008003473,0.005678271874785423,0.0012633560691028833,0.0012788188178092241,0.0021408640313893557,0.0023011034354567528
qlora-seed43,QLoRA (seed 43),QLoRA,43,fraction_0.5_step_15978,15978,0.5,2,down_proj,True,0.0019195608329027891,0.002458482049405575,0.002139198826625943,0.06177137419581413,0.061771366745233536,0.004307334776967764,0.006216973531991243,0.0011845063418149948,0.0011889712186530232,0.002444314770400524,0.0023272426333278418
qlora-seed43,QLoRA (seed 43),QLoRA,43,fraction_0.5_step_15978,15978,0.5,3,down_proj,True,0.0020135571248829365,0.0024907737970352173,0.0022050202824175358,0.06293061375617981,0.06293061375617981,0.004318832419812679,0.006322214845567942,0.0011961252894252539,0.0012140438193455338,0.002475264947861433,0.0023997987154871225
qlora-seed43,QLoRA (seed 43),QLoRA,43,fraction_0.5_step_15978,15978,0.5,4,down_proj,True,0.002108332235366106,0.002545373048633337,0.002328833332285285,0.06445038318634033,0.06445038318634033,0.004344412591308355,0.006441276520490646,0.0011933307396247983,0.001259102369658649,0.0025998689234256744,0.0026012950111180544
qlora-seed43,QLoRA (seed 43),QLoRA,43,fraction_0.5_step_15978,15978,0.5,5,down_proj,True,0.002015533158555627,0.0024033221416175365,0.00236539077013731,0.06260806322097778,0.06260807067155838,0.004328716546297073,0.006332797929644585,0.0012075735721737146,0.0012700494844466448,0.0025182280223816633,0.00264862272888422
qlora-seed43,QLoRA (seed 43),QLoRA,43,fraction_0.5_step_15978,15978,0.5,0,k_proj,True,0.0009547985391691327,0.001725828624330461,0.0014176410622894764,0.033147089183330536,0.033147089183330536,0.005219758488237858,0.006173292174935341,0.004398062825202942,0.003815823933109641,0.005266929045319557,0.004304811358451843
qlora-seed43,QLoRA (seed 43),QLoRA,43,fraction_0.5_step_15978,15978,0.5,1,k_proj,True,0.0008244030177593231,0.0008416487835347652,0.0006474586552940309,0.02261747047305107,0.02261747047305107,0.004894426558166742,0.005711538717150688,0.003199758706614375,0.0025638954248279333,0.00348080787807703,0.0027214211877435446
qlora-seed43,QLoRA (seed 43),QLoRA,43,fraction_0.5_step_15978,15978,0.5,2,k_proj,True,0.0005401465459726751,0.0007888620020821691,0.0005891523323953152,0.023683927953243256,0.023683927953243256,0.00474862614646554,0.00528294313699007,0.0034918931778520346,0.0028361529111862183,0.003683381248265505,0.0029625960160046816
qlora-seed43,QLoRA (seed 43),QLoRA,43,fraction_0.5_step_15978,15978,0.5,3,k_proj,True,0.0004915897152386606,0.0007800777675583959,0.0005891985492780805,0.023595277220010757,0.023595277220010757,0.004433991387486458,0.00492218229919672,0.002929451409727335,0.002254077699035406,0.0030853678472340107,0.0023466029670089483
qlora-seed43,QLoRA (seed 43),QLoRA,43,fraction_0.5_step_15978,15978,0.5,4,k_proj,True,0.0005108292098157108,0.0007669124752283096,0.0005873562186025083,0.024618132039904594,0.024618133902549744,0.004474352113902569,0.004985031671822071,0.002844663569703698,0.0022666226141154766,0.0030074017122387886,0.002348494715988636
qlora-seed43,QLoRA (seed 43),QLoRA,43,fraction_0.5_step_15978,15978,0.5,5,k_proj,True,0.0007012560963630676,0.0009609271073713899,0.0007670453051105142,0.02780534140765667,0.02780534327030182,0.004442457575351,0.005139735992997885,0.0031254657078534365,0.002616027370095253,0.00332681555300951,0.002723749028518796
qlora-seed43,QLoRA (seed 43),QLoRA,43,fraction_0.5_step_15978,15978,0.5,0,q_proj,True,0.0015906929038465023,0.0019982517696917057,0.002425215905532241,0.042028170078992844,0.04202817752957344,0.005027363076806068,0.006613361649215221,0.0028130982536822557,0.003470277413725853,0.00389991351403296,0.004514428321272135
qlora-seed43,QLoRA (seed 43),QLoRA,43,fraction_0.5_step_15978,15978,0.5,1,q_proj,True,0.0013041538186371326,0.0009675158653408289,0.0010478915646672249,0.032788872718811035,0.032788876444101334,0.0047023482620716095,0.006003187038004398,0.0021381445694714785,0.0024324259720742702,0.0025246357545256615,0.00273752654902637
qlora-seed43,QLoRA (seed 43),QLoRA,43,fraction_0.5_step_15978,15978,0.5,2,q_proj,True,0.0009813468204811215,0.000876353878993541,0.0010018037864938378,0.033758338540792465,0.033758338540792465,0.0045654987916350365,0.005541730672121048,0.0020979526452720165,0.0025359545834362507,0.002363125327974558,0.0027681298088282347
qlora-seed43,QLoRA (seed 43),QLoRA,43,fraction_0.5_step_15978,15978,0.5,3,q_proj,True,0.0009418690460734069,0.0009047489147633314,0.0009974242420867085,0.03544551506638527,0.03544551506638527,0.00440638605505228,0.0053434232249855995,0.001952337333932519,0.002271284582093358,0.0021888476330786943,0.0024811564944684505
qlora-seed43,QLoRA (seed 43),QLoRA,43,fraction_0.5_step_15978,15978,0.5,4,q_proj,True,0.0010596973588690162,0.0009512745309621096,0.0010917970212176442,0.03631418198347092,0.036314185708761215,0.004392862319946289,0.005445495247840881,0.0018970712553709745,0.00231612054631114,0.002188716782256961,0.0025707215536385775
qlora-seed43,QLoRA (seed 43),QLoRA,43,fraction_0.5_step_15978,15978,0.5,5,q_proj,True,0.0011729458346962929,0.0009758779779076576,0.001105619827285409,0.036649420857429504,0.0366494245827198,0.004408698063343763,0.005574081093072891,0.0019197347573935986,0.002335795434191823,0.002235350664705038,0.0026164392475038767
qlora-seed43,QLoRA (seed 43),QLoRA,43,fraction_0.5_step_15978,15978,0.5,0,up_proj,True,0.0025525696109980345,0.001725953770801425,0.0029417583718895912,0.071445032954216,0.071445032954216,0.00430744793266058,0.0068472702987492085,0.0011459075612947345,0.002140618162229657,0.0019473031861707568,0.003561881138011813
qlora-seed43,QLoRA (seed 43),QLoRA,43,fraction_0.5_step_15978,15978,0.5,1,up_proj,True,0.0026179752312600613,0.0018000429263338447,0.0031048760283738375,0.0723455473780632,0.0723455473780632,0.004325379617512226,0.00693231588229537,0.0011851981980726123,0.002246696036309004,0.0020277751609683037,0.0037569652777165174
qlora-seed43,QLoRA (seed 43),QLoRA,43,fraction_0.5_step_15978,15978,0.5,2,up_proj,True,0.0025566460099071264,0.0017442678799852729,0.0029783567879348993,0.07147213816642761,0.07147213816642761,0.004291764926165342,0.006838444620370865,0.001163523062132299,0.002158851595595479,0.001928709214553237,0.0035382965579628944
qlora-seed43,QLoRA (seed 43),QLoRA,43,fraction_0.5_step_15978,15978,0.5,3,up_proj,True,0.0028146931435912848,0.001878627692349255,0.003345839213579893,0.07503362745046616,0.07503362745046616,0.0042911251075565815,0.007093071937561035,0.00114957126788795,0.0021712121088057756,0.0020626771729439497,0.003874359652400017
qlora-seed43,QLoRA (seed 43),QLoRA,43,fraction_0.5_step_15978,15978,0.5,4,up_proj,True,0.0024624390061944723,0.0015983404591679573,0.002826850861310959,0.07009882479906082,0.07009881734848022,0.004333925433456898,0.006786116398870945,0.0011368996929377317,0.0022223382256925106,0.0018506671767681837,0.0035408767871558666
qlora-seed43,QLoRA (seed 43),QLoRA,43,fraction_0.5_step_15978,15978,0.5,5,up_proj,True,0.0024055473040789366,0.0015640008496120572,0.0027638208121061325,0.06922294199466705,0.06922293454408646,0.0042980327270925045,0.006691373884677887,0.0011323897633701563,0.0021980542223900557,0.0018069950165227056,0.003430367447435856
qlora-seed43,QLoRA (seed 43),QLoRA,43,fraction_0.5_step_15978,15978,0.5,0,v_proj,True,0.003368763020262122,0.0013422610936686397,0.003863382386043668,0.07969019562005997,0.07969020307064056,0.004988955333828926,0.008343258872628212,0.0008926832815632224,0.0027039579581469297,0.0019396136049181223,0.005492995958775282
qlora-seed43,QLoRA (seed 43),QLoRA,43,fraction_0.5_step_15978,15978,0.5,1,v_proj,True,0.002878916449844837,0.0013479655608534813,0.0032694677356630564,0.0725320354104042,0.0725320354104042,0.004333116579800844,0.007189786061644554,0.0008291953708976507,0.002113817259669304,0.001564036589115858,0.0038916287012398243
qlora-seed43,QLoRA (seed 43),QLoRA,43,fraction_0.5_step_15978,15978,0.5,2,v_proj,True,0.004592993762344122,0.001702801906503737,0.0046959202736616135,0.08950353413820267,0.08950353413820267,0.004309820011258125,0.008875592611730099,0.0006995155708864331,0.002149685751646757,0.0018007905455306172,0.005132707767188549
qlora-seed43,QLoRA (seed 43),QLoRA,43,fraction_0.5_step_15978,15978,0.5,3,v_proj,True,0.0032628937624394894,0.0015699414070695639,0.0036882320418953896,0.07709839195013046,0.07709839195013046,0.004290672019124031,0.007534226402640343,0.0008158115670084953,0.0021462617442011833,0.0016375891864299774,0.004058826249092817
qlora-seed43,QLoRA (seed 43),QLoRA,43,fraction_0.5_step_15978,15978,0.5,4,v_proj,True,0.0031206097919493914,0.0014668896328657866,0.0033106368500739336,0.07253150641918182,0.07253150641918182,0.004304157570004463,0.007414615713059902,0.000888059614226222,0.0021225730888545513,0.0016459838952869177,0.0038567937444895506
qlora-seed43,QLoRA (seed 43),QLoRA,43,fraction_0.5_step_15978,15978,0.5,5,v_proj,True,0.0036047413013875484,0.0015078241704031825,0.0039925710298120975,0.0826430395245552,0.0826430395245552,0.004305975046008825,0.007891853339970112,0.0007535541080869734,0.002144720172509551,0.001579580013640225,0.004378259647637606
qlora-seed43,QLoRA (seed 43),QLoRA,43,fraction_0.75_step_23967,23967,0.75,0,down_proj,True,0.002107903826981783,0.002634985838085413,0.002370076719671488,0.06418423354625702,0.06418423354625702,0.004314750898629427,0.0064132679253816605,0.0012482025194913149,0.0014129973715171218,0.0027072029188275337,0.002682308666408062
qlora-seed43,QLoRA (seed 43),QLoRA,43,fraction_0.75_step_23967,23967,0.75,1,down_proj,True,0.0013711105566471815,0.001745274057611823,0.001958729699254036,0.052166856825351715,0.05216686427593231,0.004331714008003473,0.005697036627680063,0.0012633560691028833,0.0012788188178092241,0.002152342814952135,0.002303861314430833
qlora-seed43,QLoRA (seed 43),QLoRA,43,fraction_0.75_step_23967,23967,0.75,2,down_proj,True,0.0019485579105094075,0.002489795908331871,0.002158688148483634,0.0622425340116024,0.0622425340116024,0.004307334776967764,0.006245632190257311,0.0011845063418149948,0.0011889712186530232,0.002471405314281583,0.0023444865364581347
qlora-seed43,QLoRA (seed 43),QLoRA,43,fraction_0.75_step_23967,23967,0.75,3,down_proj,True,0.002046290086582303,0.002530238823965192,0.0022334670647978783,0.06344431638717651,0.06344431638717651,0.004318832419812679,0.006354832090437412,0.0011961252894252539,0.0012140438193455338,0.002503913827240467,0.002420965349301696
qlora-seed43,QLoRA (seed 43),QLoRA,43,fraction_0.75_step_23967,23967,0.75,4,down_proj,True,0.0021326267160475254,0.0025773528032004833,0.0023505755234509706,0.0648188367486,0.0648188367486,0.004344412591308355,0.006465565413236618,0.0011933307396247983,0.001259102369658649,0.0026257799472659826,0.0026212111115455627
qlora-seed43,QLoRA (seed 43),QLoRA,43,fraction_0.75_step_23967,23967,0.75,5,down_proj,True,0.0020271330140531063,0.0024168777745217085,0.002359525766223669,0.06278287619352341,0.06278287619352341,0.004328716546297073,0.006344331428408623,0.0012075735721737146,0.0012700494844466448,0.0025240583345294,0.0026417968329042196
qlora-seed43,QLoRA (seed 43),QLoRA,43,fraction_0.75_step_23967,23967,0.75,0,k_proj,True,0.0009625601815059781,0.0017367798136547208,0.0014308384852483869,0.03327757492661476,0.03327757492661476,0.005219758488237858,0.006181666161864996,0.004398062825202942,0.003815823933109641,0.005277530290186405,0.004310616757720709
qlora-seed43,QLoRA (seed 43),QLoRA,43,fraction_0.75_step_23967,23967,0.75,1,k_proj,True,0.0009066234342753887,0.0008762019569985569,0.0006751997279934585,0.023085227236151695,0.023085229098796844,0.004894426558166742,0.005793327931314707,0.003199758706614375,0.0025638954248279333,0.003502599196508527,0.0027305271942168474
qlora-seed43,QLoRA (seed 43),QLoRA,43,fraction_0.75_step_23967,23967,0.75,2,k_proj,True,0.0005504259024746716,0.0007879359181970358,0.0005869592423550785,0.02387070469558239,0.02387070655822754,0.00474862614646554,0.005293119233101606,0.0034918931778520346,0.0028361529111862183,0.003681429196149111,0.0029590053018182516
qlora-seed43,QLoRA (seed 43),QLoRA,43,fraction_0.75_step_23967,23967,0.75,3,k_proj,True,0.0005141723668202758,0.0008173260139301419,0.0006207324913702905,0.02400214597582817,0.02400214597582817,0.004433991387486458,0.004944987129420042,0.002929451409727335,0.002254077699035406,0.0031004464253783226,0.0023555592633783817
qlora-seed43,QLoRA (seed 43),QLoRA,43,fraction_0.75_step_23967,23967,0.75,4,k_proj,True,0.0005401840317063034,0.0007872784044593573,0.0006022201268933713,0.025039484724402428,0.025039488449692726,0.004474352113902569,0.005014138761907816,0.002844663569703698,0.0022666226141154766,0.003012873698025942,0.002349894493818283
qlora-seed43,QLoRA (seed 43),QLoRA,43,fraction_0.75_step_23967,23967,0.75,5,k_proj,True,0.0007155245402827859,0.0009761850233189762,0.0007763337926007807,0.028093615546822548,0.028093621134757996,0.004442457575351,0.00515414634719491,0.0031254657078534365,0.002616027370095253,0.0033385171554982662,0.00273065990768373
qlora-seed43,QLoRA (seed 43),QLoRA,43,fraction_0.75_step_23967,23967,0.75,0,q_proj,True,0.0016150008887052536,0.0019764190074056387,0.0023904445115476847,0.04226842150092125,0.04226842150092125,0.005027363076806068,0.006637264508754015,0.0028130982536822557,0.003470277413725853,0.0038941861130297184,0.004499174654483795
qlora-seed43,QLoRA (seed 43),QLoRA,43,fraction_0.75_step_23967,23967,0.75,1,q_proj,True,0.0013595784548670053,0.0009951337706297636,0.0010730786016210914,0.033273082226514816,0.033273085951805115,0.0047023482620716095,0.006057859864085913,0.0021381445694714785,0.0024324259720742702,0.00254347687587142,0.002753281267359853
qlora-seed43,QLoRA (seed 43),QLoRA,43,fraction_0.75_step_23967,23967,0.75,2,q_proj,True,0.0010041542118415236,0.0008933590142987669,0.0010201294207945466,0.03410119190812111,0.03410119190812111,0.0045654987916350365,0.005563958082348108,0.0020979526452720165,0.0025359545834362507,0.0023718299344182014,0.0027751459274441004
qlora-seed43,QLoRA (seed 43),QLoRA,43,fraction_0.75_step_23967,23967,0.75,3,q_proj,True,0.0009628972038626671,0.0009205377427861094,0.001012337044812739,0.035799790173769,0.035799793899059296,0.00440638605505228,0.0053644198924303055,0.001952337333932519,0.002271284582093358,0.002195226028561592,0.0024872268550097942
qlora-seed43,QLoRA (seed 43),QLoRA,43,fraction_0.75_step_23967,23967,0.75,4,q_proj,True,0.0010874457657337189,0.0009683093521744013,0.0011074937647208571,0.03669781982898712,0.03669781982898712,0.004392862319946289,0.005473155528306961,0.0018970712553709745,0.00231612054631114,0.0021951976232230663,0.0025762540753930807
qlora-seed43,QLoRA (seed 43),QLoRA,43,fraction_0.75_step_23967,23967,0.75,5,q_proj,True,0.0012096991995349526,0.0010033752769231796,0.0011342783691361547,0.03717499598860741,0.037174999713897705,0.004408698063343763,0.005610514897853136,0.0019197347573935986,0.002335795434191823,0.002252146601676941,0.0026315997820347548
qlora-seed43,QLoRA (seed 43),QLoRA,43,fraction_0.75_step_23967,23967,0.75,0,up_proj,True,0.002611342817544937,0.0017652433598414063,0.003001681063324213,0.0722561851143837,0.0722561851143837,0.00430744793266058,0.00690556550398469,0.0011459075612947345,0.002140618162229657,0.0019773892126977444,0.0036093993112444878
qlora-seed43,QLoRA (seed 43),QLoRA,43,fraction_0.75_step_23967,23967,0.75,1,up_proj,True,0.0026662906166166067,0.001832445152103901,0.0031491871923208237,0.07300976663827896,0.07300976663827896,0.004325379617512226,0.006980661768466234,0.0011851981980726123,0.002246696036309004,0.002051913645118475,0.0037905273493379354
qlora-seed43,QLoRA (seed 43),QLoRA,43,fraction_0.75_step_23967,23967,0.75,2,up_proj,True,0.002597808837890625,0.0017738492460921407,0.003017155919224024,0.07204098254442215,0.07204098254442215,0.004291764926165342,0.006879263091832399,0.001163523062132299,0.002158851595595479,0.0019478907343000174,0.0035686553455889225
qlora-seed43,QLoRA (seed 43),QLoRA,43,fraction_0.75_step_23967,23967,0.75,3,up_proj,True,0.002855129074305296,0.0019044766668230295,0.003375413129106164,0.07557284086942673,0.07557284086942673,0.0042911251075565815,0.007133780512958765,0.00114957126788795,0.0021712121088057756,0.0020808554254472256,0.0038984748534858227
qlora-seed43,QLoRA (seed 43),QLoRA,43,fraction_0.75_step_23967,23967,0.75,4,up_proj,True,0.0025144810788333416,0.0016341520240530372,0.002880705753341317,0.07084427773952484,0.07084427028894424,0.004333925433456898,0.006837595719844103,0.0011368996929377317,0.0022223382256925106,0.0018748899456113577,0.0035834473092108965
qlora-seed43,QLoRA (seed 43),QLoRA,43,fraction_0.75_step_23967,23967,0.75,5,up_proj,True,0.002447794657200575,0.0015911392401903868,0.002802763832733035,0.06983675062656403,0.06983675062656403,0.0042980327270925045,0.006733482237905264,0.0011323897633701563,0.0021980542223900557,0.0018236470641568303,0.0034589299466460943
qlora-seed43,QLoRA (seed 43),QLoRA,43,fraction_0.75_step_23967,23967,0.75,0,v_proj,True,0.003433897392824292,0.0013671135529875755,0.003898640163242817,0.0804666206240654,0.0804666206240654,0.004988955333828926,0.008408460766077042,0.0008926832815632224,0.0027039579581469297,0.0019601560197770596,0.005525506101548672
qlora-seed43,QLoRA (seed 43),QLoRA,43,fraction_0.75_step_23967,23967,0.75,1,v_proj,True,0.0029284870252013206,0.0013843874912708998,0.003341257805004716,0.0731155201792717,0.0731155276298523,0.004333116579800844,0.007239089347422123,0.0008291953708976507,0.002113817259669304,0.0015927029307931662,0.0039522056467831135
qlora-seed43,QLoRA (seed 43),QLoRA,43,fraction_0.75_step_23967,23967,0.75,2,v_proj,True,0.004651305265724659,0.0017230584053322673,0.004736229777336121,0.09010953456163406,0.09010953456163406,0.004309820011258125,0.008934248238801956,0.0006995155708864331,0.002149685751646757,0.001817678683437407,0.005174070131033659
qlora-seed43,QLoRA (seed 43),QLoRA,43,fraction_0.75_step_23967,23967,0.75,3,v_proj,True,0.0033158953301608562,0.001593791414052248,0.003730589058250189,0.07774133235216141,0.07774133235216141,0.004290672019124031,0.007589506451040506,0.0008158115670084953,0.0021462617442011833,0.0016577905043959618,0.004095748532563448
qlora-seed43,QLoRA (seed 43),QLoRA,43,fraction_0.75_step_23967,23967,0.75,4,v_proj,True,0.0031846356578171253,0.001494853524491191,0.003362317569553852,0.07319088280200958,0.07319088280200958,0.004304157570004463,0.0074777500703930855,0.000888059614226222,0.0021225730888545513,0.001675096107646823,0.0039046963211148977
qlora-seed43,QLoRA (seed 43),QLoRA,43,fraction_0.75_step_23967,23967,0.75,5,v_proj,True,0.0036820664536207914,0.0015410780906677246,0.004069940652698278,0.08347783982753754,0.08347782492637634,0.004305975046008825,0.007968572899699211,0.0007535541080869734,0.002144720172509551,0.0016053589060902596,0.004450844135135412
qlora-seed43,QLoRA (seed 43),QLoRA,43,final_step_31956,31956,1.0,0,down_proj,True,0.002106939209625125,0.0026326370425522327,0.002367498353123665,0.06416872888803482,0.06416872143745422,0.004314750898629427,0.006412317045032978,0.0012482025194913149,0.0014129973715171218,0.002704836428165436,0.0026800581254065037
qlora-seed43,QLoRA (seed 43),QLoRA,43,final_step_31956,31956,1.0,1,down_proj,True,0.0013646044535562396,0.0017372907605022192,0.0019504756201058626,0.05204379931092262,0.05204379931092262,0.004331714008003473,0.005690640304237604,0.0012633560691028833,0.0012788188178092241,0.002146556507796049,0.0022967709228396416
qlora-seed43,QLoRA (seed 43),QLoRA,43,final_step_31956,31956,1.0,2,down_proj,True,0.0019484555814415216,0.002489890670403838,0.0021582467015832663,0.06224162504076958,0.06224162504076958,0.004307334776967764,0.0062455604784190655,0.0011845063418149948,0.0011889712186530232,0.002471265848726034,0.002343582222238183
qlora-seed43,QLoRA (seed 43),QLoRA,43,final_step_31956,31956,1.0,3,down_proj,True,0.002045213710516691,0.0025286225136369467,0.0022320481948554516,0.06342552602291107,0.06342551857233047,0.004318832419812679,0.006353809032589197,0.0011961252894252539,0.0012140438193455338,0.002502390183508396,0.0024196631275117397
qlora-seed43,QLoRA (seed 43),QLoRA,43,final_step_31956,31956,1.0,4,down_proj,True,0.002131332643330097,0.002575630322098732,0.0023488227743655443,0.0647968128323555,0.0647968128323555,0.004344412591308355,0.006464309059083462,0.0011933307396247983,0.001259102369658649,0.002624223940074444,0.0026198632549494505
qlora-seed43,QLoRA (seed 43),QLoRA,43,final_step_31956,31956,1.0,5,down_proj,True,0.0020232978276908398,0.002411390421912074,0.0023532125633209944,0.06272028386592865,0.06272027641534805,0.004328716546297073,0.0063405586406588554,0.0012075735721737146,0.0012700494844466448,0.0025189730804413557,0.0026361742056906223
qlora-seed43,QLoRA (seed 43),QLoRA,43,final_step_31956,31956,1.0,0,k_proj,True,0.0009633156005293131,0.0017359066987410188,0.0014285608194768429,0.033270806074142456,0.033270806074142456,0.005219758488237858,0.006182289682328701,0.004398062825202942,0.003815823933109641,0.005276386626064777,0.00430958392098546
qlora-seed43,QLoRA (seed 43),QLoRA,43,final_step_31956,31956,1.0,1,k_proj,True,0.0009157391032204032,0.000879905535839498,0.0006771135376766324,0.023138146847486496,0.023138146847486496,0.004894426558166742,0.005802239291369915,0.003199758706614375,0.0025638954248279333,0.003505794331431389,0.002732102759182453
qlora-seed43,QLoRA (seed 43),QLoRA,43,final_step_31956,31956,1.0,2,k_proj,True,0.0005513285286724567,0.0007881247438490391,0.0005878607626073062,0.02388397604227066,0.02388397604227066,0.00474862614646554,0.005294060334563255,0.0034918931778520346,0.0028361529111862183,0.003681827336549759,0.002959904260933399
qlora-seed43,QLoRA (seed 43),QLoRA,43,final_step_31956,31956,1.0,3,k_proj,True,0.0005149389035068452,0.0008190048392862082,0.0006223696400411427,0.024017030373215675,0.024017032235860825,0.004433991387486458,0.004945840686559677,0.002929451409727335,0.002254077699035406,0.003100414527580142,0.002355915028601885
qlora-seed43,QLoRA (seed 43),QLoRA,43,final_step_31956,31956,1.0,4,k_proj,True,0.0005408971337601542,0.000788200122769922,0.000603028922341764,0.02505601942539215,0.02505602315068245,0.004474352113902569,0.0050147902220487595,0.002844663569703698,0.0022666226141154766,0.0030146290082484484,0.002350711263716221
qlora-seed43,QLoRA (seed 43),QLoRA,43,final_step_31956,31956,1.0,5,k_proj,True,0.0007150225574150681,0.0009755644714459777,0.0007757117273285985,0.02808166667819023,0.02808166667819023,0.004442457575351,0.00515357218682766,0.0031254657078534365,0.002616027370095253,0.0033391157630831003,0.0027306119445711374
qlora-seed43,QLoRA (seed 43),QLoRA,43,final_step_31956,31956,1.0,0,q_proj,True,0.00161258305888623,0.0019764145836234093,0.002389820758253336,0.042250797152519226,0.042250797152519226,0.005027363076806068,0.006634811870753765,0.0028130982536822557,0.003470277413725853,0.003894937690347433,0.004498882684856653
qlora-seed43,QLoRA (seed 43),QLoRA,43,final_step_31956,31956,1.0,1,q_proj,True,0.0013596520293504,0.0009936474962159991,0.0010732802329584956,0.033267542719841,0.0332675464451313,0.0047023482620716095,0.006057870574295521,0.0021381445694714785,0.0024324259720742702,0.0025439185556024313,0.0027538854628801346
qlora-seed43,QLoRA (seed 43),QLoRA,43,final_step_31956,31956,1.0,2,q_proj,True,0.0010052032303065062,0.000893437652848661,0.0010204423451796174,0.034113142639398575,0.034113142639398575,0.0045654987916350365,0.0055649359710514545,0.0020979526452720165,0.0025359545834362507,0.0023719309829175472,0.0027751182205975056
qlora-seed43,QLoRA (seed 43),QLoRA,43,final_step_31956,31956,1.0,3,q_proj,True,0.0009633625741116703,0.0009203709778375924,0.0010124545078724623,0.03580944612622261,0.03580944612622261,0.00440638605505228,0.00536492932587862,0.001952337333932519,0.002271284582093358,0.0021950998343527317,0.002487103221938014
qlora-seed43,QLoRA (seed 43),QLoRA,43,final_step_31956,31956,1.0,4,q_proj,True,0.0010883822105824947,0.0009692232706584036,0.0011085900478065014,0.03670516982674599,0.03670516982674599,0.004392862319946289,0.0054741897620260715,0.0018970712553709745,0.00231612054631114,0.0021962595637887716,0.0025773353409022093
qlora-seed43,QLoRA (seed 43),QLoRA,43,final_step_31956,31956,1.0,5,q_proj,True,0.001210490008816123,0.001003393903374672,0.0011344427475705743,0.037183430045843124,0.037183430045843124,0.004408698063343763,0.0056112948805093765,0.0019197347573935986,0.002335795434191823,0.002252499107271433,0.0026315334253013134
qlora-seed43,QLoRA (seed 43),QLoRA,43,final_step_31956,31956,1.0,0,up_proj,True,0.002613907912746072,0.001766597735695541,0.0030038789846003056,0.0722915381193161,0.0722915381193161,0.00430744793266058,0.006908148527145386,0.0011459075612947345,0.002140618162229657,0.001978402491658926,0.0036112379748374224
qlora-seed43,QLoRA (seed 43),QLoRA,43,final_step_31956,31956,1.0,1,up_proj,True,0.002667702967301011,0.0018327210564166307,0.0031501867342740297,0.07302841544151306,0.07302841544151306,0.004325379617512226,0.006982003338634968,0.0011851981980726123,0.002246696036309004,0.002052418189123273,0.0037914300337433815
qlora-seed43,QLoRA (seed 43),QLoRA,43,final_step_31956,31956,1.0,2,up_proj,True,0.0025987064000219107,0.0017742147902026772,0.003017714247107506,0.07205304503440857,0.07205303758382797,0.004291764926165342,0.006880196277052164,0.001163523062132299,0.002158851595595479,0.0019482277566567063,0.0035691088996827602
qlora-seed43,QLoRA (seed 43),QLoRA,43,final_step_31956,31956,1.0,3,up_proj,True,0.002854364225640893,0.001903420896269381,0.0033733812160789967,0.07556338608264923,0.07556338608264923,0.0042911251075565815,0.007133036386221647,0.00114957126788795,0.0021712121088057756,0.002079922007396817,0.0038968354929238558
qlora-seed43,QLoRA (seed 43),QLoRA,43,final_step_31956,31956,1.0,4,up_proj,True,0.002516028704121709,0.0016348641365766525,0.0028817825950682163,0.07086718082427979,0.07086718082427979,0.004333925433456898,0.006839146371930838,0.0011368996929377317,0.0022223382256925106,0.0018753387266770005,0.003584502963349223
qlora-seed43,QLoRA (seed 43),QLoRA,43,final_step_31956,31956,1.0,5,up_proj,True,0.0024493399541825056,0.001591649604961276,0.0028037952724844217,0.06986001133918762,0.06986001133918762,0.0042980327270925045,0.0067350310273468494,0.0011323897633701563,0.0021980542223900557,0.0018239617347717285,0.003459759522229433
qlora-seed43,QLoRA (seed 43),QLoRA,43,final_step_31956,31956,1.0,0,v_proj,True,0.0034322869032621384,0.0013672900386154652,0.003900433424860239,0.08043933659791946,0.08043934404850006,0.004988955333828926,0.008406762033700943,0.0008926832815632224,0.0027039579581469297,0.0019600915256887674,0.005525175482034683
qlora-seed43,QLoRA (seed 43),QLoRA,43,final_step_31956,31956,1.0,1,v_proj,True,0.0029278204310685396,0.001382975373417139,0.0033398005180060863,0.07310178875923157,0.07310178875923157,0.004333116579800844,0.00723818177357316,0.0008291953708976507,0.002113817259669304,0.0015914515824988484,0.003949728794395924
qlora-seed43,QLoRA (seed 43),QLoRA,43,final_step_31956,31956,1.0,2,v_proj,True,0.004650846589356661,0.0017228625947609544,0.004737374372780323,0.09012218564748764,0.09012218564748764,0.004309820011258125,0.008933626115322113,0.0006995155708864331,0.002149685751646757,0.0018168339738622308,0.005175082478672266
qlora-seed43,QLoRA (seed 43),QLoRA,43,final_step_31956,31956,1.0,3,v_proj,True,0.003315095091238618,0.001592785818502307,0.0037292647175490856,0.07772991061210632,0.07772991061210632,0.004290672019124031,0.007588604930788279,0.0008158115670084953,0.0021462617442011833,0.0016558462521061301,0.0040947142988443375
qlora-seed43,QLoRA (seed 43),QLoRA,43,final_step_31956,31956,1.0,4,v_proj,True,0.003180809086188674,0.0014921990223228931,0.0033560709562152624,0.07314278930425644,0.07314278930425644,0.004304157570004463,0.007473981007933617,0.000888059614226222,0.0021225730888545513,0.0016730286879464984,0.003897261107340455
qlora-seed43,QLoRA (seed 43),QLoRA,43,final_step_31956,31956,1.0,5,v_proj,True,0.003680084366351366,0.0015406858874484897,0.004065260756760836,0.08346325904130936,0.08346325904130936,0.004305975046008825,0.007966766133904457,0.0007535541080869734,0.002144720172509551,0.001604746445082128,0.004445331636816263
